2026-09-20 08:00:00 INFO inventory-service Inventory reserved
2026-09-20 08:00:01 INFO auth-service Logout successful
2026-09-20 08:00:02 WARNING redis-service Cache set
2026-09-20 08:00:03 WARNING search-service Search query executed
2026-09-20 08:00:04 level=INFO service=worker-service component=worker-service request_id=req-551283 trace_id=trace-58397003 user_id=user-4330 status_code=200 latency_ms=292 message="Worker heartbeat OK"
2026-09-20 08:00:05 WARNING redis-service Key expired normally
2026-09-20 08:00:06 INFO notification-service SMS delivered
2026-09-20 08:00:07 INFO payment-service Payment request received
2026-09-20 08:00:08 level=INFO service=user-service component=user-service request_id=req-568732 trace_id=trace-16260337 user_id=user-5029 status_code=200 latency_ms=25 message="Profile cache warmed"
2026-09-20 08:00:09 INFO database-service Query executed successfully
2026-09-20 08:00:10 INFO redis-service Cache warmed
2026-09-20 08:00:11 level=INFO service=scheduler-service component=scheduler-service request_id=req-622935 trace_id=trace-14714118 user_id=user-9435 status_code=200 latency_ms=33 message="Cron tick processed"
2026-09-20 08:00:12 INFO user-service User created
2026-09-20 08:00:13 INFO worker-service Job completed successfully
2026-09-20 08:00:14 INFO order-service Order status updated
2026-09-20 08:00:15 level=INFO service=auth-service component=auth-service request_id=req-937228 trace_id=trace-48439562 user_id=user-5407 status_code=200 latency_ms=258 message="Token refreshed"
2026-09-20 08:00:16 INFO monitoring-service Health probe OK
2026-09-20 08:00:17 INFO notification-service Push notification sent
2026-09-20 08:00:18 level=INFO service=payment-service component=payment-service request_id=req-568449 trace_id=trace-88648797 user_id=user-5447 status_code=200 latency_ms=67 message="Payment gateway responded 200"
2026-09-20 08:00:19 level=INFO service=database-service component=database-service request_id=req-303246 trace_id=trace-51249306 user_id=user-6469 status_code=200 latency_ms=35 message="Transaction committed"
2026-09-20 08:00:20 level=INFO service=monitoring-service component=monitoring-service request_id=req-288273 trace_id=trace-63311538 user_id=user-4698 status_code=200 latency_ms=238 message="Metrics scraped"
2026-09-20 08:00:21 INFO api-gateway TLS handshake completed
2026-09-20 08:00:22 INFO order-service Order shipped
2026-09-20 08:00:23 INFO user-service User profile fetched
2026-09-20 08:00:24 INFO database-service Transaction committed
2026-09-20 08:00:25 INFO api-gateway Health check OK
2026-09-20 08:00:26 INFO notification-service Email queued
2026-09-20 08:00:27 INFO order-service Order status updated
2026-09-20 08:00:28 level=INFO service=auth-service component=auth-service request_id=req-164853 trace_id=trace-58071544 user_id=user-4439 status_code=200 latency_ms=27 message="Logout successful"
2026-09-20 08:00:29 INFO notification-service Push notification sent
2026-09-20 08:00:30 INFO user-service Profile cache warmed
2026-09-20 08:00:31 level=WARNING service=user-service component=user-service request_id=req-831016 trace_id=trace-63720221 user_id=user-3610 status_code=200 latency_ms=196 message="User preferences updated"
2026-09-20 08:00:32 level=INFO service=monitoring-service component=monitoring-service request_id=req-924729 trace_id=trace-39409268 user_id=user-9147 status_code=200 latency_ms=86 message="Alert evaluated: no action"
2026-09-20 08:00:33 INFO worker-service Job completed successfully
2026-09-20 08:00:34 INFO user-service User preferences updated
2026-09-20 08:00:35 INFO scheduler-service Cron tick processed
2026-09-20 08:00:36 DEBUG api-gateway TLS handshake completed
2026-09-20 08:00:37 INFO auth-service Token refreshed
2026-09-20 08:00:38 level=INFO service=api-gateway component=api-gateway request_id=req-300369 trace_id=trace-41302468 user_id=user-4221 status_code=200 latency_ms=116 message="Incoming request accepted"
2026-09-20 08:00:39 INFO worker-service Worker heartbeat OK
2026-09-20 08:00:40 INFO monitoring-service Alert evaluated: no action
2026-09-20 08:00:41 level=INFO service=notification-service component=notification-service request_id=req-674016 trace_id=trace-94011824 user_id=user-1207 status_code=200 latency_ms=264 message="Email queued"
2026-09-20 08:00:42 level=INFO service=order-service component=order-service request_id=req-939853 trace_id=trace-96129879 user_id=user-7089 status_code=200 latency_ms=283 message="Order status updated"
2026-09-20 08:00:43 level=INFO service=monitoring-service component=monitoring-service request_id=req-699121 trace_id=trace-98412586 user_id=user-7318 status_code=200 latency_ms=230 message="Alert evaluated: no action"
2026-09-20 08:00:44 DEBUG redis-service Cache warmed
2026-09-20 08:00:45 INFO scheduler-service Scheduled job completed
2026-09-20 08:00:46 INFO scheduler-service Scheduled job completed
2026-09-20 08:00:47 INFO scheduler-service Scheduled job started
2026-09-20 08:00:48 level=INFO service=worker-service component=worker-service request_id=req-847937 trace_id=trace-29524598 user_id=user-8377 status_code=200 latency_ms=120 message="Job completed successfully"
2026-09-20 08:00:49 INFO user-service Profile cache warmed
2026-09-20 08:00:50 INFO inventory-service Inventory reserved
2026-09-20 08:00:51 level=INFO service=auth-service component=auth-service request_id=req-331681 trace_id=trace-90964194 user_id=user-8484 status_code=200 latency_ms=34 message="Logout successful"
2026-09-20 08:00:52 INFO search-service Index refreshed
2026-09-20 08:00:53 INFO worker-service Job picked up
2026-09-20 08:00:54 level=INFO service=payment-service component=payment-service request_id=req-722710 trace_id=trace-78425434 user_id=user-7129 status_code=200 latency_ms=63 message="Payment request received"
2026-09-20 08:00:55 INFO monitoring-service Alert evaluated: no action
2026-09-20 08:00:56 INFO inventory-service Stock level checked
2026-09-20 08:00:57 level=DEBUG service=scheduler-service component=scheduler-service request_id=req-555503 trace_id=trace-97154338 user_id=user-9585 status_code=200 latency_ms=238 message="Scheduled job completed"
2026-09-20 08:00:58 INFO notification-service Email queued
2026-09-20 08:00:59 INFO database-service Transaction committed
2026-09-20 08:01:00 INFO database-service Transaction committed
2026-09-20 08:01:01 level=INFO service=search-service component=search-service request_id=req-859335 trace_id=trace-92629508 user_id=user-2458 status_code=200 latency_ms=198 message="Index refreshed"
2026-09-20 08:01:02 DEBUG scheduler-service Cron tick processed
2026-09-20 08:01:03 INFO order-service Order status updated
2026-09-20 08:01:04 INFO auth-service Token refreshed
2026-09-20 08:01:05 INFO notification-service SMS delivered
2026-09-20 08:01:06 level=INFO service=user-service component=user-service request_id=req-744965 trace_id=trace-55206796 user_id=user-5735 status_code=200 latency_ms=146 message="Profile cache warmed"
2026-09-20 08:01:07 INFO api-gateway Response sent
2026-09-20 08:01:08 INFO monitoring-service Health probe OK
2026-09-20 08:01:09 level=INFO service=monitoring-service component=monitoring-service request_id=req-161035 trace_id=trace-78927204 user_id=user-9037 status_code=200 latency_ms=255 message="Health probe OK"
2026-09-20 08:01:10 DEBUG user-service User preferences updated
2026-09-20 08:01:11 DEBUG payment-service Payment authorized
2026-09-20 08:01:12 INFO database-service Index scan completed
2026-09-20 08:01:13 INFO user-service User preferences updated
2026-09-20 08:01:14 level=INFO service=notification-service component=notification-service request_id=req-278270 trace_id=trace-37448209 user_id=user-5670 status_code=200 latency_ms=110 message="Push notification sent"
2026-09-20 08:01:15 INFO redis-service Cache set
2026-09-20 08:01:16 level=INFO service=payment-service component=payment-service request_id=req-708447 trace_id=trace-26621842 user_id=user-1546 status_code=200 latency_ms=64 message="Refund processed successfully"
2026-09-20 08:01:17 DEBUG search-service Query results returned
2026-09-20 08:01:18 level=INFO service=notification-service component=notification-service request_id=req-317970 trace_id=trace-30703342 user_id=user-7772 status_code=200 latency_ms=241 message="SMS delivered"
2026-09-20 08:01:19 INFO order-service Order status updated
2026-09-20 08:01:20 INFO redis-service Cache set
2026-09-20 08:01:21 INFO redis-service Key expired normally
2026-09-20 08:01:22 INFO order-service Order status updated
2026-09-20 08:01:23 level=INFO service=monitoring-service component=monitoring-service request_id=req-619725 trace_id=trace-22982543 user_id=user-7796 status_code=200 latency_ms=116 message="Alert evaluated: no action"
2026-09-20 08:01:24 INFO order-service Order shipped
2026-09-20 08:01:25 INFO redis-service Key expired normally
2026-09-20 08:01:26 INFO database-service Transaction committed
2026-09-20 08:01:27 INFO search-service Index refreshed
2026-09-20 08:01:28 INFO monitoring-service Metrics scraped
2026-09-20 08:01:29 INFO monitoring-service Metrics scraped
2026-09-20 08:01:30 INFO monitoring-service Alert evaluated: no action
2026-09-20 08:01:31 INFO redis-service Cache hit
2026-09-20 08:01:32 INFO notification-service Email queued
2026-09-20 08:01:33 INFO database-service Transaction committed
2026-09-20 08:01:34 INFO database-service Connection acquired from pool
2026-09-20 08:01:35 INFO order-service Order shipped
2026-09-20 08:01:36 INFO search-service Query results returned
2026-09-20 08:01:37 level=INFO service=user-service component=user-service request_id=req-160563 trace_id=trace-30105410 user_id=user-4927 status_code=200 latency_ms=180 message="Profile cache warmed"
2026-09-20 08:01:38 INFO api-gateway Response sent
2026-09-20 08:01:39 INFO worker-service Job completed successfully
2026-09-20 08:01:40 INFO worker-service Job picked up
2026-09-20 08:01:41 INFO user-service Profile cache warmed
2026-09-20 08:01:42 WARNING auth-service Token issued
2026-09-20 08:01:43 INFO worker-service Job picked up
2026-09-20 08:01:44 INFO redis-service Cache hit
2026-09-20 08:01:45 INFO api-gateway Rate limit check passed
2026-09-20 08:01:46 INFO order-service Order created
2026-09-20 08:01:47 INFO search-service Search query executed
2026-09-20 08:01:48 INFO order-service Order status updated
2026-09-20 08:01:49 INFO search-service Query results returned
2026-09-20 08:01:50 level=INFO service=notification-service component=notification-service request_id=req-146430 trace_id=trace-41908888 user_id=user-7636 status_code=200 latency_ms=188 message="Email queued"
2026-09-20 08:01:51 INFO scheduler-service Scheduled job completed
2026-09-20 08:01:52 INFO notification-service SMS delivered
2026-09-20 08:01:53 level=INFO service=payment-service component=payment-service request_id=req-228579 trace_id=trace-52125035 user_id=user-9538 status_code=200 latency_ms=169 message="Payment request received"
2026-09-20 08:01:54 INFO search-service Search query executed
2026-09-20 08:01:55 level=INFO service=redis-service component=redis-service request_id=req-640671 trace_id=trace-52116897 user_id=user-6171 status_code=200 latency_ms=129 message="Cache warmed"
2026-09-20 08:01:56 level=DEBUG service=scheduler-service component=scheduler-service request_id=req-923556 trace_id=trace-74682252 user_id=user-4162 status_code=200 latency_ms=188 message="Scheduled job started"
2026-09-20 08:01:57 INFO monitoring-service Metrics scraped
2026-09-20 08:01:58 INFO api-gateway Rate limit check passed
2026-09-20 08:01:59 INFO database-service Query executed successfully
2026-09-20 08:02:00 INFO redis-service Cache hit
2026-09-20 08:02:01 level=INFO service=search-service component=search-service request_id=req-755855 trace_id=trace-60154111 user_id=user-1592 status_code=200 latency_ms=220 message="Query results returned"
2026-09-20 08:02:02 level=INFO service=inventory-service component=inventory-service request_id=req-973793 trace_id=trace-87361531 user_id=user-7746 status_code=200 latency_ms=128 message="Inventory released"
2026-09-20 08:02:03 INFO redis-service Cache warmed
2026-09-20 08:02:04 INFO database-service Query executed successfully
2026-09-20 08:02:05 INFO worker-service Job picked up
2026-09-20 08:02:06 level=INFO service=user-service component=user-service request_id=req-729316 trace_id=trace-66715640 user_id=user-2371 status_code=200 latency_ms=66 message="User created"
2026-09-20 08:02:07 level=WARNING service=auth-service component=auth-service request_id=req-177831 trace_id=trace-36133972 user_id=user-5578 status_code=200 latency_ms=86 message="Token issued"
2026-09-20 08:02:08 level=INFO service=search-service component=search-service request_id=req-143357 trace_id=trace-99352139 user_id=user-1854 status_code=200 latency_ms=150 message="Search query executed"
2026-09-20 08:02:09 INFO user-service User profile fetched
2026-09-20 08:02:10 INFO database-service Transaction committed
2026-09-20 08:02:11 level=INFO service=scheduler-service component=scheduler-service request_id=req-211376 trace_id=trace-19166168 user_id=user-3970 status_code=200 latency_ms=219 message="Cron tick processed"
2026-09-20 08:02:12 level=INFO service=notification-service component=notification-service request_id=req-781224 trace_id=trace-40810037 user_id=user-1975 status_code=200 latency_ms=31 message="SMS delivered"
2026-09-20 08:02:13 INFO notification-service Push notification sent
2026-09-20 08:02:14 level=INFO service=notification-service component=notification-service request_id=req-223605 trace_id=trace-84405920 user_id=user-8071 status_code=200 latency_ms=71 message="SMS delivered"
2026-09-20 08:02:15 INFO api-gateway Request routed successfully
2026-09-20 08:02:16 INFO payment-service Payment authorized
2026-09-20 08:02:17 INFO scheduler-service Scheduled job started
2026-09-20 08:02:18 level=INFO service=search-service component=search-service request_id=req-440311 trace_id=trace-57939516 user_id=user-9322 status_code=200 latency_ms=108 message="Search query executed"
2026-09-20 08:02:19 INFO monitoring-service Alert evaluated: no action
2026-09-20 08:02:20 level=INFO service=api-gateway component=api-gateway request_id=req-955631 trace_id=trace-98952793 user_id=user-6584 status_code=200 latency_ms=160 message="Health check OK"
2026-09-20 08:02:21 INFO search-service Query results returned
2026-09-20 08:02:22 INFO scheduler-service Scheduled job started
2026-09-20 08:02:23 level=INFO service=search-service component=search-service request_id=req-674171 trace_id=trace-16496443 user_id=user-5721 status_code=200 latency_ms=222 message="Query results returned"
2026-09-20 08:02:24 level=DEBUG service=inventory-service component=inventory-service request_id=req-891186 trace_id=trace-16570385 user_id=user-4557 status_code=200 latency_ms=87 message="Stock level checked"
2026-09-20 08:02:25 level=INFO service=monitoring-service component=monitoring-service request_id=req-913667 trace_id=trace-23853768 user_id=user-1218 status_code=200 latency_ms=155 message="Alert evaluated: no action"
2026-09-20 08:02:26 INFO order-service Order status updated
2026-09-20 08:02:27 INFO redis-service Cache warmed
2026-09-20 08:02:28 DEBUG order-service Order confirmed
2026-09-20 08:02:29 INFO search-service Index refreshed
2026-09-20 08:02:30 level=DEBUG service=inventory-service component=inventory-service request_id=req-968886 trace_id=trace-77310493 user_id=user-1569 status_code=200 latency_ms=185 message="Inventory reserved"
2026-09-20 08:02:31 INFO notification-service SMS delivered
2026-09-20 08:02:32 INFO order-service Order status updated
2026-09-20 08:02:33 INFO user-service User created
2026-09-20 08:02:34 INFO api-gateway Health check OK
2026-09-20 08:02:35 INFO order-service Order confirmed
2026-09-20 08:02:36 DEBUG worker-service Worker heartbeat OK
2026-09-20 08:02:37 level=INFO service=worker-service component=worker-service request_id=req-807246 trace_id=trace-94168038 user_id=user-9743 status_code=200 latency_ms=112 message="Job completed successfully"
2026-09-20 08:02:38 INFO order-service Order status updated
2026-09-20 08:02:39 level=INFO service=search-service component=search-service request_id=req-998294 trace_id=trace-48344807 user_id=user-9116 status_code=200 latency_ms=215 message="Search query executed"
2026-09-20 08:02:40 level=INFO service=auth-service component=auth-service request_id=req-804953 trace_id=trace-60375248 user_id=user-9499 status_code=200 latency_ms=165 message="Session created"
2026-09-20 08:02:41 level=INFO service=inventory-service component=inventory-service request_id=req-235766 trace_id=trace-91705083 user_id=user-8307 status_code=200 latency_ms=213 message="Stock level checked"
2026-09-20 08:02:42 INFO notification-service Push notification sent
2026-09-20 08:02:43 INFO monitoring-service Health probe OK
2026-09-20 08:02:44 INFO monitoring-service Alert evaluated: no action
2026-09-20 08:02:45 INFO order-service Order status updated
2026-09-20 08:02:46 INFO search-service Query results returned
2026-09-20 08:02:47 DEBUG worker-service Job completed successfully
2026-09-20 08:02:48 INFO auth-service Session created
2026-09-20 08:02:49 DEBUG order-service Order created
2026-09-20 08:02:50 level=WARNING service=database-service component=database-service request_id=req-437944 trace_id=trace-29858736 user_id=user-5481 status_code=200 latency_ms=90 message="Connection acquired from pool"
2026-09-20 08:02:51 level=WARNING service=auth-service component=auth-service request_id=req-971515 trace_id=trace-14542798 user_id=user-1011 status_code=200 latency_ms=214 message="Token refreshed"
2026-09-20 08:02:52 INFO redis-service Key expired normally
2026-09-20 08:02:53 INFO payment-service Payment request received
2026-09-20 08:02:54 level=INFO service=api-gateway component=api-gateway request_id=req-867715 trace_id=trace-40556252 user_id=user-6414 status_code=200 latency_ms=199 message="Health check OK"
2026-09-20 08:02:55 INFO user-service User preferences updated
2026-09-20 08:02:56 level=INFO service=redis-service component=redis-service request_id=req-402152 trace_id=trace-99104686 user_id=user-3447 status_code=200 latency_ms=132 message="Cache warmed"
2026-09-20 08:02:57 level=INFO service=user-service component=user-service request_id=req-254019 trace_id=trace-87665387 user_id=user-5437 status_code=200 latency_ms=58 message="User profile fetched"
2026-09-20 08:02:58 INFO order-service Order confirmed
2026-09-20 08:02:59 INFO monitoring-service Alert evaluated: no action
2026-09-20 08:03:00 INFO payment-service Payment request received
2026-09-20 08:03:01 INFO redis-service Cache warmed
2026-09-20 08:03:02 INFO order-service Order confirmed
2026-09-20 08:03:03 INFO worker-service Job completed successfully
2026-09-20 08:03:04 level=INFO service=redis-service component=redis-service request_id=req-201364 trace_id=trace-25402457 user_id=user-7997 status_code=200 latency_ms=91 message="Key expired normally"
2026-09-20 08:03:05 level=INFO service=redis-service component=redis-service request_id=req-184735 trace_id=trace-77410619 user_id=user-2786 status_code=200 latency_ms=279 message="Cache hit"
2026-09-20 08:03:06 DEBUG worker-service Job picked up
2026-09-20 08:03:07 level=INFO service=search-service component=search-service request_id=req-460504 trace_id=trace-72164834 user_id=user-9508 status_code=200 latency_ms=224 message="Index refreshed"
2026-09-20 08:03:08 INFO monitoring-service Health probe OK
2026-09-20 08:03:09 INFO worker-service Worker heartbeat OK
2026-09-20 08:03:10 INFO order-service Order shipped
2026-09-20 08:03:11 INFO notification-service SMS delivered
2026-09-20 08:03:12 level=WARNING service=redis-service component=redis-service request_id=req-963989 trace_id=trace-94082879 user_id=user-3442 status_code=200 latency_ms=267 message="Cache set"
2026-09-20 08:03:13 level=INFO service=inventory-service component=inventory-service request_id=req-312440 trace_id=trace-53880552 user_id=user-2912 status_code=200 latency_ms=179 message="Inventory released"
2026-09-20 08:03:14 INFO payment-service Payment gateway responded 200
2026-09-20 08:03:15 INFO monitoring-service Metrics scraped
2026-09-20 08:03:16 level=INFO service=user-service component=user-service request_id=req-295756 trace_id=trace-78556323 user_id=user-8728 status_code=200 latency_ms=284 message="User created"
2026-09-20 08:03:17 DEBUG auth-service Token refreshed
2026-09-20 08:03:18 INFO database-service Index scan completed
2026-09-20 08:03:19 INFO redis-service Cache warmed
2026-09-20 08:03:20 INFO scheduler-service Cron tick processed
2026-09-20 08:03:21 INFO scheduler-service Scheduled job started
2026-09-20 08:03:22 INFO inventory-service Inventory released
2026-09-20 08:03:23 INFO user-service Profile cache warmed
2026-09-20 08:03:24 INFO search-service Index refreshed
2026-09-20 08:03:25 level=INFO service=scheduler-service component=scheduler-service request_id=req-604118 trace_id=trace-49665936 user_id=user-2346 status_code=200 latency_ms=32 message="Scheduled job started"
2026-09-20 08:03:26 level=INFO service=order-service component=order-service request_id=req-115964 trace_id=trace-62034833 user_id=user-2337 status_code=200 latency_ms=77 message="Order shipped"
2026-09-20 08:03:27 level=INFO service=order-service component=order-service request_id=req-420750 trace_id=trace-57315402 user_id=user-8558 status_code=200 latency_ms=210 message="Order shipped"
2026-09-20 08:03:28 level=INFO service=order-service component=order-service request_id=req-201381 trace_id=trace-26439239 user_id=user-6937 status_code=200 latency_ms=260 message="Order confirmed"
2026-09-20 08:03:29 INFO user-service User preferences updated
2026-09-20 08:03:30 level=INFO service=monitoring-service component=monitoring-service request_id=req-982901 trace_id=trace-92579351 user_id=user-8657 status_code=200 latency_ms=236 message="Health probe OK"
2026-09-20 08:03:31 INFO api-gateway Request routed successfully
2026-09-20 08:03:32 INFO monitoring-service Metrics scraped
2026-09-20 08:03:33 INFO search-service Index refreshed
2026-09-20 08:03:34 INFO redis-service Cache warmed
2026-09-20 08:03:35 level=INFO service=scheduler-service component=scheduler-service request_id=req-636593 trace_id=trace-64152948 user_id=user-1879 status_code=200 latency_ms=258 message="Cron tick processed"
2026-09-20 08:03:36 level=WARNING service=scheduler-service component=scheduler-service request_id=req-623387 trace_id=trace-91470757 user_id=user-5180 status_code=200 latency_ms=93 message="Scheduled job started"
2026-09-20 08:03:37 INFO user-service User preferences updated
2026-09-20 08:03:38 INFO database-service Query executed successfully
2026-09-20 08:03:39 level=INFO service=user-service component=user-service request_id=req-731328 trace_id=trace-53150061 user_id=user-5326 status_code=200 latency_ms=132 message="User preferences updated"
2026-09-20 08:03:40 level=DEBUG service=redis-service component=redis-service request_id=req-316782 trace_id=trace-25791975 user_id=user-6115 status_code=200 latency_ms=245 message="Cache warmed"
2026-09-20 08:03:41 INFO scheduler-service Cron tick processed
2026-09-20 08:03:42 INFO redis-service Cache warmed
2026-09-20 08:03:43 INFO order-service Order status updated
2026-09-20 08:03:44 DEBUG database-service Index scan completed
2026-09-20 08:03:45 level=INFO service=monitoring-service component=monitoring-service request_id=req-495968 trace_id=trace-28689791 user_id=user-3655 status_code=200 latency_ms=245 message="Metrics scraped"
2026-09-20 08:03:46 INFO redis-service Cache hit
2026-09-20 08:03:47 level=INFO service=auth-service component=auth-service request_id=req-997998 trace_id=trace-77571285 user_id=user-7804 status_code=200 latency_ms=123 message="Logout successful"
2026-09-20 08:03:48 INFO redis-service Key expired normally
2026-09-20 08:03:49 INFO auth-service Token issued
2026-09-20 08:03:50 INFO user-service User created
2026-09-20 08:03:51 INFO inventory-service Inventory reserved
2026-09-20 08:03:52 INFO worker-service Job completed successfully
2026-09-20 08:03:53 DEBUG notification-service Push notification sent
2026-09-20 08:03:54 INFO user-service User preferences updated
2026-09-20 08:03:55 INFO order-service Order shipped
2026-09-20 08:03:56 level=INFO service=scheduler-service component=scheduler-service request_id=req-789778 trace_id=trace-51511784 user_id=user-8094 status_code=200 latency_ms=281 message="Cron tick processed"
2026-09-20 08:03:57 level=INFO service=inventory-service component=inventory-service request_id=req-507684 trace_id=trace-41546395 user_id=user-8662 status_code=200 latency_ms=29 message="Inventory reserved"
2026-09-20 08:03:58 INFO redis-service Cache warmed
2026-09-20 08:03:59 INFO api-gateway TLS handshake completed
2026-09-20 08:04:00 INFO user-service User created
2026-09-20 08:04:01 INFO redis-service Cache warmed
2026-09-20 08:04:02 INFO search-service Index refreshed
2026-09-20 08:04:03 INFO redis-service Key expired normally
2026-09-20 08:04:04 INFO order-service Order confirmed
2026-09-20 08:04:05 level=INFO service=monitoring-service component=monitoring-service request_id=req-302816 trace_id=trace-62865282 user_id=user-6512 status_code=200 latency_ms=224 message="Metrics scraped"
2026-09-20 08:04:06 INFO search-service Index refreshed
2026-09-20 08:04:07 INFO notification-service Push notification sent
2026-09-20 08:04:08 INFO search-service Query results returned
2026-09-20 08:04:09 level=INFO service=user-service component=user-service request_id=req-724547 trace_id=trace-19794370 user_id=user-6669 status_code=200 latency_ms=146 message="User created"
2026-09-20 08:04:10 INFO user-service User profile fetched
2026-09-20 08:04:11 level=INFO service=worker-service component=worker-service request_id=req-996496 trace_id=trace-27485523 user_id=user-4145 status_code=200 latency_ms=266 message="Job completed successfully"
2026-09-20 08:04:12 INFO user-service User profile fetched
2026-09-20 08:04:13 INFO database-service Query executed successfully
2026-09-20 08:04:14 level=DEBUG service=api-gateway component=api-gateway request_id=req-450551 trace_id=trace-51332114 user_id=user-9612 status_code=200 latency_ms=69 message="Request routed successfully"
2026-09-20 08:04:15 INFO api-gateway Health check OK
2026-09-20 08:04:16 WARNING notification-service Push notification sent
2026-09-20 08:04:17 INFO monitoring-service Alert evaluated: no action
2026-09-20 08:04:18 DEBUG payment-service Payment gateway responded 200
2026-09-20 08:04:19 INFO payment-service Refund processed successfully
2026-09-20 08:04:20 INFO order-service Order created
2026-09-20 08:04:21 WARNING worker-service Worker heartbeat OK
2026-09-20 08:04:22 level=INFO service=payment-service component=payment-service request_id=req-499948 trace_id=trace-70960265 user_id=user-7240 status_code=200 latency_ms=28 message="Refund processed successfully"
2026-09-20 08:04:23 INFO database-service Index scan completed
2026-09-20 08:04:24 level=INFO service=api-gateway component=api-gateway request_id=req-898674 trace_id=trace-35994156 user_id=user-8505 status_code=200 latency_ms=107 message="Incoming request accepted"
2026-09-20 08:04:25 INFO auth-service Token issued
2026-09-20 08:04:26 INFO api-gateway Incoming request accepted
2026-09-20 08:04:27 WARNING database-service Transaction committed
2026-09-20 08:04:28 WARNING search-service Search query executed
2026-09-20 08:04:29 INFO monitoring-service Health probe OK
2026-09-20 08:04:30 INFO database-service Connection acquired from pool
2026-09-20 08:04:31 level=INFO service=database-service component=database-service request_id=req-423228 trace_id=trace-93023930 user_id=user-2570 status_code=200 latency_ms=186 message="Query executed successfully"
2026-09-20 08:04:32 INFO database-service Connection acquired from pool
2026-09-20 08:04:33 level=INFO service=auth-service component=auth-service request_id=req-632651 trace_id=trace-55678549 user_id=user-7656 status_code=200 latency_ms=232 message="Session created"
2026-09-20 08:04:34 INFO redis-service Cache warmed
2026-09-20 08:04:35 INFO api-gateway Response sent
2026-09-20 08:04:36 INFO search-service Index refreshed
2026-09-20 08:04:37 INFO database-service Transaction committed
2026-09-20 08:04:38 INFO scheduler-service Scheduled job completed
2026-09-20 08:04:39 level=INFO service=database-service component=database-service request_id=req-514830 trace_id=trace-76141777 user_id=user-7951 status_code=200 latency_ms=265 message="Index scan completed"
2026-09-20 08:04:40 INFO monitoring-service Health probe OK
2026-09-20 08:04:41 INFO monitoring-service Health probe OK
2026-09-20 08:04:42 INFO redis-service Cache warmed
2026-09-20 08:04:43 INFO order-service Order shipped
2026-09-20 08:04:44 INFO scheduler-service Scheduled job completed
2026-09-20 08:04:45 INFO monitoring-service Health probe OK
2026-09-20 08:04:46 INFO order-service Order created
2026-09-20 08:04:47 level=INFO service=auth-service component=auth-service request_id=req-277894 trace_id=trace-90599864 user_id=user-1091 status_code=200 latency_ms=268 message="Token refreshed"
2026-09-20 08:04:48 INFO redis-service Cache warmed
2026-09-20 08:04:49 INFO user-service User created
2026-09-20 08:04:50 INFO api-gateway Rate limit check passed
2026-09-20 08:04:51 INFO api-gateway Incoming request accepted
2026-09-20 08:04:52 level=INFO service=inventory-service component=inventory-service request_id=req-489937 trace_id=trace-64078145 user_id=user-4088 status_code=200 latency_ms=288 message="Stock level checked"
2026-09-20 08:04:53 level=INFO service=auth-service component=auth-service request_id=req-417659 trace_id=trace-80445740 user_id=user-1702 status_code=200 latency_ms=209 message="User authenticated successfully"
2026-09-20 08:04:54 INFO scheduler-service Scheduled job started
2026-09-20 08:04:55 level=INFO service=database-service component=database-service request_id=req-856768 trace_id=trace-61851507 user_id=user-4578 status_code=200 latency_ms=15 message="Transaction committed"
2026-09-20 08:04:56 INFO auth-service Token refreshed
2026-09-20 08:04:57 INFO inventory-service Inventory released
2026-09-20 08:04:58 INFO notification-service Email queued
2026-09-20 08:04:59 level=INFO service=database-service component=database-service request_id=req-513734 trace_id=trace-72717139 user_id=user-5606 status_code=200 latency_ms=164 message="Index scan completed"
2026-09-20 08:05:00 INFO worker-service Worker heartbeat OK
2026-09-20 08:05:01 WARNING monitoring-service Health probe OK
2026-09-20 08:05:02 DEBUG scheduler-service Scheduled job started
2026-09-20 08:05:03 INFO auth-service Token issued
2026-09-20 08:05:04 level=INFO service=search-service component=search-service request_id=req-920573 trace_id=trace-17205577 user_id=user-5647 status_code=200 latency_ms=90 message="Index refreshed"
2026-09-20 08:05:05 level=INFO service=payment-service component=payment-service request_id=req-557400 trace_id=trace-16029145 user_id=user-8912 status_code=200 latency_ms=265 message="Payment request received"
2026-09-20 08:05:06 INFO monitoring-service Alert evaluated: no action
2026-09-20 08:05:07 INFO inventory-service Inventory reserved
2026-09-20 08:05:08 INFO order-service Order status updated
2026-09-20 08:05:09 level=INFO service=worker-service component=worker-service request_id=req-975064 trace_id=trace-12916275 user_id=user-7997 status_code=200 latency_ms=135 message="Worker heartbeat OK"
2026-09-20 08:05:10 INFO payment-service Payment authorized
2026-09-20 08:05:11 INFO database-service Transaction committed
2026-09-20 08:05:12 INFO database-service Connection acquired from pool
2026-09-20 08:05:13 INFO api-gateway Rate limit check passed
2026-09-20 08:05:14 INFO monitoring-service Metrics scraped
2026-09-20 08:05:15 INFO auth-service User authenticated successfully
2026-09-20 08:05:16 INFO redis-service Cache warmed
2026-09-20 08:05:17 INFO api-gateway TLS handshake completed
2026-09-20 08:05:18 INFO scheduler-service Scheduled job started
2026-09-20 08:05:19 INFO search-service Query results returned
2026-09-20 08:05:20 level=INFO service=payment-service component=payment-service request_id=req-615882 trace_id=trace-71971106 user_id=user-5154 status_code=200 latency_ms=111 message="Payment gateway responded 200"
2026-09-20 08:05:21 INFO inventory-service Inventory released
2026-09-20 08:05:22 WARNING order-service Order created
2026-09-20 08:05:23 INFO user-service User preferences updated
2026-09-20 08:05:24 INFO redis-service Key expired normally
2026-09-20 08:05:25 INFO redis-service Cache hit
2026-09-20 08:05:26 INFO payment-service Refund processed successfully
2026-09-20 08:05:27 INFO inventory-service Stock level checked
2026-09-20 08:05:28 DEBUG order-service Order created
2026-09-20 08:05:29 INFO redis-service Key expired normally
2026-09-20 08:05:30 INFO scheduler-service Scheduled job started
2026-09-20 08:05:31 INFO user-service User created
2026-09-20 08:05:32 INFO notification-service Push notification sent
2026-09-20 08:05:33 INFO scheduler-service Scheduled job completed
2026-09-20 08:05:34 INFO search-service Search query executed
2026-09-20 08:05:35 DEBUG search-service Search query executed
2026-09-20 08:05:36 INFO redis-service Cache set
2026-09-20 08:05:37 level=INFO service=monitoring-service component=monitoring-service request_id=req-548814 trace_id=trace-76095236 user_id=user-9507 status_code=200 latency_ms=57 message="Health probe OK"
2026-09-20 08:05:38 INFO inventory-service Inventory released
2026-09-20 08:05:39 WARNING order-service Order created
2026-09-20 08:05:40 INFO worker-service Job completed successfully
2026-09-20 08:05:41 INFO search-service Search query executed
2026-09-20 08:05:42 DEBUG worker-service Worker heartbeat OK
2026-09-20 08:05:43 DEBUG notification-service SMS delivered
2026-09-20 08:05:44 INFO auth-service Logout successful
2026-09-20 08:05:45 level=INFO service=payment-service component=payment-service request_id=req-236659 trace_id=trace-91477100 user_id=user-7589 status_code=200 latency_ms=34 message="Payment authorized"
2026-09-20 08:05:46 INFO notification-service Email queued
2026-09-20 08:05:47 INFO auth-service Token refreshed
2026-09-20 08:05:48 INFO notification-service Email queued
2026-09-20 08:05:49 INFO api-gateway TLS handshake completed
2026-09-20 08:05:50 INFO monitoring-service Metrics scraped
2026-09-20 08:05:51 level=INFO service=worker-service component=worker-service request_id=req-758459 trace_id=trace-91773219 user_id=user-6853 status_code=200 latency_ms=89 message="Job picked up"
2026-09-20 08:05:52 level=INFO service=user-service component=user-service request_id=req-234241 trace_id=trace-36907690 user_id=user-2284 status_code=200 latency_ms=164 message="User created"
2026-09-20 08:05:53 INFO worker-service Job picked up
2026-09-20 08:05:54 WARNING monitoring-service Health probe OK
2026-09-20 08:05:55 INFO auth-service User authenticated successfully
2026-09-20 08:05:56 INFO payment-service Payment request received
2026-09-20 08:05:57 INFO api-gateway Rate limit check passed
2026-09-20 08:05:58 INFO order-service Order confirmed
2026-09-20 08:05:59 INFO inventory-service Inventory reserved
2026-09-20 08:06:00 INFO user-service User preferences updated
2026-09-20 08:06:01 INFO scheduler-service Cron tick processed
2026-09-20 08:06:02 INFO redis-service Key expired normally
2026-09-20 08:06:03 INFO redis-service Cache set
2026-09-20 08:06:04 INFO user-service User preferences updated
2026-09-20 08:06:05 INFO order-service Order shipped
2026-09-20 08:06:06 INFO payment-service Payment authorized
2026-09-20 08:06:07 INFO inventory-service Inventory released
2026-09-20 08:06:08 INFO redis-service Cache hit
2026-09-20 08:06:09 level=INFO service=inventory-service component=inventory-service request_id=req-229953 trace_id=trace-87200361 user_id=user-7934 status_code=200 latency_ms=277 message="Stock level checked"
2026-09-20 08:06:10 INFO scheduler-service Cron tick processed
2026-09-20 08:06:11 INFO order-service Order status updated
2026-09-20 08:06:12 INFO worker-service Job picked up
2026-09-20 08:06:13 INFO monitoring-service Alert evaluated: no action
2026-09-20 08:06:14 INFO scheduler-service Cron tick processed
2026-09-20 08:06:15 level=DEBUG service=scheduler-service component=scheduler-service request_id=req-402101 trace_id=trace-64656395 user_id=user-5759 status_code=200 latency_ms=145 message="Cron tick processed"
2026-09-20 08:06:16 level=INFO service=api-gateway component=api-gateway request_id=req-724594 trace_id=trace-58467615 user_id=user-6679 status_code=200 latency_ms=226 message="Rate limit check passed"
2026-09-20 08:06:17 INFO monitoring-service Alert evaluated: no action
2026-09-20 08:06:18 INFO user-service User created
2026-09-20 08:06:19 INFO payment-service Payment gateway responded 200
2026-09-20 08:06:20 INFO auth-service Session created
2026-09-20 08:06:21 INFO inventory-service Inventory reserved
2026-09-20 08:06:22 INFO database-service Connection acquired from pool
2026-09-20 08:06:23 INFO scheduler-service Scheduled job started
2026-09-20 08:06:24 INFO auth-service Logout successful
2026-09-20 08:06:25 INFO user-service Profile cache warmed
2026-09-20 08:06:26 INFO api-gateway TLS handshake completed
2026-09-20 08:06:27 INFO inventory-service Inventory released
2026-09-20 08:06:28 INFO redis-service Cache warmed
2026-09-20 08:06:29 INFO order-service Order created
2026-09-20 08:06:30 INFO auth-service Logout successful
2026-09-20 08:06:31 level=INFO service=notification-service component=notification-service request_id=req-481696 trace_id=trace-88668146 user_id=user-4620 status_code=200 latency_ms=183 message="Push notification sent"
2026-09-20 08:06:32 INFO inventory-service Stock level checked
2026-09-20 08:06:33 INFO notification-service SMS delivered
2026-09-20 08:06:34 INFO api-gateway Request routed successfully
2026-09-20 08:06:35 level=WARNING service=monitoring-service component=monitoring-service request_id=req-516600 trace_id=trace-58378359 user_id=user-4233 status_code=200 latency_ms=262 message="Health probe OK"
2026-09-20 08:06:36 INFO monitoring-service Health probe OK
2026-09-20 08:06:37 INFO payment-service Payment authorized
2026-09-20 08:06:38 level=INFO service=database-service component=database-service request_id=req-482244 trace_id=trace-55149499 user_id=user-4942 status_code=200 latency_ms=159 message="Query executed successfully"
2026-09-20 08:06:39 INFO monitoring-service Health probe OK
2026-09-20 08:06:40 INFO inventory-service Inventory reserved
2026-09-20 08:06:41 INFO monitoring-service Metrics scraped
2026-09-20 08:06:42 level=WARNING service=redis-service component=redis-service request_id=req-833327 trace_id=trace-65648320 user_id=user-7795 status_code=200 latency_ms=262 message="Cache set"
2026-09-20 08:06:43 INFO redis-service Key expired normally
2026-09-20 08:06:44 level=WARNING service=order-service component=order-service request_id=req-896007 trace_id=trace-16820288 user_id=user-5812 status_code=200 latency_ms=228 message="Order created"
2026-09-20 08:06:45 INFO user-service User profile fetched
2026-09-20 08:06:46 INFO inventory-service Inventory released
2026-09-20 08:06:47 INFO auth-service Logout successful
2026-09-20 08:06:48 INFO user-service Profile cache warmed
2026-09-20 08:06:49 INFO monitoring-service Alert evaluated: no action
2026-09-20 08:06:50 level=INFO service=payment-service component=payment-service request_id=req-630769 trace_id=trace-83326051 user_id=user-6738 status_code=200 latency_ms=280 message="Refund processed successfully"
2026-09-20 08:06:51 level=INFO service=worker-service component=worker-service request_id=req-928433 trace_id=trace-84070461 user_id=user-4226 status_code=200 latency_ms=205 message="Job picked up"
2026-09-20 08:06:52 INFO search-service Search query executed
2026-09-20 08:06:53 INFO user-service User preferences updated
2026-09-20 08:06:54 level=DEBUG service=api-gateway component=api-gateway request_id=req-841987 trace_id=trace-39143166 user_id=user-8101 status_code=200 latency_ms=136 message="TLS handshake completed"
2026-09-20 08:06:55 level=INFO service=user-service component=user-service request_id=req-798025 trace_id=trace-99806586 user_id=user-4869 status_code=200 latency_ms=16 message="User profile fetched"
2026-09-20 08:06:56 INFO redis-service Cache warmed
2026-09-20 08:06:57 WARNING worker-service Job picked up
2026-09-20 08:06:58 INFO search-service Index refreshed
2026-09-20 08:06:59 INFO database-service Index scan completed
2026-09-20 08:07:00 INFO notification-service SMS delivered
2026-09-20 08:07:01 INFO monitoring-service Metrics scraped
2026-09-20 08:07:02 level=INFO service=order-service component=order-service request_id=req-878942 trace_id=trace-64325643 user_id=user-8126 status_code=200 latency_ms=110 message="Order created"
2026-09-20 08:07:03 INFO order-service Order confirmed
2026-09-20 08:07:04 INFO notification-service Email queued
2026-09-20 08:07:05 INFO worker-service Worker heartbeat OK
2026-09-20 08:07:06 INFO monitoring-service Health probe OK
2026-09-20 08:07:07 INFO database-service Transaction committed
2026-09-20 08:07:08 INFO worker-service Job completed successfully
2026-09-20 08:07:09 INFO order-service Order confirmed
2026-09-20 08:07:10 INFO redis-service Cache hit
2026-09-20 08:07:11 INFO order-service Order confirmed
2026-09-20 08:07:12 level=INFO service=search-service component=search-service request_id=req-446324 trace_id=trace-68674942 user_id=user-7608 status_code=200 latency_ms=182 message="Index refreshed"
2026-09-20 08:07:13 INFO order-service Order confirmed
2026-09-20 08:07:14 INFO api-gateway TLS handshake completed
2026-09-20 08:07:15 INFO monitoring-service Metrics scraped
2026-09-20 08:07:16 INFO search-service Index refreshed
2026-09-20 08:07:17 INFO search-service Index refreshed
2026-09-20 08:07:18 INFO monitoring-service Metrics scraped
2026-09-20 08:07:19 INFO redis-service Cache set
2026-09-20 08:07:20 INFO monitoring-service Alert evaluated: no action
2026-09-20 08:07:21 level=WARNING service=worker-service component=worker-service request_id=req-687396 trace_id=trace-75853303 user_id=user-3250 status_code=200 latency_ms=211 message="Worker heartbeat OK"
2026-09-20 08:07:22 INFO auth-service Token issued
2026-09-20 08:07:23 level=INFO service=user-service component=user-service request_id=req-808302 trace_id=trace-18633130 user_id=user-4338 status_code=200 latency_ms=213 message="User created"
2026-09-20 08:07:24 INFO redis-service Key expired normally
2026-09-20 08:07:25 WARNING redis-service Cache warmed
2026-09-20 08:07:26 INFO api-gateway Rate limit check passed
2026-09-20 08:07:27 INFO notification-service Push notification sent
2026-09-20 08:07:28 INFO database-service Transaction committed
2026-09-20 08:07:29 level=INFO service=database-service component=database-service request_id=req-453710 trace_id=trace-19006526 user_id=user-3158 status_code=200 latency_ms=195 message="Query executed successfully"
2026-09-20 08:07:30 INFO notification-service Push notification sent
2026-09-20 08:07:31 level=INFO service=order-service component=order-service request_id=req-335081 trace_id=trace-32227639 user_id=user-8649 status_code=200 latency_ms=227 message="Order shipped"
2026-09-20 08:07:32 INFO api-gateway Request routed successfully
2026-09-20 08:07:33 INFO notification-service Push notification sent
2026-09-20 08:07:34 level=DEBUG service=auth-service component=auth-service request_id=req-552244 trace_id=trace-69468763 user_id=user-5096 status_code=200 latency_ms=276 message="Token refreshed"
2026-09-20 08:07:35 level=INFO service=database-service component=database-service request_id=req-441623 trace_id=trace-21116191 user_id=user-2518 status_code=200 latency_ms=142 message="Transaction committed"
2026-09-20 08:07:36 WARNING search-service Index refreshed
2026-09-20 08:07:37 DEBUG worker-service Job completed successfully
2026-09-20 08:07:38 INFO worker-service Job picked up
2026-09-20 08:07:39 INFO redis-service Cache hit
2026-09-20 08:07:40 INFO user-service User preferences updated
2026-09-20 08:07:41 INFO redis-service Cache warmed
2026-09-20 08:07:42 level=INFO service=notification-service component=notification-service request_id=req-804242 trace_id=trace-89328563 user_id=user-1780 status_code=200 latency_ms=265 message="Email queued"
2026-09-20 08:07:43 level=INFO service=monitoring-service component=monitoring-service request_id=req-101639 trace_id=trace-63983945 user_id=user-1664 status_code=200 latency_ms=64 message="Metrics scraped"
2026-09-20 08:07:44 INFO scheduler-service Cron tick processed
2026-09-20 08:07:45 level=INFO service=scheduler-service component=scheduler-service request_id=req-233074 trace_id=trace-90951928 user_id=user-2335 status_code=200 latency_ms=92 message="Scheduled job started"
2026-09-20 08:07:46 INFO redis-service Cache warmed
2026-09-20 08:07:47 INFO worker-service Job completed successfully
2026-09-20 08:07:48 INFO monitoring-service Alert evaluated: no action
2026-09-20 08:07:49 level=INFO service=inventory-service component=inventory-service request_id=req-468414 trace_id=trace-92734671 user_id=user-8032 status_code=200 latency_ms=107 message="Inventory reserved"
2026-09-20 08:07:50 level=WARNING service=payment-service component=payment-service request_id=req-961542 trace_id=trace-36003419 user_id=user-1733 status_code=200 latency_ms=272 message="Payment captured"
2026-09-20 08:07:51 INFO order-service Order created
2026-09-20 08:07:52 level=INFO service=database-service component=database-service request_id=req-548902 trace_id=trace-20309359 user_id=user-1177 status_code=200 latency_ms=35 message="Transaction committed"
2026-09-20 08:07:53 level=INFO service=search-service component=search-service request_id=req-716220 trace_id=trace-71173002 user_id=user-5710 status_code=200 latency_ms=296 message="Search query executed"
2026-09-20 08:07:54 INFO inventory-service Stock level checked
2026-09-20 08:07:55 level=INFO service=payment-service component=payment-service request_id=req-145851 trace_id=trace-48039789 user_id=user-5027 status_code=200 latency_ms=94 message="Refund processed successfully"
2026-09-20 08:07:56 INFO payment-service Refund processed successfully
2026-09-20 08:07:57 INFO monitoring-service Health probe OK
2026-09-20 08:07:58 level=INFO service=inventory-service component=inventory-service request_id=req-521219 trace_id=trace-21602842 user_id=user-7780 status_code=200 latency_ms=118 message="Stock level checked"
2026-09-20 08:07:59 INFO inventory-service Stock level checked
2026-09-20 08:08:00 INFO auth-service Token refreshed
2026-09-20 08:08:01 INFO auth-service Token issued
2026-09-20 08:08:02 INFO worker-service Worker heartbeat OK
2026-09-20 08:08:03 INFO scheduler-service Scheduled job completed
2026-09-20 08:08:04 DEBUG payment-service Payment captured
2026-09-20 08:08:05 INFO worker-service Worker heartbeat OK
2026-09-20 08:08:06 INFO notification-service Push notification sent
2026-09-20 08:08:07 level=INFO service=payment-service component=payment-service request_id=req-195745 trace_id=trace-61414988 user_id=user-8432 status_code=200 latency_ms=282 message="Payment authorized"
2026-09-20 08:08:08 INFO scheduler-service Scheduled job started
2026-09-20 08:08:09 INFO inventory-service Stock level checked
2026-09-20 08:08:10 level=INFO service=user-service component=user-service request_id=req-385887 trace_id=trace-81098507 user_id=user-5618 status_code=200 latency_ms=204 message="User preferences updated"
2026-09-20 08:08:11 INFO scheduler-service Scheduled job completed
2026-09-20 08:08:12 INFO notification-service Email queued
2026-09-20 08:08:13 INFO search-service Search query executed
2026-09-20 08:08:14 level=INFO service=scheduler-service component=scheduler-service request_id=req-515178 trace_id=trace-45576654 user_id=user-7754 status_code=200 latency_ms=105 message="Scheduled job started"
2026-09-20 08:08:15 INFO scheduler-service Scheduled job completed
2026-09-20 08:08:16 INFO worker-service Job picked up
2026-09-20 08:08:17 level=INFO service=auth-service component=auth-service request_id=req-438683 trace_id=trace-50907084 user_id=user-9919 status_code=200 latency_ms=48 message="Token refreshed"
2026-09-20 08:08:18 level=DEBUG service=redis-service component=redis-service request_id=req-299608 trace_id=trace-48175976 user_id=user-7411 status_code=200 latency_ms=128 message="Key expired normally"
2026-09-20 08:08:19 level=INFO service=monitoring-service component=monitoring-service request_id=req-312947 trace_id=trace-41959392 user_id=user-1106 status_code=200 latency_ms=228 message="Metrics scraped"
2026-09-20 08:08:20 INFO inventory-service Inventory reserved
2026-09-20 08:08:21 level=INFO service=user-service component=user-service request_id=req-395497 trace_id=trace-26041432 user_id=user-7645 status_code=200 latency_ms=291 message="User profile fetched"
2026-09-20 08:08:22 WARNING monitoring-service Metrics scraped
2026-09-20 08:08:23 level=DEBUG service=database-service component=database-service request_id=req-111244 trace_id=trace-46178992 user_id=user-8222 status_code=200 latency_ms=251 message="Connection acquired from pool"
2026-09-20 08:08:24 INFO api-gateway Health check OK
2026-09-20 08:08:25 INFO scheduler-service Scheduled job started
2026-09-20 08:08:26 INFO worker-service Job picked up
2026-09-20 08:08:27 INFO worker-service Worker heartbeat OK
2026-09-20 08:08:28 INFO database-service Transaction committed
2026-09-20 08:08:29 INFO payment-service Payment gateway responded 200
2026-09-20 08:08:30 INFO api-gateway Request routed successfully
2026-09-20 08:08:31 INFO scheduler-service Cron tick processed
2026-09-20 08:08:32 DEBUG user-service User profile fetched
2026-09-20 08:08:33 INFO worker-service Job completed successfully
2026-09-20 08:08:34 INFO search-service Index refreshed
2026-09-20 08:08:35 INFO redis-service Cache hit
2026-09-20 08:08:36 WARNING user-service Profile cache warmed
2026-09-20 08:08:37 DEBUG database-service Transaction committed
2026-09-20 08:08:38 INFO api-gateway TLS handshake completed
2026-09-20 08:08:39 INFO worker-service Job completed successfully
2026-09-20 08:08:40 INFO scheduler-service Scheduled job started
2026-09-20 08:08:41 INFO inventory-service Inventory released
2026-09-20 08:08:42 INFO notification-service Email queued
2026-09-20 08:08:43 INFO notification-service Email queued
2026-09-20 08:08:44 INFO worker-service Job picked up
2026-09-20 08:08:45 INFO scheduler-service Scheduled job started
2026-09-20 08:08:46 INFO auth-service Token issued
2026-09-20 08:08:47 INFO worker-service Worker heartbeat OK
2026-09-20 08:08:48 INFO payment-service Refund processed successfully
2026-09-20 08:08:49 INFO api-gateway Request routed successfully
2026-09-20 08:08:50 INFO monitoring-service Metrics scraped
2026-09-20 08:08:51 level=INFO service=payment-service component=payment-service request_id=req-170509 trace_id=trace-97735512 user_id=user-8657 status_code=200 latency_ms=299 message="Payment gateway responded 200"
2026-09-20 08:08:52 DEBUG api-gateway Health check OK
2026-09-20 08:08:53 INFO database-service Connection acquired from pool
2026-09-20 08:08:54 INFO inventory-service Inventory released
2026-09-20 08:08:55 INFO redis-service Cache warmed
2026-09-20 08:08:56 DEBUG monitoring-service Health probe OK
2026-09-20 08:08:57 INFO database-service Index scan completed
2026-09-20 08:08:58 INFO payment-service Payment captured
2026-09-20 08:08:59 INFO worker-service Worker heartbeat OK
2026-09-20 08:09:00 INFO order-service Order status updated
2026-09-20 08:09:01 INFO worker-service Worker heartbeat OK
2026-09-20 08:09:02 level=INFO service=scheduler-service component=scheduler-service request_id=req-256548 trace_id=trace-14955162 user_id=user-6801 status_code=200 latency_ms=100 message="Cron tick processed"
2026-09-20 08:09:03 WARNING payment-service Payment captured
2026-09-20 08:09:04 INFO scheduler-service Cron tick processed
2026-09-20 08:09:05 INFO monitoring-service Alert evaluated: no action
2026-09-20 08:09:06 level=INFO service=search-service component=search-service request_id=req-210981 trace_id=trace-66964115 user_id=user-8650 status_code=200 latency_ms=197 message="Search query executed"
2026-09-20 08:09:07 INFO scheduler-service Cron tick processed
2026-09-20 08:09:08 INFO worker-service Job completed successfully
2026-09-20 08:09:09 INFO redis-service Cache hit
2026-09-20 08:09:10 INFO database-service Index scan completed
2026-09-20 08:09:11 INFO order-service Order confirmed
2026-09-20 08:09:12 INFO search-service Query results returned
2026-09-20 08:09:13 level=INFO service=inventory-service component=inventory-service request_id=req-490954 trace_id=trace-61892410 user_id=user-8695 status_code=200 latency_ms=135 message="Inventory reserved"
2026-09-20 08:09:14 level=INFO service=monitoring-service component=monitoring-service request_id=req-983271 trace_id=trace-20771474 user_id=user-4279 status_code=200 latency_ms=33 message="Health probe OK"
2026-09-20 08:09:15 INFO api-gateway Rate limit check passed
2026-09-20 08:09:16 INFO search-service Index refreshed
2026-09-20 08:09:17 INFO payment-service Payment gateway responded 200
2026-09-20 08:09:18 INFO search-service Search query executed
2026-09-20 08:09:19 level=DEBUG service=worker-service component=worker-service request_id=req-601628 trace_id=trace-84733958 user_id=user-4551 status_code=200 latency_ms=299 message="Worker heartbeat OK"
2026-09-20 08:09:20 INFO api-gateway Incoming request accepted
2026-09-20 08:09:21 INFO redis-service Cache warmed
2026-09-20 08:09:22 level=INFO service=user-service component=user-service request_id=req-155850 trace_id=trace-28220251 user_id=user-5534 status_code=200 latency_ms=102 message="User created"
2026-09-20 08:09:23 INFO monitoring-service Health probe OK
2026-09-20 08:09:24 INFO redis-service Cache set
2026-09-20 08:09:25 INFO notification-service SMS delivered
2026-09-20 08:09:26 INFO order-service Order created
2026-09-20 08:09:27 level=WARNING service=search-service component=search-service request_id=req-186721 trace_id=trace-69122398 user_id=user-8538 status_code=200 latency_ms=128 message="Search query executed"
2026-09-20 08:09:28 INFO redis-service Cache hit
2026-09-20 08:09:29 INFO search-service Query results returned
2026-09-20 08:09:30 INFO database-service Query executed successfully
2026-09-20 08:09:31 INFO database-service Index scan completed
2026-09-20 08:09:32 INFO monitoring-service Metrics scraped
2026-09-20 08:09:33 INFO user-service User preferences updated
2026-09-20 08:09:34 level=INFO service=user-service component=user-service request_id=req-627333 trace_id=trace-20266504 user_id=user-2125 status_code=200 latency_ms=141 message="User created"
2026-09-20 08:09:35 level=INFO service=scheduler-service component=scheduler-service request_id=req-581744 trace_id=trace-31195815 user_id=user-1821 status_code=200 latency_ms=87 message="Scheduled job completed"
2026-09-20 08:09:36 INFO search-service Search query executed
2026-09-20 08:09:37 INFO user-service User created
2026-09-20 08:09:38 WARNING inventory-service Stock level checked
2026-09-20 08:09:39 INFO order-service Order created
2026-09-20 08:09:40 INFO notification-service Push notification sent
2026-09-20 08:09:41 INFO monitoring-service Health probe OK
2026-09-20 08:09:42 level=INFO service=notification-service component=notification-service request_id=req-378944 trace_id=trace-24247900 user_id=user-1990 status_code=200 latency_ms=154 message="Push notification sent"
2026-09-20 08:09:43 INFO monitoring-service Metrics scraped
2026-09-20 08:09:44 INFO database-service Index scan completed
2026-09-20 08:09:45 level=INFO service=user-service component=user-service request_id=req-211992 trace_id=trace-80406793 user_id=user-2163 status_code=200 latency_ms=15 message="User preferences updated"
2026-09-20 08:09:46 INFO redis-service Cache warmed
2026-09-20 08:09:47 INFO search-service Search query executed
2026-09-20 08:09:48 INFO monitoring-service Alert evaluated: no action
2026-09-20 08:09:49 level=INFO service=inventory-service component=inventory-service request_id=req-935269 trace_id=trace-77484291 user_id=user-2270 status_code=200 latency_ms=172 message="Inventory reserved"
2026-09-20 08:09:50 level=INFO service=payment-service component=payment-service request_id=req-414119 trace_id=trace-71479177 user_id=user-7052 status_code=200 latency_ms=111 message="Refund processed successfully"
2026-09-20 08:09:51 INFO notification-service Email queued
2026-09-20 08:09:52 level=INFO service=notification-service component=notification-service request_id=req-416552 trace_id=trace-54872078 user_id=user-6297 status_code=200 latency_ms=110 message="SMS delivered"
2026-09-20 08:09:53 level=INFO service=order-service component=order-service request_id=req-229436 trace_id=trace-40939182 user_id=user-6598 status_code=200 latency_ms=106 message="Order confirmed"
2026-09-20 08:09:54 INFO scheduler-service Scheduled job completed
2026-09-20 08:09:55 level=INFO service=scheduler-service component=scheduler-service request_id=req-104158 trace_id=trace-75792379 user_id=user-2365 status_code=200 latency_ms=160 message="Cron tick processed"
2026-09-20 08:09:56 INFO monitoring-service Alert evaluated: no action
2026-09-20 08:09:57 INFO order-service Order created
2026-09-20 08:09:58 INFO monitoring-service Health probe OK
2026-09-20 08:09:59 INFO order-service Order created
2026-09-20 08:10:00 INFO api-gateway Health check OK
2026-09-20 08:10:01 level=INFO service=redis-service component=redis-service request_id=req-213619 trace_id=trace-62503681 user_id=user-4111 status_code=200 latency_ms=198 message="Cache hit"
2026-09-20 08:10:02 INFO inventory-service Inventory reserved
2026-09-20 08:10:03 level=INFO service=scheduler-service component=scheduler-service request_id=req-273495 trace_id=trace-49066107 user_id=user-2748 status_code=200 latency_ms=102 message="Scheduled job started"
2026-09-20 08:10:04 INFO database-service Query executed successfully
2026-09-20 08:10:05 INFO api-gateway Rate limit check passed
2026-09-20 08:10:06 INFO worker-service Worker heartbeat OK
2026-09-20 08:10:07 level=INFO service=inventory-service component=inventory-service request_id=req-555868 trace_id=trace-62622174 user_id=user-6892 status_code=200 latency_ms=115 message="Stock level checked"
2026-09-20 08:10:08 INFO scheduler-service Scheduled job started
2026-09-20 08:10:09 INFO search-service Search query executed
2026-09-20 08:10:10 INFO notification-service Push notification sent
2026-09-20 08:10:11 INFO database-service Query executed successfully
2026-09-20 08:10:12 INFO scheduler-service Scheduled job started
2026-09-20 08:10:13 INFO scheduler-service Cron tick processed
2026-09-20 08:10:14 INFO search-service Search query executed
2026-09-20 08:10:15 INFO payment-service Payment request received
2026-09-20 08:10:16 INFO auth-service Logout successful
2026-09-20 08:10:17 level=INFO service=payment-service component=payment-service request_id=req-326910 trace_id=trace-78884484 user_id=user-6928 status_code=200 latency_ms=58 message="Payment captured"
2026-09-20 08:10:18 INFO scheduler-service Cron tick processed
2026-09-20 08:10:19 INFO search-service Search query executed
2026-09-20 08:10:20 DEBUG auth-service User authenticated successfully
2026-09-20 08:10:21 DEBUG scheduler-service Scheduled job completed
2026-09-20 08:10:22 INFO api-gateway Response sent
2026-09-20 08:10:23 INFO worker-service Job completed successfully
2026-09-20 08:10:24 INFO redis-service Cache warmed
2026-09-20 08:10:25 INFO search-service Search query executed
2026-09-20 08:10:26 level=INFO service=auth-service component=auth-service request_id=req-579264 trace_id=trace-99660766 user_id=user-6356 status_code=200 latency_ms=212 message="Logout successful"
2026-09-20 08:10:27 WARNING search-service Index refreshed
2026-09-20 08:10:28 INFO order-service Order created
2026-09-20 08:10:29 INFO inventory-service Stock level checked
2026-09-20 08:10:30 level=INFO service=redis-service component=redis-service request_id=req-642514 trace_id=trace-52230991 user_id=user-3251 status_code=200 latency_ms=46 message="Cache hit"
2026-09-20 08:10:31 INFO user-service Profile cache warmed
2026-09-20 08:10:32 INFO redis-service Cache set
2026-09-20 08:10:33 INFO redis-service Cache hit
2026-09-20 08:10:34 INFO auth-service Token refreshed
2026-09-20 08:10:35 INFO notification-service Email queued
2026-09-20 08:10:36 INFO monitoring-service Metrics scraped
2026-09-20 08:10:37 level=INFO service=monitoring-service component=monitoring-service request_id=req-562433 trace_id=trace-15282079 user_id=user-8343 status_code=200 latency_ms=232 message="Metrics scraped"
2026-09-20 08:10:38 INFO database-service Transaction committed
2026-09-20 08:10:39 INFO search-service Search query executed
2026-09-20 08:10:40 INFO worker-service Worker heartbeat OK
2026-09-20 08:10:41 INFO redis-service Cache warmed
2026-09-20 08:10:42 INFO database-service Index scan completed
2026-09-20 08:10:43 INFO auth-service Session created
2026-09-20 08:10:44 level=INFO service=auth-service component=auth-service request_id=req-832910 trace_id=trace-14804397 user_id=user-7068 status_code=200 latency_ms=126 message="User authenticated successfully"
2026-09-20 08:10:45 DEBUG payment-service Payment gateway responded 200
2026-09-20 08:10:46 WARNING database-service Connection acquired from pool
2026-09-20 08:10:47 INFO database-service Connection acquired from pool
2026-09-20 08:10:48 INFO auth-service Token refreshed
2026-09-20 08:10:49 INFO notification-service SMS delivered
2026-09-20 08:10:50 level=INFO service=search-service component=search-service request_id=req-889007 trace_id=trace-41398029 user_id=user-6227 status_code=200 latency_ms=237 message="Query results returned"
2026-09-20 08:10:51 INFO scheduler-service Cron tick processed
2026-09-20 08:10:52 INFO monitoring-service Alert evaluated: no action
2026-09-20 08:10:53 INFO notification-service SMS delivered
2026-09-20 08:10:54 INFO monitoring-service Alert evaluated: no action
2026-09-20 08:10:55 DEBUG redis-service Cache hit
2026-09-20 08:10:56 INFO worker-service Job completed successfully
2026-09-20 08:10:57 level=INFO service=database-service component=database-service request_id=req-706929 trace_id=trace-41576689 user_id=user-2159 status_code=200 latency_ms=203 message="Connection acquired from pool"
2026-09-20 08:10:58 INFO payment-service Payment gateway responded 200
2026-09-20 08:10:59 INFO worker-service Job picked up
2026-09-20 08:11:00 INFO order-service Order created
2026-09-20 08:11:01 WARNING database-service Query executed successfully
2026-09-20 08:11:02 DEBUG inventory-service Inventory released
2026-09-20 08:11:03 INFO monitoring-service Alert evaluated: no action
2026-09-20 08:11:04 level=INFO service=search-service component=search-service request_id=req-578222 trace_id=trace-60718837 user_id=user-9266 status_code=200 latency_ms=192 message="Index refreshed"
2026-09-20 08:11:05 level=INFO service=notification-service component=notification-service request_id=req-349225 trace_id=trace-83394823 user_id=user-1188 status_code=200 latency_ms=51 message="Push notification sent"
2026-09-20 08:11:06 INFO monitoring-service Alert evaluated: no action
2026-09-20 08:11:07 INFO search-service Index refreshed
2026-09-20 08:11:08 level=INFO service=scheduler-service component=scheduler-service request_id=req-711004 trace_id=trace-54669122 user_id=user-6515 status_code=200 latency_ms=204 message="Cron tick processed"
2026-09-20 08:11:09 INFO payment-service Payment authorized
2026-09-20 08:11:10 INFO scheduler-service Scheduled job started
2026-09-20 08:11:11 INFO payment-service Payment authorized
2026-09-20 08:11:12 INFO inventory-service Inventory released
2026-09-20 08:11:13 DEBUG payment-service Refund processed successfully
2026-09-20 08:11:14 INFO inventory-service Stock level checked
2026-09-20 08:11:15 INFO monitoring-service Metrics scraped
2026-09-20 08:11:16 INFO inventory-service Stock level checked
2026-09-20 08:11:17 level=INFO service=inventory-service component=inventory-service request_id=req-620751 trace_id=trace-29107575 user_id=user-3304 status_code=200 latency_ms=136 message="Inventory reserved"
2026-09-20 08:11:18 INFO user-service Profile cache warmed
2026-09-20 08:11:19 INFO database-service Index scan completed
2026-09-20 08:11:20 WARNING api-gateway Health check OK
2026-09-20 08:11:21 INFO worker-service Worker heartbeat OK
2026-09-20 08:11:22 INFO payment-service Payment request received
2026-09-20 08:11:23 INFO monitoring-service Alert evaluated: no action
2026-09-20 08:11:24 INFO search-service Index refreshed
2026-09-20 08:11:25 INFO order-service Order shipped
2026-09-20 08:11:26 INFO payment-service Payment authorized
2026-09-20 08:11:27 level=INFO service=inventory-service component=inventory-service request_id=req-956416 trace_id=trace-39186650 user_id=user-2152 status_code=200 latency_ms=269 message="Inventory reserved"
2026-09-20 08:11:28 level=INFO service=payment-service component=payment-service request_id=req-116933 trace_id=trace-81811723 user_id=user-9255 status_code=200 latency_ms=68 message="Payment authorized"
2026-09-20 08:11:29 level=INFO service=notification-service component=notification-service request_id=req-867561 trace_id=trace-54872912 user_id=user-5250 status_code=200 latency_ms=236 message="Email queued"
2026-09-20 08:11:30 level=INFO service=worker-service component=worker-service request_id=req-200164 trace_id=trace-78374717 user_id=user-1306 status_code=200 latency_ms=287 message="Job picked up"
2026-09-20 08:11:31 INFO user-service User created
2026-09-20 08:11:32 level=INFO service=inventory-service component=inventory-service request_id=req-235254 trace_id=trace-19089530 user_id=user-9205 status_code=200 latency_ms=37 message="Inventory released"
2026-09-20 08:11:33 level=INFO service=auth-service component=auth-service request_id=req-569488 trace_id=trace-16112433 user_id=user-3207 status_code=200 latency_ms=59 message="Token refreshed"
2026-09-20 08:11:34 level=INFO service=redis-service component=redis-service request_id=req-593441 trace_id=trace-81532525 user_id=user-8300 status_code=200 latency_ms=296 message="Cache warmed"
2026-09-20 08:11:35 level=INFO service=worker-service component=worker-service request_id=req-395225 trace_id=trace-86218490 user_id=user-8835 status_code=200 latency_ms=47 message="Job picked up"
2026-09-20 08:11:36 INFO api-gateway Health check OK
2026-09-20 08:11:37 INFO order-service Order shipped
2026-09-20 08:11:38 INFO order-service Order confirmed
2026-09-20 08:11:39 INFO auth-service Session created
2026-09-20 08:11:40 INFO api-gateway Rate limit check passed
2026-09-20 08:11:41 INFO api-gateway TLS handshake completed
2026-09-20 08:11:42 INFO user-service User created
2026-09-20 08:11:43 level=INFO service=scheduler-service component=scheduler-service request_id=req-896749 trace_id=trace-29695271 user_id=user-3095 status_code=200 latency_ms=256 message="Scheduled job completed"
2026-09-20 08:11:44 INFO worker-service Job completed successfully
2026-09-20 08:11:45 level=INFO service=scheduler-service component=scheduler-service request_id=req-933524 trace_id=trace-20301903 user_id=user-9564 status_code=200 latency_ms=208 message="Cron tick processed"
2026-09-20 08:11:46 INFO monitoring-service Alert evaluated: no action
2026-09-20 08:11:47 INFO redis-service Cache warmed
2026-09-20 08:11:48 INFO database-service Transaction committed
2026-09-20 08:11:49 INFO user-service Profile cache warmed
2026-09-20 08:11:50 INFO auth-service Logout successful
2026-09-20 08:11:51 WARNING redis-service Cache set
2026-09-20 08:11:52 level=INFO service=worker-service component=worker-service request_id=req-599700 trace_id=trace-40175456 user_id=user-1636 status_code=200 latency_ms=274 message="Job picked up"
2026-09-20 08:11:53 INFO order-service Order shipped
2026-09-20 08:11:54 INFO scheduler-service Cron tick processed
2026-09-20 08:11:55 INFO payment-service Refund processed successfully
2026-09-20 08:11:56 INFO user-service User profile fetched
2026-09-20 08:11:57 INFO search-service Index refreshed
2026-09-20 08:11:58 INFO api-gateway TLS handshake completed
2026-09-20 08:11:59 INFO inventory-service Inventory reserved
2026-09-20 08:12:00 level=INFO service=search-service component=search-service request_id=req-768530 trace_id=trace-53659599 user_id=user-4906 status_code=200 latency_ms=291 message="Query results returned"
2026-09-20 08:12:01 level=INFO service=worker-service component=worker-service request_id=req-967422 trace_id=trace-51025856 user_id=user-4132 status_code=200 latency_ms=157 message="Job picked up"
2026-09-20 08:12:02 INFO monitoring-service Metrics scraped
2026-09-20 08:12:03 level=INFO service=worker-service component=worker-service request_id=req-338974 trace_id=trace-79331793 user_id=user-6144 status_code=200 latency_ms=225 message="Job completed successfully"
2026-09-20 08:12:04 level=INFO service=notification-service component=notification-service request_id=req-874773 trace_id=trace-72848904 user_id=user-2223 status_code=200 latency_ms=42 message="Email queued"
2026-09-20 08:12:05 INFO monitoring-service Health probe OK
2026-09-20 08:12:06 INFO order-service Order shipped
2026-09-20 08:12:07 INFO worker-service Job completed successfully
2026-09-20 08:12:08 INFO worker-service Job completed successfully
2026-09-20 08:12:09 INFO api-gateway Response sent
2026-09-20 08:12:10 INFO worker-service Job completed successfully
2026-09-20 08:12:11 INFO redis-service Cache set
2026-09-20 08:12:12 INFO scheduler-service Scheduled job started
2026-09-20 08:12:13 INFO api-gateway Incoming request accepted
2026-09-20 08:12:14 level=INFO service=worker-service component=worker-service request_id=req-618510 trace_id=trace-19133640 user_id=user-3044 status_code=200 latency_ms=173 message="Job completed successfully"
2026-09-20 08:12:15 level=INFO service=monitoring-service component=monitoring-service request_id=req-484891 trace_id=trace-99746901 user_id=user-9057 status_code=200 latency_ms=242 message="Health probe OK"
2026-09-20 08:12:16 level=INFO service=redis-service component=redis-service request_id=req-827770 trace_id=trace-51691402 user_id=user-8004 status_code=200 latency_ms=26 message="Key expired normally"
2026-09-20 08:12:17 INFO notification-service SMS delivered
2026-09-20 08:12:18 level=INFO service=order-service component=order-service request_id=req-415221 trace_id=trace-76782059 user_id=user-1971 status_code=200 latency_ms=164 message="Order status updated"
2026-09-20 08:12:19 INFO scheduler-service Cron tick processed
2026-09-20 08:12:20 INFO payment-service Payment request received
2026-09-20 08:12:21 level=INFO service=redis-service component=redis-service request_id=req-442149 trace_id=trace-72175550 user_id=user-1770 status_code=200 latency_ms=95 message="Cache hit"
2026-09-20 08:12:22 level=INFO service=scheduler-service component=scheduler-service request_id=req-586099 trace_id=trace-42785893 user_id=user-3205 status_code=200 latency_ms=29 message="Scheduled job completed"
2026-09-20 08:12:23 INFO order-service Order status updated
2026-09-20 08:12:24 WARNING search-service Index refreshed
2026-09-20 08:12:25 INFO order-service Order created
2026-09-20 08:12:26 INFO worker-service Job completed successfully
2026-09-20 08:12:27 INFO user-service User profile fetched
2026-09-20 08:12:28 INFO database-service Connection acquired from pool
2026-09-20 08:12:29 level=INFO service=search-service component=search-service request_id=req-227099 trace_id=trace-24130724 user_id=user-4139 status_code=200 latency_ms=285 message="Index refreshed"
2026-09-20 08:12:30 INFO api-gateway Incoming request accepted
2026-09-20 08:12:31 level=INFO service=order-service component=order-service request_id=req-474628 trace_id=trace-60862538 user_id=user-7088 status_code=200 latency_ms=150 message="Order confirmed"
2026-09-20 08:12:32 level=INFO service=payment-service component=payment-service request_id=req-723564 trace_id=trace-20827848 user_id=user-8776 status_code=200 latency_ms=203 message="Payment request received"
2026-09-20 08:12:33 level=DEBUG service=api-gateway component=api-gateway request_id=req-383966 trace_id=trace-36549669 user_id=user-3532 status_code=200 latency_ms=250 message="Rate limit check passed"
2026-09-20 08:12:34 INFO inventory-service Inventory released
2026-09-20 08:12:35 WARNING api-gateway TLS handshake completed
2026-09-20 08:12:36 INFO notification-service Email queued
2026-09-20 08:12:37 level=INFO service=worker-service component=worker-service request_id=req-370359 trace_id=trace-24659357 user_id=user-2088 status_code=200 latency_ms=187 message="Job picked up"
2026-09-20 08:12:38 INFO payment-service Payment request received
2026-09-20 08:12:39 level=INFO service=api-gateway component=api-gateway request_id=req-781170 trace_id=trace-88256664 user_id=user-4340 status_code=200 latency_ms=220 message="Incoming request accepted"
2026-09-20 08:12:40 INFO api-gateway Rate limit check passed
2026-09-20 08:12:41 INFO auth-service Token refreshed
2026-09-20 08:12:42 INFO worker-service Job completed successfully
2026-09-20 08:12:43 INFO user-service User created
2026-09-20 08:12:44 INFO redis-service Cache set
2026-09-20 08:12:45 level=INFO service=notification-service component=notification-service request_id=req-800527 trace_id=trace-93372541 user_id=user-6096 status_code=200 latency_ms=175 message="Push notification sent"
2026-09-20 08:12:46 INFO order-service Order status updated
2026-09-20 08:12:47 INFO payment-service Payment captured
2026-09-20 08:12:48 INFO database-service Transaction committed
2026-09-20 08:12:49 INFO auth-service Token issued
2026-09-20 08:12:50 level=INFO service=search-service component=search-service request_id=req-132924 trace_id=trace-34558142 user_id=user-4137 status_code=200 latency_ms=174 message="Query results returned"
2026-09-20 08:12:51 INFO auth-service Logout successful
2026-09-20 08:12:52 INFO user-service User profile fetched
2026-09-20 08:12:53 INFO worker-service Worker heartbeat OK
2026-09-20 08:12:54 level=INFO service=worker-service component=worker-service request_id=req-945010 trace_id=trace-76550163 user_id=user-6179 status_code=200 latency_ms=29 message="Worker heartbeat OK"
2026-09-20 08:12:55 INFO api-gateway TLS handshake completed
2026-09-20 08:12:56 INFO payment-service Refund processed successfully
2026-09-20 08:12:57 INFO inventory-service Inventory reserved
2026-09-20 08:12:58 INFO inventory-service Inventory released
2026-09-20 08:12:59 INFO database-service Transaction committed
2026-09-20 08:13:00 INFO order-service Order shipped
2026-09-20 08:13:01 DEBUG user-service Profile cache warmed
2026-09-20 08:13:02 DEBUG api-gateway Request routed successfully
2026-09-20 08:13:03 INFO redis-service Cache set
2026-09-20 08:13:04 INFO redis-service Cache warmed
2026-09-20 08:13:05 INFO inventory-service Inventory reserved
2026-09-20 08:13:06 INFO user-service User created
2026-09-20 08:13:07 level=INFO service=order-service component=order-service request_id=req-246500 trace_id=trace-26278384 user_id=user-1362 status_code=200 latency_ms=66 message="Order status updated"
2026-09-20 08:13:08 DEBUG order-service Order confirmed
2026-09-20 08:13:09 INFO order-service Order shipped
2026-09-20 08:13:10 INFO search-service Search query executed
2026-09-20 08:13:11 INFO api-gateway Response sent
2026-09-20 08:13:12 INFO user-service User created
2026-09-20 08:13:13 INFO database-service Index scan completed
2026-09-20 08:13:14 INFO inventory-service Stock level checked
2026-09-20 08:13:15 INFO order-service Order status updated
2026-09-20 08:13:16 INFO user-service User profile fetched
2026-09-20 08:13:17 level=INFO service=user-service component=user-service request_id=req-656965 trace_id=trace-44716309 user_id=user-5381 status_code=200 latency_ms=275 message="User created"
2026-09-20 08:13:18 INFO auth-service Logout successful
2026-09-20 08:13:19 level=INFO service=worker-service component=worker-service request_id=req-720264 trace_id=trace-45513383 user_id=user-7785 status_code=200 latency_ms=270 message="Job completed successfully"
2026-09-20 08:13:20 INFO scheduler-service Scheduled job completed
2026-09-20 08:13:21 INFO scheduler-service Cron tick processed
2026-09-20 08:13:22 level=INFO service=database-service component=database-service request_id=req-860896 trace_id=trace-24655853 user_id=user-9077 status_code=200 latency_ms=113 message="Query executed successfully"
2026-09-20 08:13:23 INFO scheduler-service Cron tick processed
2026-09-20 08:13:24 INFO worker-service Job completed successfully
2026-09-20 08:13:25 INFO redis-service Cache set
2026-09-20 08:13:26 level=INFO service=order-service component=order-service request_id=req-513283 trace_id=trace-99343440 user_id=user-3119 status_code=200 latency_ms=121 message="Order confirmed"
2026-09-20 08:13:27 INFO database-service Index scan completed
2026-09-20 08:13:28 INFO order-service Order shipped
2026-09-20 08:13:29 INFO order-service Order status updated
2026-09-20 08:13:30 INFO inventory-service Stock level checked
2026-09-20 08:13:31 INFO user-service User profile fetched
2026-09-20 08:13:32 DEBUG inventory-service Stock level checked
2026-09-20 08:13:33 INFO monitoring-service Alert evaluated: no action
2026-09-20 08:13:34 INFO api-gateway TLS handshake completed
2026-09-20 08:13:35 level=INFO service=worker-service component=worker-service request_id=req-853052 trace_id=trace-28096825 user_id=user-8247 status_code=200 latency_ms=284 message="Job completed successfully"
2026-09-20 08:13:36 INFO monitoring-service Health probe OK
2026-09-20 08:13:37 INFO monitoring-service Metrics scraped
2026-09-20 08:13:38 INFO inventory-service Stock level checked
2026-09-20 08:13:39 level=INFO service=user-service component=user-service request_id=req-850205 trace_id=trace-69118335 user_id=user-9520 status_code=200 latency_ms=83 message="Profile cache warmed"
2026-09-20 08:13:40 level=INFO service=user-service component=user-service request_id=req-225507 trace_id=trace-15511560 user_id=user-1195 status_code=200 latency_ms=191 message="User preferences updated"
2026-09-20 08:13:41 INFO auth-service Session created
2026-09-20 08:13:42 INFO auth-service Token issued
2026-09-20 08:13:43 INFO worker-service Worker heartbeat OK
2026-09-20 08:13:44 INFO search-service Index refreshed
2026-09-20 08:13:45 level=INFO service=inventory-service component=inventory-service request_id=req-599544 trace_id=trace-43370067 user_id=user-2825 status_code=200 latency_ms=197 message="Inventory reserved"
2026-09-20 08:13:46 INFO api-gateway Request routed successfully
2026-09-20 08:13:47 level=INFO service=redis-service component=redis-service request_id=req-154252 trace_id=trace-73929185 user_id=user-4433 status_code=200 latency_ms=200 message="Cache warmed"
2026-09-20 08:13:48 level=INFO service=user-service component=user-service request_id=req-742043 trace_id=trace-73932497 user_id=user-4158 status_code=200 latency_ms=81 message="User preferences updated"
2026-09-20 08:13:49 INFO order-service Order shipped
2026-09-20 08:13:50 INFO api-gateway Health check OK
2026-09-20 08:13:51 INFO database-service Transaction committed
2026-09-20 08:13:52 DEBUG scheduler-service Scheduled job started
2026-09-20 08:13:53 level=DEBUG service=scheduler-service component=scheduler-service request_id=req-281216 trace_id=trace-13693563 user_id=user-8824 status_code=200 latency_ms=92 message="Cron tick processed"
2026-09-20 08:13:54 INFO payment-service Payment request received
2026-09-20 08:13:55 level=WARNING service=monitoring-service component=monitoring-service request_id=req-697934 trace_id=trace-65502621 user_id=user-1619 status_code=200 latency_ms=180 message="Health probe OK"
2026-09-20 08:13:56 INFO auth-service User authenticated successfully
2026-09-20 08:13:57 INFO monitoring-service Alert evaluated: no action
2026-09-20 08:13:58 INFO database-service Query executed successfully
2026-09-20 08:13:59 level=INFO service=database-service component=database-service request_id=req-114429 trace_id=trace-83926899 user_id=user-9614 status_code=200 latency_ms=115 message="Query executed successfully"
2026-09-20 08:14:00 INFO redis-service Cache warmed
2026-09-20 08:14:01 INFO search-service Search query executed
2026-09-20 08:14:02 INFO api-gateway TLS handshake completed
2026-09-20 08:14:03 INFO user-service User profile fetched
2026-09-20 08:14:04 INFO worker-service Job completed successfully
2026-09-20 08:14:05 INFO redis-service Cache warmed
2026-09-20 08:14:06 INFO worker-service Job picked up
2026-09-20 08:14:07 INFO search-service Index refreshed
2026-09-20 08:14:08 level=INFO service=order-service component=order-service request_id=req-509811 trace_id=trace-65338168 user_id=user-5772 status_code=200 latency_ms=142 message="Order status updated"
2026-09-20 08:14:09 level=INFO service=worker-service component=worker-service request_id=req-455589 trace_id=trace-24010182 user_id=user-9850 status_code=200 latency_ms=234 message="Job completed successfully"
2026-09-20 08:14:10 level=INFO service=payment-service component=payment-service request_id=req-782938 trace_id=trace-84281776 user_id=user-5430 status_code=200 latency_ms=130 message="Payment authorized"
2026-09-20 08:14:11 INFO monitoring-service Metrics scraped
2026-09-20 08:14:12 level=INFO service=scheduler-service component=scheduler-service request_id=req-504819 trace_id=trace-45002685 user_id=user-4168 status_code=200 latency_ms=264 message="Scheduled job completed"
2026-09-20 08:14:13 INFO order-service Order confirmed
2026-09-20 08:14:14 INFO order-service Order status updated
2026-09-20 08:14:15 INFO api-gateway TLS handshake completed
2026-09-20 08:14:16 INFO scheduler-service Cron tick processed
2026-09-20 08:14:17 INFO scheduler-service Scheduled job completed
2026-09-20 08:14:18 INFO database-service Query executed successfully
2026-09-20 08:14:19 INFO payment-service Refund processed successfully
2026-09-20 08:14:20 WARNING auth-service Token refreshed
2026-09-20 08:14:21 INFO redis-service Cache set
2026-09-20 08:14:22 level=INFO service=database-service component=database-service request_id=req-154929 trace_id=trace-19728002 user_id=user-3623 status_code=200 latency_ms=257 message="Transaction committed"
2026-09-20 08:14:23 INFO order-service Order created
2026-09-20 08:14:24 INFO order-service Order confirmed
2026-09-20 08:14:25 WARNING order-service Order status updated
2026-09-20 08:14:26 level=INFO service=order-service component=order-service request_id=req-507873 trace_id=trace-56246137 user_id=user-2118 status_code=200 latency_ms=117 message="Order shipped"
2026-09-20 08:14:27 INFO monitoring-service Health probe OK
2026-09-20 08:14:28 INFO monitoring-service Health probe OK
2026-09-20 08:14:29 INFO search-service Search query executed
2026-09-20 08:14:30 INFO monitoring-service Metrics scraped
2026-09-20 08:14:31 INFO scheduler-service Scheduled job started
2026-09-20 08:14:32 INFO monitoring-service Metrics scraped
2026-09-20 08:14:33 level=WARNING service=database-service component=database-service request_id=req-105095 trace_id=trace-13605615 user_id=user-6593 status_code=200 latency_ms=142 message="Query executed successfully"
2026-09-20 08:14:34 INFO database-service Transaction committed
2026-09-20 08:14:35 INFO payment-service Payment authorized
2026-09-20 08:14:36 INFO auth-service Session created
2026-09-20 08:14:37 INFO api-gateway TLS handshake completed
2026-09-20 08:14:38 level=INFO service=inventory-service component=inventory-service request_id=req-831679 trace_id=trace-37587025 user_id=user-1505 status_code=200 latency_ms=38 message="Inventory released"
2026-09-20 08:14:39 level=INFO service=user-service component=user-service request_id=req-961734 trace_id=trace-95479589 user_id=user-7646 status_code=200 latency_ms=140 message="User created"
2026-09-20 08:14:40 INFO inventory-service Stock level checked
2026-09-20 08:14:41 INFO inventory-service Inventory released
2026-09-20 08:14:42 INFO worker-service Job completed successfully
2026-09-20 08:14:43 INFO monitoring-service Metrics scraped
2026-09-20 08:14:44 level=DEBUG service=monitoring-service component=monitoring-service request_id=req-495656 trace_id=trace-23329586 user_id=user-5554 status_code=200 latency_ms=154 message="Metrics scraped"
2026-09-20 08:14:45 level=INFO service=monitoring-service component=monitoring-service request_id=req-922014 trace_id=trace-47282809 user_id=user-2299 status_code=200 latency_ms=41 message="Health probe OK"
2026-09-20 08:14:46 INFO scheduler-service Scheduled job completed
2026-09-20 08:14:47 level=INFO service=order-service component=order-service request_id=req-349940 trace_id=trace-77610027 user_id=user-8510 status_code=200 latency_ms=210 message="Order status updated"
2026-09-20 08:14:48 INFO notification-service Email queued
2026-09-20 08:14:49 INFO database-service Transaction committed
2026-09-20 08:14:50 INFO scheduler-service Scheduled job completed
2026-09-20 08:14:51 level=INFO service=notification-service component=notification-service request_id=req-859623 trace_id=trace-77038045 user_id=user-6039 status_code=200 latency_ms=291 message="SMS delivered"
2026-09-20 08:14:52 INFO payment-service Refund processed successfully
2026-09-20 08:14:53 level=INFO service=user-service component=user-service request_id=req-624885 trace_id=trace-73099236 user_id=user-3836 status_code=200 latency_ms=272 message="User created"
2026-09-20 08:14:54 INFO notification-service Push notification sent
2026-09-20 08:14:55 level=INFO service=auth-service component=auth-service request_id=req-704233 trace_id=trace-88548401 user_id=user-9587 status_code=200 latency_ms=127 message="Token issued"
2026-09-20 08:14:56 INFO auth-service Logout successful
2026-09-20 08:14:57 level=INFO service=api-gateway component=api-gateway request_id=req-793965 trace_id=trace-10902071 user_id=user-5742 status_code=200 latency_ms=85 message="Request routed successfully"
2026-09-20 08:14:58 INFO scheduler-service Cron tick processed
2026-09-20 08:14:59 INFO monitoring-service Health probe OK
2026-09-20 08:15:00 level=INFO service=database-service component=database-service request_id=req-781473 trace_id=trace-60985357 user_id=user-7399 status_code=200 latency_ms=252 message="Transaction committed"
2026-09-20 08:15:01 INFO api-gateway Incoming request accepted
2026-09-20 08:15:02 INFO user-service User profile fetched
2026-09-20 08:15:03 INFO scheduler-service Scheduled job completed
2026-09-20 08:15:04 INFO database-service Index scan completed
2026-09-20 08:15:05 INFO notification-service Push notification sent
2026-09-20 08:15:06 INFO notification-service Push notification sent
2026-09-20 08:15:07 level=DEBUG service=notification-service component=notification-service request_id=req-803819 trace_id=trace-55905540 user_id=user-3288 status_code=200 latency_ms=271 message="Push notification sent"
2026-09-20 08:15:08 INFO search-service Index refreshed
2026-09-20 08:15:09 level=INFO service=auth-service component=auth-service request_id=req-644638 trace_id=trace-76452258 user_id=user-9670 status_code=200 latency_ms=290 message="Token refreshed"
2026-09-20 08:15:10 INFO auth-service Logout successful
2026-09-20 08:15:11 INFO auth-service Token refreshed
2026-09-20 08:15:12 level=INFO service=auth-service component=auth-service request_id=req-479390 trace_id=trace-15448206 user_id=user-7785 status_code=200 latency_ms=298 message="Session created"
2026-09-20 08:15:13 INFO search-service Query results returned
2026-09-20 08:15:14 INFO worker-service Worker heartbeat OK
2026-09-20 08:15:15 INFO worker-service Job picked up
2026-09-20 08:15:16 INFO database-service Index scan completed
2026-09-20 08:15:17 level=INFO service=notification-service component=notification-service request_id=req-369424 trace_id=trace-43174825 user_id=user-1911 status_code=200 latency_ms=59 message="Email queued"
2026-09-20 08:15:18 INFO user-service User preferences updated
2026-09-20 08:15:19 INFO user-service User profile fetched
2026-09-20 08:15:20 INFO payment-service Payment gateway responded 200
2026-09-20 08:15:21 INFO api-gateway Rate limit check passed
2026-09-20 08:15:22 INFO inventory-service Inventory reserved
2026-09-20 08:15:23 level=INFO service=auth-service component=auth-service request_id=req-209410 trace_id=trace-56117588 user_id=user-2225 status_code=200 latency_ms=216 message="Token refreshed"
2026-09-20 08:15:24 INFO order-service Order status updated
2026-09-20 08:15:25 level=INFO service=inventory-service component=inventory-service request_id=req-575074 trace_id=trace-86755111 user_id=user-9949 status_code=200 latency_ms=52 message="Inventory released"
2026-09-20 08:15:26 INFO user-service Profile cache warmed
2026-09-20 08:15:27 INFO payment-service Payment captured
2026-09-20 08:15:28 WARNING notification-service SMS delivered
2026-09-20 08:15:29 INFO user-service User preferences updated
2026-09-20 08:15:30 INFO redis-service Key expired normally
2026-09-20 08:15:31 INFO scheduler-service Cron tick processed
2026-09-20 08:15:32 INFO database-service Connection acquired from pool
2026-09-20 08:15:33 INFO worker-service Job picked up
2026-09-20 08:15:34 INFO search-service Query results returned
2026-09-20 08:15:35 INFO monitoring-service Alert evaluated: no action
2026-09-20 08:15:36 INFO order-service Order shipped
2026-09-20 08:15:37 INFO notification-service Email queued
2026-09-20 08:15:38 INFO notification-service SMS delivered
2026-09-20 08:15:39 INFO order-service Order shipped
2026-09-20 08:15:40 level=WARNING service=database-service component=database-service request_id=req-692014 trace_id=trace-91363169 user_id=user-1796 status_code=200 latency_ms=261 message="Index scan completed"
2026-09-20 08:15:41 level=INFO service=payment-service component=payment-service request_id=req-952691 trace_id=trace-20345276 user_id=user-1952 status_code=200 latency_ms=268 message="Payment request received"
2026-09-20 08:15:42 INFO worker-service Worker heartbeat OK
2026-09-20 08:15:43 INFO scheduler-service Scheduled job started
2026-09-20 08:15:44 level=INFO service=user-service component=user-service request_id=req-230233 trace_id=trace-59033829 user_id=user-2232 status_code=200 latency_ms=80 message="Profile cache warmed"
2026-09-20 08:15:45 DEBUG search-service Index refreshed
2026-09-20 08:15:46 INFO scheduler-service Scheduled job started
2026-09-20 08:15:47 level=INFO service=scheduler-service component=scheduler-service request_id=req-198409 trace_id=trace-62436997 user_id=user-6514 status_code=200 latency_ms=33 message="Cron tick processed"
2026-09-20 08:15:48 INFO notification-service SMS delivered
2026-09-20 08:15:49 INFO search-service Query results returned
2026-09-20 08:15:50 INFO redis-service Cache set
2026-09-20 08:15:51 INFO notification-service Email queued
2026-09-20 08:15:52 level=WARNING service=payment-service component=payment-service request_id=req-429125 trace_id=trace-52059707 user_id=user-9635 status_code=200 latency_ms=268 message="Payment request received"
2026-09-20 08:15:53 INFO order-service Order shipped
2026-09-20 08:15:54 INFO api-gateway Rate limit check passed
2026-09-20 08:15:55 level=INFO service=user-service component=user-service request_id=req-487000 trace_id=trace-11943829 user_id=user-4479 status_code=200 latency_ms=158 message="User created"
2026-09-20 08:15:56 INFO scheduler-service Scheduled job started
2026-09-20 08:15:57 INFO search-service Query results returned
2026-09-20 08:15:58 DEBUG database-service Transaction committed
2026-09-20 08:15:59 level=INFO service=order-service component=order-service request_id=req-590793 trace_id=trace-74990435 user_id=user-2576 status_code=200 latency_ms=21 message="Order confirmed"
2026-09-20 08:16:00 INFO worker-service Job picked up
2026-09-20 08:16:01 INFO scheduler-service Scheduled job started
2026-09-20 08:16:02 INFO database-service Connection acquired from pool
2026-09-20 08:16:03 INFO inventory-service Inventory reserved
2026-09-20 08:16:04 INFO database-service Transaction committed
2026-09-20 08:16:05 INFO user-service User created
2026-09-20 08:16:06 level=INFO service=payment-service component=payment-service request_id=req-526022 trace_id=trace-67443937 user_id=user-2732 status_code=200 latency_ms=214 message="Payment request received"
2026-09-20 08:16:07 INFO inventory-service Stock level checked
2026-09-20 08:16:08 INFO monitoring-service Alert evaluated: no action
2026-09-20 08:16:09 INFO search-service Index refreshed
2026-09-20 08:16:10 level=WARNING service=auth-service component=auth-service request_id=req-317783 trace_id=trace-44183020 user_id=user-4646 status_code=200 latency_ms=65 message="Token refreshed"
2026-09-20 08:16:11 INFO worker-service Job picked up
2026-09-20 08:16:12 INFO database-service Transaction committed
2026-09-20 08:16:13 level=INFO service=order-service component=order-service request_id=req-971729 trace_id=trace-27662714 user_id=user-1711 status_code=200 latency_ms=50 message="Order status updated"
2026-09-20 08:16:14 INFO user-service User profile fetched
2026-09-20 08:16:15 INFO payment-service Refund processed successfully
2026-09-20 08:16:16 INFO user-service User created
2026-09-20 08:16:17 INFO worker-service Job completed successfully
2026-09-20 08:16:18 INFO payment-service Payment request received
2026-09-20 08:16:19 level=INFO service=worker-service component=worker-service request_id=req-997974 trace_id=trace-97703852 user_id=user-6328 status_code=200 latency_ms=215 message="Job picked up"
2026-09-20 08:16:20 INFO search-service Search query executed
2026-09-20 08:16:21 INFO order-service Order shipped
2026-09-20 08:16:22 level=INFO service=notification-service component=notification-service request_id=req-885119 trace_id=trace-85621910 user_id=user-7855 status_code=200 latency_ms=97 message="Push notification sent"
2026-09-20 08:16:23 level=INFO service=search-service component=search-service request_id=req-762218 trace_id=trace-17566443 user_id=user-8592 status_code=200 latency_ms=18 message="Search query executed"
2026-09-20 08:16:24 INFO worker-service Job completed successfully
2026-09-20 08:16:25 INFO redis-service Cache set
2026-09-20 08:16:26 INFO api-gateway Response sent
2026-09-20 08:16:27 INFO database-service Transaction committed
2026-09-20 08:16:28 level=INFO service=payment-service component=payment-service request_id=req-328639 trace_id=trace-15300565 user_id=user-1233 status_code=200 latency_ms=205 message="Payment authorized"
2026-09-20 08:16:29 INFO api-gateway Request routed successfully
2026-09-20 08:16:30 INFO user-service User preferences updated
2026-09-20 08:16:31 INFO scheduler-service Cron tick processed
2026-09-20 08:16:32 INFO database-service Transaction committed
2026-09-20 08:16:33 level=INFO service=redis-service component=redis-service request_id=req-584988 trace_id=trace-97808260 user_id=user-1455 status_code=200 latency_ms=173 message="Cache warmed"
2026-09-20 08:16:34 INFO user-service Profile cache warmed
2026-09-20 08:16:35 INFO user-service User created
2026-09-20 08:16:36 INFO inventory-service Inventory released
2026-09-20 08:16:37 INFO redis-service Cache hit
2026-09-20 08:16:38 INFO scheduler-service Scheduled job started
2026-09-20 08:16:39 INFO database-service Connection acquired from pool
2026-09-20 08:16:40 INFO monitoring-service Alert evaluated: no action
2026-09-20 08:16:41 INFO monitoring-service Health probe OK
2026-09-20 08:16:42 INFO worker-service Worker heartbeat OK
2026-09-20 08:16:43 INFO inventory-service Inventory reserved
2026-09-20 08:16:44 DEBUG notification-service SMS delivered
2026-09-20 08:16:45 INFO user-service Profile cache warmed
2026-09-20 08:16:46 INFO auth-service Session created
2026-09-20 08:16:47 level=INFO service=redis-service component=redis-service request_id=req-292950 trace_id=trace-27164035 user_id=user-6342 status_code=200 latency_ms=96 message="Cache set"
2026-09-20 08:16:48 INFO payment-service Payment captured
2026-09-20 08:16:49 level=INFO service=search-service component=search-service request_id=req-341017 trace_id=trace-75051695 user_id=user-7496 status_code=200 latency_ms=81 message="Query results returned"
2026-09-20 08:16:50 DEBUG notification-service Email queued
2026-09-20 08:16:51 level=INFO service=notification-service component=notification-service request_id=req-148484 trace_id=trace-83165207 user_id=user-2269 status_code=200 latency_ms=256 message="Email queued"
2026-09-20 08:16:52 level=INFO service=user-service component=user-service request_id=req-227779 trace_id=trace-12166405 user_id=user-4281 status_code=200 latency_ms=88 message="User preferences updated"
2026-09-20 08:16:53 INFO inventory-service Stock level checked
2026-09-20 08:16:54 level=INFO service=worker-service component=worker-service request_id=req-134537 trace_id=trace-21670126 user_id=user-6007 status_code=200 latency_ms=204 message="Job picked up"
2026-09-20 08:16:55 INFO search-service Search query executed
2026-09-20 08:16:56 INFO api-gateway Incoming request accepted
2026-09-20 08:16:57 level=INFO service=worker-service component=worker-service request_id=req-672281 trace_id=trace-72792115 user_id=user-9822 status_code=200 latency_ms=42 message="Job completed successfully"
2026-09-20 08:16:58 INFO user-service User created
2026-09-20 08:16:59 level=INFO service=notification-service component=notification-service request_id=req-630348 trace_id=trace-30915021 user_id=user-6090 status_code=200 latency_ms=239 message="SMS delivered"
2026-09-20 08:17:00 INFO order-service Order status updated
2026-09-20 08:17:01 INFO order-service Order confirmed
2026-09-20 08:17:02 INFO worker-service Worker heartbeat OK
2026-09-20 08:17:03 INFO worker-service Worker heartbeat OK
2026-09-20 08:17:04 INFO auth-service Token refreshed
2026-09-20 08:17:05 INFO api-gateway Rate limit check passed
2026-09-20 08:17:06 level=INFO service=inventory-service component=inventory-service request_id=req-931265 trace_id=trace-34744664 user_id=user-7176 status_code=200 latency_ms=259 message="Inventory reserved"
2026-09-20 08:17:07 level=INFO service=notification-service component=notification-service request_id=req-443297 trace_id=trace-70119596 user_id=user-3602 status_code=200 latency_ms=88 message="Email queued"
2026-09-20 08:17:08 INFO database-service Transaction committed
2026-09-20 08:17:09 INFO notification-service SMS delivered
2026-09-20 08:17:10 INFO auth-service User authenticated successfully
2026-09-20 08:17:11 INFO order-service Order confirmed
2026-09-20 08:17:12 INFO worker-service Worker heartbeat OK
2026-09-20 08:17:13 level=INFO service=notification-service component=notification-service request_id=req-412750 trace_id=trace-90462901 user_id=user-7329 status_code=200 latency_ms=66 message="Email queued"
2026-09-20 08:17:14 INFO payment-service Refund processed successfully
2026-09-20 08:17:15 INFO notification-service SMS delivered
2026-09-20 08:17:16 INFO scheduler-service Cron tick processed
2026-09-20 08:17:17 INFO database-service Connection acquired from pool
2026-09-20 08:17:18 INFO order-service Order shipped
2026-09-20 08:17:19 INFO monitoring-service Alert evaluated: no action
2026-09-20 08:17:20 INFO search-service Query results returned
2026-09-20 08:17:21 INFO search-service Index refreshed
2026-09-20 08:17:22 level=INFO service=user-service component=user-service request_id=req-338926 trace_id=trace-98016489 user_id=user-4855 status_code=200 latency_ms=291 message="User created"
2026-09-20 08:17:23 level=INFO service=payment-service component=payment-service request_id=req-707442 trace_id=trace-35583776 user_id=user-5388 status_code=200 latency_ms=217 message="Payment gateway responded 200"
2026-09-20 08:17:24 INFO database-service Query executed successfully
2026-09-20 08:17:25 INFO worker-service Job picked up
2026-09-20 08:17:26 INFO database-service Connection acquired from pool
2026-09-20 08:17:27 level=INFO service=search-service component=search-service request_id=req-267712 trace_id=trace-13731650 user_id=user-2257 status_code=200 latency_ms=95 message="Search query executed"
2026-09-20 08:17:28 INFO notification-service SMS delivered
2026-09-20 08:17:29 level=DEBUG service=auth-service component=auth-service request_id=req-481484 trace_id=trace-30388009 user_id=user-4543 status_code=200 latency_ms=65 message="Token issued"
2026-09-20 08:17:30 INFO payment-service Payment authorized
2026-09-20 08:17:31 level=INFO service=notification-service component=notification-service request_id=req-405228 trace_id=trace-10653733 user_id=user-3907 status_code=200 latency_ms=49 message="SMS delivered"
2026-09-20 08:17:32 level=INFO service=payment-service component=payment-service request_id=req-675945 trace_id=trace-89833283 user_id=user-7986 status_code=200 latency_ms=77 message="Payment request received"
2026-09-20 08:17:33 level=INFO service=database-service component=database-service request_id=req-733754 trace_id=trace-12438447 user_id=user-5012 status_code=200 latency_ms=193 message="Query executed successfully"
2026-09-20 08:17:34 INFO payment-service Refund processed successfully
2026-09-20 08:17:35 INFO inventory-service Inventory released
2026-09-20 08:17:36 DEBUG api-gateway Request routed successfully
2026-09-20 08:17:37 level=INFO service=worker-service component=worker-service request_id=req-494493 trace_id=trace-56003616 user_id=user-4482 status_code=200 latency_ms=252 message="Worker heartbeat OK"
2026-09-20 08:17:38 INFO monitoring-service Health probe OK
2026-09-20 08:17:39 INFO redis-service Cache set
2026-09-20 08:17:40 level=INFO service=redis-service component=redis-service request_id=req-427801 trace_id=trace-48208861 user_id=user-9074 status_code=200 latency_ms=52 message="Cache warmed"
2026-09-20 08:17:41 level=INFO service=order-service component=order-service request_id=req-850289 trace_id=trace-84148525 user_id=user-8408 status_code=200 latency_ms=44 message="Order created"
2026-09-20 08:17:42 INFO api-gateway Health check OK
2026-09-20 08:17:43 level=INFO service=auth-service component=auth-service request_id=req-788692 trace_id=trace-79749541 user_id=user-1158 status_code=200 latency_ms=136 message="Token refreshed"
2026-09-20 08:17:44 INFO redis-service Cache set
2026-09-20 08:17:45 level=INFO service=scheduler-service component=scheduler-service request_id=req-275878 trace_id=trace-25200956 user_id=user-7233 status_code=200 latency_ms=119 message="Scheduled job started"
2026-09-20 08:17:46 INFO worker-service Job picked up
2026-09-20 08:17:47 level=INFO service=search-service component=search-service request_id=req-672925 trace_id=trace-41331290 user_id=user-3274 status_code=200 latency_ms=53 message="Search query executed"
2026-09-20 08:17:48 level=INFO service=worker-service component=worker-service request_id=req-503052 trace_id=trace-31498636 user_id=user-6913 status_code=200 latency_ms=245 message="Job completed successfully"
2026-09-20 08:17:49 INFO auth-service User authenticated successfully
2026-09-20 08:17:50 INFO payment-service Payment request received
2026-09-20 08:17:51 level=INFO service=search-service component=search-service request_id=req-275600 trace_id=trace-61845608 user_id=user-9095 status_code=200 latency_ms=125 message="Index refreshed"
2026-09-20 08:17:52 DEBUG worker-service Worker heartbeat OK
2026-09-20 08:17:53 level=INFO service=notification-service component=notification-service request_id=req-591028 trace_id=trace-82077282 user_id=user-7740 status_code=200 latency_ms=236 message="Email queued"
2026-09-20 08:17:54 level=INFO service=scheduler-service component=scheduler-service request_id=req-200506 trace_id=trace-54706953 user_id=user-4093 status_code=200 latency_ms=178 message="Cron tick processed"
2026-09-20 08:17:55 INFO redis-service Key expired normally
2026-09-20 08:17:56 level=INFO service=notification-service component=notification-service request_id=req-744655 trace_id=trace-86956727 user_id=user-5896 status_code=200 latency_ms=35 message="Email queued"
2026-09-20 08:17:57 level=INFO service=payment-service component=payment-service request_id=req-396656 trace_id=trace-11600631 user_id=user-6914 status_code=200 latency_ms=26 message="Payment captured"
2026-09-20 08:17:58 INFO monitoring-service Alert evaluated: no action
2026-09-20 08:17:59 INFO monitoring-service Alert evaluated: no action
2026-09-20 08:18:00 level=INFO service=database-service component=database-service request_id=req-626176 trace_id=trace-52937596 user_id=user-3683 status_code=200 latency_ms=147 message="Transaction committed"
2026-09-20 08:18:01 INFO redis-service Cache warmed
2026-09-20 08:18:02 INFO user-service User created
2026-09-20 08:18:03 level=INFO service=search-service component=search-service request_id=req-124847 trace_id=trace-97296766 user_id=user-8364 status_code=200 latency_ms=131 message="Query results returned"
2026-09-20 08:18:04 INFO notification-service Push notification sent
2026-09-20 08:18:05 INFO inventory-service Stock level checked
2026-09-20 08:18:06 INFO scheduler-service Scheduled job started
2026-09-20 08:18:07 INFO auth-service Session created
2026-09-20 08:18:08 INFO database-service Connection acquired from pool
2026-09-20 08:18:09 DEBUG search-service Query results returned
2026-09-20 08:18:10 level=INFO service=user-service component=user-service request_id=req-166281 trace_id=trace-35941270 user_id=user-5188 status_code=200 latency_ms=95 message="User created"
2026-09-20 08:18:11 INFO api-gateway Health check OK
2026-09-20 08:18:12 DEBUG redis-service Cache hit
2026-09-20 08:18:13 INFO auth-service Session created
2026-09-20 08:18:14 INFO payment-service Payment captured
2026-09-20 08:18:15 INFO database-service Query executed successfully
2026-09-20 08:18:16 INFO worker-service Worker heartbeat OK
2026-09-20 08:18:17 INFO monitoring-service Alert evaluated: no action
2026-09-20 08:18:18 INFO redis-service Cache set
2026-09-20 08:18:19 INFO payment-service Payment captured
2026-09-20 08:18:20 INFO database-service Query executed successfully
2026-09-20 08:18:21 INFO order-service Order created
2026-09-20 08:18:22 WARNING redis-service Cache hit
2026-09-20 08:18:23 INFO payment-service Payment captured
2026-09-20 08:18:24 INFO inventory-service Inventory reserved
2026-09-20 08:18:25 INFO notification-service Push notification sent
2026-09-20 08:18:26 INFO search-service Search query executed
2026-09-20 08:18:27 INFO notification-service Email queued
2026-09-20 08:18:28 INFO search-service Search query executed
2026-09-20 08:18:29 INFO order-service Order status updated
2026-09-20 08:18:30 level=INFO service=database-service component=database-service request_id=req-797807 trace_id=trace-37599959 user_id=user-1068 status_code=200 latency_ms=93 message="Query executed successfully"
2026-09-20 08:18:31 INFO order-service Order shipped
2026-09-20 08:18:32 INFO order-service Order confirmed
2026-09-20 08:18:33 INFO worker-service Job picked up
2026-09-20 08:18:34 INFO api-gateway Rate limit check passed
2026-09-20 08:18:35 INFO worker-service Worker heartbeat OK
2026-09-20 08:18:36 INFO search-service Search query executed
2026-09-20 08:18:37 INFO redis-service Cache warmed
2026-09-20 08:18:38 level=INFO service=search-service component=search-service request_id=req-834619 trace_id=trace-73430999 user_id=user-1260 status_code=200 latency_ms=188 message="Search query executed"
2026-09-20 08:18:39 level=INFO service=auth-service component=auth-service request_id=req-703273 trace_id=trace-77515432 user_id=user-7568 status_code=200 latency_ms=139 message="Token refreshed"
2026-09-20 08:18:40 INFO worker-service Worker heartbeat OK
2026-09-20 08:18:41 INFO redis-service Cache warmed
2026-09-20 08:18:42 level=INFO service=order-service component=order-service request_id=req-343813 trace_id=trace-52828222 user_id=user-7437 status_code=200 latency_ms=300 message="Order status updated"
2026-09-20 08:18:43 INFO monitoring-service Metrics scraped
2026-09-20 08:18:44 INFO search-service Query results returned
2026-09-20 08:18:45 INFO worker-service Job picked up
2026-09-20 08:18:46 INFO auth-service Token refreshed
2026-09-20 08:18:47 INFO user-service User created
2026-09-20 08:18:48 INFO notification-service Email queued
2026-09-20 08:18:49 INFO notification-service Email queued
2026-09-20 08:18:50 INFO api-gateway TLS handshake completed
2026-09-20 08:18:51 INFO payment-service Payment authorized
2026-09-20 08:18:52 WARNING scheduler-service Scheduled job started
2026-09-20 08:18:53 INFO notification-service Email queued
2026-09-20 08:18:54 INFO redis-service Cache set
2026-09-20 08:18:55 INFO user-service User profile fetched
2026-09-20 08:18:56 INFO order-service Order created
2026-09-20 08:18:57 INFO worker-service Job picked up
2026-09-20 08:18:58 level=INFO service=order-service component=order-service request_id=req-456027 trace_id=trace-45586189 user_id=user-5341 status_code=200 latency_ms=254 message="Order created"
2026-09-20 08:18:59 WARNING order-service Order shipped
2026-09-20 08:19:00 INFO order-service Order created
2026-09-20 08:19:01 INFO redis-service Cache set
2026-09-20 08:19:02 INFO monitoring-service Metrics scraped
2026-09-20 08:19:03 level=INFO service=inventory-service component=inventory-service request_id=req-386377 trace_id=trace-75916903 user_id=user-3844 status_code=200 latency_ms=223 message="Inventory released"
2026-09-20 08:19:04 level=INFO service=order-service component=order-service request_id=req-563637 trace_id=trace-33290727 user_id=user-5148 status_code=200 latency_ms=271 message="Order shipped"
2026-09-20 08:19:05 level=INFO service=database-service component=database-service request_id=req-619928 trace_id=trace-60285636 user_id=user-2937 status_code=200 latency_ms=285 message="Transaction committed"
2026-09-20 08:19:06 level=INFO service=inventory-service component=inventory-service request_id=req-948844 trace_id=trace-26002695 user_id=user-5277 status_code=200 latency_ms=176 message="Stock level checked"
2026-09-20 08:19:07 level=WARNING service=inventory-service component=inventory-service request_id=req-330939 trace_id=trace-47307041 user_id=user-8866 status_code=200 latency_ms=285 message="Inventory released"
2026-09-20 08:19:08 INFO search-service Query results returned
2026-09-20 08:19:09 INFO api-gateway Incoming request accepted
2026-09-20 08:19:10 INFO redis-service Key expired normally
2026-09-20 08:19:11 level=DEBUG service=payment-service component=payment-service request_id=req-524151 trace_id=trace-50246536 user_id=user-4909 status_code=200 latency_ms=143 message="Payment gateway responded 200"
2026-09-20 08:19:12 INFO scheduler-service Cron tick processed
2026-09-20 08:19:13 level=INFO service=notification-service component=notification-service request_id=req-957703 trace_id=trace-95320770 user_id=user-2163 status_code=200 latency_ms=39 message="Push notification sent"
2026-09-20 08:19:14 INFO order-service Order created
2026-09-20 08:19:15 level=INFO service=scheduler-service component=scheduler-service request_id=req-495963 trace_id=trace-89850547 user_id=user-7770 status_code=200 latency_ms=28 message="Scheduled job completed"
2026-09-20 08:19:16 INFO user-service User created
2026-09-20 08:19:17 INFO monitoring-service Metrics scraped
2026-09-20 08:19:18 INFO database-service Query executed successfully
2026-09-20 08:19:19 INFO api-gateway Rate limit check passed
2026-09-20 08:19:20 level=INFO service=inventory-service component=inventory-service request_id=req-433888 trace_id=trace-10298696 user_id=user-3273 status_code=200 latency_ms=99 message="Stock level checked"
2026-09-20 08:19:21 WARNING scheduler-service Scheduled job started
2026-09-20 08:19:22 level=INFO service=api-gateway component=api-gateway request_id=req-273075 trace_id=trace-84883001 user_id=user-9865 status_code=200 latency_ms=261 message="Request routed successfully"
2026-09-20 08:19:23 INFO notification-service SMS delivered
2026-09-20 08:19:24 level=INFO service=worker-service component=worker-service request_id=req-183831 trace_id=trace-45470187 user_id=user-9978 status_code=200 latency_ms=215 message="Job picked up"
2026-09-20 08:19:25 INFO order-service Order created
2026-09-20 08:19:26 INFO search-service Index refreshed
2026-09-20 08:19:27 INFO worker-service Job completed successfully
2026-09-20 08:19:28 INFO order-service Order created
2026-09-20 08:19:29 level=INFO service=order-service component=order-service request_id=req-114512 trace_id=trace-96119272 user_id=user-8793 status_code=200 latency_ms=215 message="Order shipped"
2026-09-20 08:19:30 level=INFO service=user-service component=user-service request_id=req-543692 trace_id=trace-19090527 user_id=user-6799 status_code=200 latency_ms=288 message="User preferences updated"
2026-09-20 08:19:31 INFO search-service Query results returned
2026-09-20 08:19:32 INFO inventory-service Inventory released
2026-09-20 08:19:33 INFO order-service Order shipped
2026-09-20 08:19:34 INFO scheduler-service Scheduled job completed
2026-09-20 08:19:35 level=INFO service=search-service component=search-service request_id=req-429663 trace_id=trace-76962901 user_id=user-8829 status_code=200 latency_ms=189 message="Query results returned"
2026-09-20 08:19:36 INFO search-service Query results returned
2026-09-20 08:19:37 level=INFO service=user-service component=user-service request_id=req-854860 trace_id=trace-93984686 user_id=user-2633 status_code=200 latency_ms=174 message="Profile cache warmed"
2026-09-20 08:19:38 INFO api-gateway Health check OK
2026-09-20 08:19:39 INFO scheduler-service Scheduled job started
2026-09-20 08:19:40 INFO monitoring-service Metrics scraped
2026-09-20 08:19:41 INFO user-service Profile cache warmed
2026-09-20 08:19:42 INFO auth-service Logout successful
2026-09-20 08:19:43 INFO search-service Index refreshed
2026-09-20 08:19:44 level=INFO service=api-gateway component=api-gateway request_id=req-809375 trace_id=trace-72814294 user_id=user-7435 status_code=200 latency_ms=172 message="Incoming request accepted"
2026-09-20 08:19:45 INFO api-gateway Rate limit check passed
2026-09-20 08:19:46 level=INFO service=monitoring-service component=monitoring-service request_id=req-235822 trace_id=trace-62267053 user_id=user-3706 status_code=200 latency_ms=163 message="Metrics scraped"
2026-09-20 08:19:47 INFO worker-service Job completed successfully
2026-09-20 08:19:48 INFO order-service Order created
2026-09-20 08:19:49 INFO auth-service Token refreshed
2026-09-20 08:19:50 INFO api-gateway Response sent
2026-09-20 08:19:51 INFO inventory-service Stock level checked
2026-09-20 08:19:52 INFO monitoring-service Metrics scraped
2026-09-20 08:19:53 level=INFO service=database-service component=database-service request_id=req-857843 trace_id=trace-66016616 user_id=user-6939 status_code=200 latency_ms=243 message="Transaction committed"
2026-09-20 08:19:54 INFO monitoring-service Health probe OK
2026-09-20 08:19:55 INFO database-service Transaction committed
2026-09-20 08:19:56 INFO scheduler-service Scheduled job completed
2026-09-20 08:19:57 level=INFO service=scheduler-service component=scheduler-service request_id=req-957492 trace_id=trace-83928378 user_id=user-5758 status_code=200 latency_ms=184 message="Scheduled job started"
2026-09-20 08:19:58 INFO notification-service SMS delivered
2026-09-20 08:19:59 INFO api-gateway Incoming request accepted
2026-09-20 08:20:00 INFO monitoring-service Metrics scraped
2026-09-20 08:20:01 INFO search-service Search query executed
2026-09-20 08:20:02 INFO search-service Index refreshed
2026-09-20 08:20:03 INFO auth-service Logout successful
2026-09-20 08:20:04 level=INFO service=order-service component=order-service request_id=req-797065 trace_id=trace-79391503 user_id=user-6561 status_code=200 latency_ms=129 message="Order created"
2026-09-20 08:20:05 level=DEBUG service=order-service component=order-service request_id=req-896506 trace_id=trace-22036141 user_id=user-6611 status_code=200 latency_ms=149 message="Order created"
2026-09-20 08:20:06 INFO search-service Search query executed
2026-09-20 08:20:07 INFO notification-service Push notification sent
2026-09-20 08:20:08 INFO inventory-service Inventory released
2026-09-20 08:20:09 INFO payment-service Payment authorized
2026-09-20 08:20:10 INFO search-service Index refreshed
2026-09-20 08:20:11 INFO inventory-service Inventory reserved
2026-09-20 08:20:12 INFO order-service Order status updated
2026-09-20 08:20:13 INFO api-gateway Response sent
2026-09-20 08:20:14 level=INFO service=api-gateway component=api-gateway request_id=req-179932 trace_id=trace-19254020 user_id=user-9637 status_code=200 latency_ms=223 message="Health check OK"
2026-09-20 08:20:15 level=INFO service=search-service component=search-service request_id=req-646601 trace_id=trace-34099882 user_id=user-7265 status_code=200 latency_ms=88 message="Index refreshed"
2026-09-20 08:20:16 WARNING inventory-service Stock level checked
2026-09-20 08:20:17 level=INFO service=scheduler-service component=scheduler-service request_id=req-604326 trace_id=trace-21412383 user_id=user-7301 status_code=200 latency_ms=48 message="Scheduled job completed"
2026-09-20 08:20:18 WARNING api-gateway Health check OK
2026-09-20 08:20:19 level=INFO service=scheduler-service component=scheduler-service request_id=req-406053 trace_id=trace-47765029 user_id=user-2422 status_code=200 latency_ms=206 message="Scheduled job started"
2026-09-20 08:20:20 INFO redis-service Cache set
2026-09-20 08:20:21 INFO monitoring-service Metrics scraped
2026-09-20 08:20:22 DEBUG worker-service Worker heartbeat OK
2026-09-20 08:20:23 INFO payment-service Payment gateway responded 200
2026-09-20 08:20:24 level=INFO service=scheduler-service component=scheduler-service request_id=req-535687 trace_id=trace-75165778 user_id=user-7769 status_code=200 latency_ms=138 message="Scheduled job started"
2026-09-20 08:20:25 INFO database-service Index scan completed
2026-09-20 08:20:26 INFO notification-service Push notification sent
2026-09-20 08:20:27 INFO inventory-service Inventory reserved
2026-09-20 08:20:28 level=INFO service=api-gateway component=api-gateway request_id=req-945071 trace_id=trace-43570307 user_id=user-4310 status_code=200 latency_ms=184 message="Response sent"
2026-09-20 08:20:29 level=INFO service=inventory-service component=inventory-service request_id=req-246496 trace_id=trace-61246837 user_id=user-4347 status_code=200 latency_ms=40 message="Inventory released"
2026-09-20 08:20:30 level=INFO service=search-service component=search-service request_id=req-663458 trace_id=trace-92982639 user_id=user-3216 status_code=200 latency_ms=40 message="Search query executed"
2026-09-20 08:20:31 INFO user-service User preferences updated
2026-09-20 08:20:32 INFO payment-service Payment request received
2026-09-20 08:20:33 INFO worker-service Job completed successfully
2026-09-20 08:20:34 INFO api-gateway Health check OK
2026-09-20 08:20:35 level=INFO service=api-gateway component=api-gateway request_id=req-395112 trace_id=trace-24243671 user_id=user-6240 status_code=200 latency_ms=240 message="Incoming request accepted"
2026-09-20 08:20:36 WARNING worker-service Worker heartbeat OK
2026-09-20 08:20:37 INFO order-service Order status updated
2026-09-20 08:20:38 INFO payment-service Refund processed successfully
2026-09-20 08:20:39 WARNING redis-service Key expired normally
2026-09-20 08:20:40 level=INFO service=database-service component=database-service request_id=req-711458 trace_id=trace-47832433 user_id=user-1879 status_code=200 latency_ms=104 message="Index scan completed"
2026-09-20 08:20:41 INFO notification-service Push notification sent
2026-09-20 08:20:42 level=INFO service=inventory-service component=inventory-service request_id=req-631887 trace_id=trace-93215525 user_id=user-4379 status_code=200 latency_ms=199 message="Stock level checked"
2026-09-20 08:20:43 level=INFO service=database-service component=database-service request_id=req-289516 trace_id=trace-82076657 user_id=user-5333 status_code=200 latency_ms=294 message="Query executed successfully"
2026-09-20 08:20:44 WARNING redis-service Cache hit
2026-09-20 08:20:45 INFO scheduler-service Scheduled job completed
2026-09-20 08:20:46 WARNING inventory-service Inventory reserved
2026-09-20 08:20:47 INFO inventory-service Stock level checked
2026-09-20 08:20:48 INFO scheduler-service Scheduled job completed
2026-09-20 08:20:49 INFO notification-service Push notification sent
2026-09-20 08:20:50 level=INFO service=notification-service component=notification-service request_id=req-131637 trace_id=trace-44605026 user_id=user-2188 status_code=200 latency_ms=18 message="Push notification sent"
2026-09-20 08:20:51 INFO inventory-service Stock level checked
2026-09-20 08:20:52 INFO scheduler-service Scheduled job completed
2026-09-20 08:20:53 INFO inventory-service Stock level checked
2026-09-20 08:20:54 INFO redis-service Cache warmed
2026-09-20 08:20:55 INFO inventory-service Stock level checked
2026-09-20 08:20:56 INFO order-service Order created
2026-09-20 08:20:57 INFO search-service Search query executed
2026-09-20 08:20:58 INFO auth-service Token refreshed
2026-09-20 08:20:59 INFO scheduler-service Cron tick processed
2026-09-20 08:21:00 INFO api-gateway Rate limit check passed
2026-09-20 08:21:01 INFO database-service Query executed successfully
2026-09-20 08:21:02 level=INFO service=database-service component=database-service request_id=req-210987 trace_id=trace-65513178 user_id=user-2601 status_code=200 latency_ms=142 message="Index scan completed"
2026-09-20 08:21:03 INFO user-service User profile fetched
2026-09-20 08:21:04 INFO search-service Query results returned
2026-09-20 08:21:05 INFO notification-service Push notification sent
2026-09-20 08:21:06 INFO auth-service Token refreshed
2026-09-20 08:21:07 INFO scheduler-service Cron tick processed
2026-09-20 08:21:08 INFO auth-service Session created
2026-09-20 08:21:09 INFO redis-service Cache hit
2026-09-20 08:21:10 INFO worker-service Job completed successfully
2026-09-20 08:21:11 INFO redis-service Key expired normally
2026-09-20 08:21:12 INFO payment-service Payment captured
2026-09-20 08:21:13 INFO worker-service Job completed successfully
2026-09-20 08:21:14 INFO search-service Search query executed
2026-09-20 08:21:15 INFO notification-service Email queued
2026-09-20 08:21:16 INFO notification-service Push notification sent
2026-09-20 08:21:17 INFO inventory-service Inventory released
2026-09-20 08:21:18 INFO payment-service Payment gateway responded 200
2026-09-20 08:21:19 INFO user-service User created
2026-09-20 08:21:20 INFO payment-service Payment captured
2026-09-20 08:21:21 level=INFO service=notification-service component=notification-service request_id=req-772387 trace_id=trace-67667535 user_id=user-8389 status_code=200 latency_ms=89 message="Email queued"
2026-09-20 08:21:22 INFO scheduler-service Cron tick processed
2026-09-20 08:21:23 INFO scheduler-service Cron tick processed
2026-09-20 08:21:24 INFO order-service Order status updated
2026-09-20 08:21:25 level=INFO service=payment-service component=payment-service request_id=req-618689 trace_id=trace-94151089 user_id=user-1834 status_code=200 latency_ms=97 message="Payment authorized"
2026-09-20 08:21:26 INFO order-service Order status updated
2026-09-20 08:21:27 INFO auth-service Token refreshed
2026-09-20 08:21:28 level=INFO service=scheduler-service component=scheduler-service request_id=req-226354 trace_id=trace-28004380 user_id=user-8908 status_code=200 latency_ms=17 message="Scheduled job completed"
2026-09-20 08:21:29 level=INFO service=order-service component=order-service request_id=req-313699 trace_id=trace-24484665 user_id=user-2482 status_code=200 latency_ms=214 message="Order created"
2026-09-20 08:21:30 level=INFO service=search-service component=search-service request_id=req-977505 trace_id=trace-80352288 user_id=user-6944 status_code=200 latency_ms=23 message="Index refreshed"
2026-09-20 08:21:31 level=INFO service=worker-service component=worker-service request_id=req-282218 trace_id=trace-35856800 user_id=user-1197 status_code=200 latency_ms=91 message="Job completed successfully"
2026-09-20 08:21:32 INFO notification-service Push notification sent
2026-09-20 08:21:33 INFO worker-service Job completed successfully
2026-09-20 08:21:34 level=INFO service=notification-service component=notification-service request_id=req-424416 trace_id=trace-18708607 user_id=user-1030 status_code=200 latency_ms=281 message="Push notification sent"
2026-09-20 08:21:35 INFO monitoring-service Metrics scraped
2026-09-20 08:21:36 level=DEBUG service=scheduler-service component=scheduler-service request_id=req-119363 trace_id=trace-39259677 user_id=user-3088 status_code=200 latency_ms=119 message="Cron tick processed"
2026-09-20 08:21:37 INFO order-service Order confirmed
2026-09-20 08:21:38 level=INFO service=order-service component=order-service request_id=req-233509 trace_id=trace-40771866 user_id=user-6595 status_code=200 latency_ms=181 message="Order status updated"
2026-09-20 08:21:39 INFO notification-service SMS delivered
2026-09-20 08:21:40 INFO monitoring-service Metrics scraped
2026-09-20 08:21:41 DEBUG redis-service Cache warmed
2026-09-20 08:21:42 INFO worker-service Worker heartbeat OK
2026-09-20 08:21:43 WARNING worker-service Job picked up
2026-09-20 08:21:44 INFO redis-service Cache hit
2026-09-20 08:21:45 INFO payment-service Payment authorized
2026-09-20 08:21:46 level=INFO service=payment-service component=payment-service request_id=req-768517 trace_id=trace-62520332 user_id=user-7945 status_code=200 latency_ms=122 message="Payment gateway responded 200"
2026-09-20 08:21:47 INFO notification-service Push notification sent
2026-09-20 08:21:48 INFO search-service Search query executed
2026-09-20 08:21:49 INFO worker-service Job completed successfully
2026-09-20 08:21:50 INFO inventory-service Inventory reserved
2026-09-20 08:21:51 INFO user-service Profile cache warmed
2026-09-20 08:21:52 INFO scheduler-service Cron tick processed
2026-09-20 08:21:53 INFO api-gateway Incoming request accepted
2026-09-20 08:21:54 INFO inventory-service Stock level checked
2026-09-20 08:21:55 INFO payment-service Payment authorized
2026-09-20 08:21:56 INFO scheduler-service Cron tick processed
2026-09-20 08:21:57 INFO scheduler-service Scheduled job completed
2026-09-20 08:21:58 INFO search-service Search query executed
2026-09-20 08:21:59 INFO monitoring-service Metrics scraped
2026-09-20 08:22:00 INFO redis-service Cache hit
2026-09-20 08:22:01 INFO payment-service Refund processed successfully
2026-09-20 08:22:02 INFO order-service Order shipped
2026-09-20 08:22:03 level=INFO service=search-service component=search-service request_id=req-349517 trace_id=trace-78139448 user_id=user-9237 status_code=200 latency_ms=273 message="Index refreshed"
2026-09-20 08:22:04 INFO auth-service User authenticated successfully
2026-09-20 08:22:05 INFO order-service Order status updated
2026-09-20 08:22:06 INFO order-service Order confirmed
2026-09-20 08:22:07 INFO payment-service Payment captured
2026-09-20 08:22:08 INFO inventory-service Stock level checked
2026-09-20 08:22:09 level=INFO service=scheduler-service component=scheduler-service request_id=req-788441 trace_id=trace-46090285 user_id=user-1388 status_code=200 latency_ms=182 message="Scheduled job completed"
2026-09-20 08:22:10 INFO auth-service Logout successful
2026-09-20 08:22:11 INFO search-service Search query executed
2026-09-20 08:22:12 INFO scheduler-service Cron tick processed
2026-09-20 08:22:13 INFO database-service Index scan completed
2026-09-20 08:22:14 INFO payment-service Payment authorized
2026-09-20 08:22:15 INFO redis-service Key expired normally
2026-09-20 08:22:16 INFO api-gateway Request routed successfully
2026-09-20 08:22:17 INFO search-service Query results returned
2026-09-20 08:22:18 INFO inventory-service Inventory released
2026-09-20 08:22:19 INFO user-service User preferences updated
2026-09-20 08:22:20 WARNING worker-service Job completed successfully
2026-09-20 08:22:21 INFO monitoring-service Metrics scraped
2026-09-20 08:22:22 INFO api-gateway Response sent
2026-09-20 08:22:23 level=INFO service=payment-service component=payment-service request_id=req-211228 trace_id=trace-85419724 user_id=user-6360 status_code=200 latency_ms=211 message="Refund processed successfully"
2026-09-20 08:22:24 INFO worker-service Job picked up
2026-09-20 08:22:25 level=INFO service=database-service component=database-service request_id=req-130479 trace_id=trace-39996945 user_id=user-4517 status_code=200 latency_ms=86 message="Index scan completed"
2026-09-20 08:22:26 INFO redis-service Cache hit
2026-09-20 08:22:27 DEBUG auth-service Logout successful
2026-09-20 08:22:28 INFO notification-service Push notification sent
2026-09-20 08:22:29 level=INFO service=database-service component=database-service request_id=req-334404 trace_id=trace-49626185 user_id=user-5099 status_code=200 latency_ms=242 message="Query executed successfully"
2026-09-20 08:22:30 INFO redis-service Cache warmed
2026-09-20 08:22:31 DEBUG database-service Query executed successfully
2026-09-20 08:22:32 DEBUG scheduler-service Scheduled job completed
2026-09-20 08:22:33 INFO inventory-service Inventory reserved
2026-09-20 08:22:34 INFO user-service Profile cache warmed
2026-09-20 08:22:35 level=INFO service=inventory-service component=inventory-service request_id=req-179581 trace_id=trace-62676442 user_id=user-5116 status_code=200 latency_ms=139 message="Inventory reserved"
2026-09-20 08:22:36 INFO scheduler-service Cron tick processed
2026-09-20 08:22:37 INFO inventory-service Inventory reserved
2026-09-20 08:22:38 INFO worker-service Worker heartbeat OK
2026-09-20 08:22:39 INFO scheduler-service Scheduled job completed
2026-09-20 08:22:40 level=INFO service=redis-service component=redis-service request_id=req-446570 trace_id=trace-38500488 user_id=user-2548 status_code=200 latency_ms=97 message="Cache hit"
2026-09-20 08:22:41 WARNING auth-service Token issued
2026-09-20 08:22:42 INFO notification-service Push notification sent
2026-09-20 08:22:43 INFO monitoring-service Metrics scraped
2026-09-20 08:22:44 INFO search-service Search query executed
2026-09-20 08:22:45 level=INFO service=payment-service component=payment-service request_id=req-737949 trace_id=trace-72658976 user_id=user-1212 status_code=200 latency_ms=176 message="Refund processed successfully"
2026-09-20 08:22:46 DEBUG api-gateway Response sent
2026-09-20 08:22:47 INFO api-gateway Response sent
2026-09-20 08:22:48 INFO inventory-service Inventory reserved
2026-09-20 08:22:49 INFO scheduler-service Scheduled job completed
2026-09-20 08:22:50 INFO order-service Order status updated
2026-09-20 08:22:51 INFO user-service User profile fetched
2026-09-20 08:22:52 INFO order-service Order created
2026-09-20 08:22:53 INFO inventory-service Inventory reserved
2026-09-20 08:22:54 level=INFO service=redis-service component=redis-service request_id=req-467161 trace_id=trace-49432235 user_id=user-3061 status_code=200 latency_ms=21 message="Cache hit"
2026-09-20 08:22:55 INFO worker-service Job completed successfully
2026-09-20 08:22:56 level=INFO service=scheduler-service component=scheduler-service request_id=req-711240 trace_id=trace-98075758 user_id=user-1685 status_code=200 latency_ms=59 message="Cron tick processed"
2026-09-20 08:22:57 INFO user-service User created
2026-09-20 08:22:58 INFO api-gateway Health check OK
2026-09-20 08:22:59 INFO order-service Order confirmed
2026-09-20 08:23:00 INFO database-service Query executed successfully
2026-09-20 08:23:01 level=INFO service=user-service component=user-service request_id=req-844185 trace_id=trace-70083672 user_id=user-7860 status_code=200 latency_ms=292 message="User preferences updated"
2026-09-20 08:23:02 level=INFO service=database-service component=database-service request_id=req-971776 trace_id=trace-32188694 user_id=user-9578 status_code=200 latency_ms=213 message="Index scan completed"
2026-09-20 08:23:03 INFO search-service Search query executed
2026-09-20 08:23:04 level=INFO service=monitoring-service component=monitoring-service request_id=req-691580 trace_id=trace-92127030 user_id=user-8706 status_code=200 latency_ms=123 message="Health probe OK"
2026-09-20 08:23:05 INFO redis-service Cache warmed
2026-09-20 08:23:06 level=INFO service=worker-service component=worker-service request_id=req-635333 trace_id=trace-36380882 user_id=user-7675 status_code=200 latency_ms=66 message="Job picked up"
2026-09-20 08:23:07 INFO user-service User preferences updated
2026-09-20 08:23:08 level=INFO service=worker-service component=worker-service request_id=req-888645 trace_id=trace-61254963 user_id=user-4970 status_code=200 latency_ms=212 message="Worker heartbeat OK"
2026-09-20 08:23:09 INFO redis-service Cache hit
2026-09-20 08:23:10 level=INFO service=inventory-service component=inventory-service request_id=req-222913 trace_id=trace-39858342 user_id=user-4657 status_code=200 latency_ms=181 message="Inventory released"
2026-09-20 08:23:11 INFO payment-service Refund processed successfully
2026-09-20 08:23:12 INFO api-gateway Incoming request accepted
2026-09-20 08:23:13 INFO database-service Connection acquired from pool
2026-09-20 08:23:14 INFO monitoring-service Alert evaluated: no action
2026-09-20 08:23:15 INFO search-service Search query executed
2026-09-20 08:23:16 INFO api-gateway Response sent
2026-09-20 08:23:17 INFO database-service Index scan completed
2026-09-20 08:23:18 level=INFO service=inventory-service component=inventory-service request_id=req-319376 trace_id=trace-66055457 user_id=user-1212 status_code=200 latency_ms=21 message="Stock level checked"
2026-09-20 08:23:19 INFO notification-service SMS delivered
2026-09-20 08:23:20 INFO search-service Search query executed
2026-09-20 08:23:21 INFO search-service Search query executed
2026-09-20 08:23:22 level=INFO service=inventory-service component=inventory-service request_id=req-395492 trace_id=trace-87334591 user_id=user-7786 status_code=200 latency_ms=222 message="Inventory reserved"
2026-09-20 08:23:23 level=INFO service=database-service component=database-service request_id=req-431722 trace_id=trace-40719680 user_id=user-8415 status_code=200 latency_ms=173 message="Transaction committed"
2026-09-20 08:23:24 INFO inventory-service Inventory reserved
2026-09-20 08:23:25 WARNING order-service Order shipped
2026-09-20 08:23:26 level=INFO service=redis-service component=redis-service request_id=req-786497 trace_id=trace-91006265 user_id=user-1795 status_code=200 latency_ms=229 message="Key expired normally"
2026-09-20 08:23:27 INFO scheduler-service Cron tick processed
2026-09-20 08:23:28 INFO payment-service Payment request received
2026-09-20 08:23:29 INFO inventory-service Inventory reserved
2026-09-20 08:23:30 level=INFO service=monitoring-service component=monitoring-service request_id=req-548606 trace_id=trace-48500243 user_id=user-7888 status_code=200 latency_ms=250 message="Health probe OK"
2026-09-20 08:23:31 level=WARNING service=database-service component=database-service request_id=req-887382 trace_id=trace-81411562 user_id=user-1151 status_code=200 latency_ms=226 message="Transaction committed"
2026-09-20 08:23:32 INFO search-service Query results returned
2026-09-20 08:23:33 INFO payment-service Payment authorized
2026-09-20 08:23:34 INFO inventory-service Stock level checked
2026-09-20 08:23:35 level=INFO service=inventory-service component=inventory-service request_id=req-882818 trace_id=trace-56184665 user_id=user-7173 status_code=200 latency_ms=168 message="Inventory reserved"
2026-09-20 08:23:36 INFO user-service User preferences updated
2026-09-20 08:23:37 INFO search-service Index refreshed
2026-09-20 08:23:38 INFO inventory-service Inventory reserved
2026-09-20 08:23:39 INFO inventory-service Inventory reserved
2026-09-20 08:23:40 INFO redis-service Cache set
2026-09-20 08:23:41 INFO redis-service Cache set
2026-09-20 08:23:42 WARNING order-service Order confirmed
2026-09-20 08:23:43 INFO notification-service SMS delivered
2026-09-20 08:23:44 INFO notification-service SMS delivered
2026-09-20 08:23:45 INFO redis-service Cache warmed
2026-09-20 08:23:46 WARNING database-service Transaction committed
2026-09-20 08:23:47 INFO scheduler-service Scheduled job started
2026-09-20 08:23:48 INFO api-gateway Response sent
2026-09-20 08:23:49 INFO order-service Order status updated
2026-09-20 08:23:50 level=INFO service=scheduler-service component=scheduler-service request_id=req-228820 trace_id=trace-91968126 user_id=user-3539 status_code=200 latency_ms=111 message="Cron tick processed"
2026-09-20 08:23:51 level=INFO service=auth-service component=auth-service request_id=req-835783 trace_id=trace-39919845 user_id=user-3285 status_code=200 latency_ms=104 message="Token refreshed"
2026-09-20 08:23:52 INFO redis-service Cache hit
2026-09-20 08:23:53 level=WARNING service=monitoring-service component=monitoring-service request_id=req-818487 trace_id=trace-87814810 user_id=user-5107 status_code=200 latency_ms=138 message="Health probe OK"
2026-09-20 08:23:54 INFO scheduler-service Cron tick processed
2026-09-20 08:23:55 INFO inventory-service Stock level checked
2026-09-20 08:23:56 INFO search-service Query results returned
2026-09-20 08:23:57 level=INFO service=user-service component=user-service request_id=req-464019 trace_id=trace-64000767 user_id=user-4680 status_code=200 latency_ms=133 message="User profile fetched"
2026-09-20 08:23:58 INFO api-gateway Health check OK
2026-09-20 08:23:59 INFO notification-service Push notification sent
2026-09-20 08:24:00 DEBUG search-service Index refreshed
2026-09-20 08:24:01 INFO monitoring-service Health probe OK
2026-09-20 08:24:02 INFO payment-service Payment gateway responded 200
2026-09-20 08:24:03 level=INFO service=notification-service component=notification-service request_id=req-162581 trace_id=trace-80398413 user_id=user-7845 status_code=200 latency_ms=202 message="Email queued"
2026-09-20 08:24:04 INFO auth-service Session created
2026-09-20 08:24:05 level=INFO service=inventory-service component=inventory-service request_id=req-505380 trace_id=trace-16783211 user_id=user-9582 status_code=200 latency_ms=239 message="Inventory released"
2026-09-20 08:24:06 INFO redis-service Cache hit
2026-09-20 08:24:07 INFO inventory-service Stock level checked
2026-09-20 08:24:08 INFO monitoring-service Health probe OK
2026-09-20 08:24:09 level=INFO service=worker-service component=worker-service request_id=req-355943 trace_id=trace-12207378 user_id=user-5808 status_code=200 latency_ms=118 message="Job picked up"
2026-09-20 08:24:10 level=DEBUG service=notification-service component=notification-service request_id=req-259644 trace_id=trace-79007979 user_id=user-1233 status_code=200 latency_ms=216 message="Push notification sent"
2026-09-20 08:24:11 INFO user-service Profile cache warmed
2026-09-20 08:24:12 INFO api-gateway Rate limit check passed
2026-09-20 08:24:13 level=INFO service=worker-service component=worker-service request_id=req-554145 trace_id=trace-42150820 user_id=user-5163 status_code=200 latency_ms=61 message="Worker heartbeat OK"
2026-09-20 08:24:14 level=INFO service=worker-service component=worker-service request_id=req-164029 trace_id=trace-23142777 user_id=user-7360 status_code=200 latency_ms=63 message="Worker heartbeat OK"
2026-09-20 08:24:15 INFO notification-service Push notification sent
2026-09-20 08:24:16 WARNING monitoring-service Alert evaluated: no action
2026-09-20 08:24:17 INFO inventory-service Inventory reserved
2026-09-20 08:24:18 INFO redis-service Cache warmed
2026-09-20 08:24:19 INFO notification-service SMS delivered
2026-09-20 08:24:20 level=INFO service=monitoring-service component=monitoring-service request_id=req-652650 trace_id=trace-67309562 user_id=user-2307 status_code=200 latency_ms=174 message="Alert evaluated: no action"
2026-09-20 08:24:21 INFO api-gateway Incoming request accepted
2026-09-20 08:24:22 level=INFO service=scheduler-service component=scheduler-service request_id=req-106424 trace_id=trace-49754518 user_id=user-7862 status_code=200 latency_ms=214 message="Scheduled job started"
2026-09-20 08:24:23 DEBUG search-service Search query executed
2026-09-20 08:24:24 INFO search-service Search query executed
2026-09-20 08:24:25 INFO worker-service Worker heartbeat OK
2026-09-20 08:24:26 level=INFO service=auth-service component=auth-service request_id=req-536640 trace_id=trace-62192108 user_id=user-9054 status_code=200 latency_ms=27 message="Token refreshed"
2026-09-20 08:24:27 INFO redis-service Key expired normally
2026-09-20 08:24:28 INFO user-service User preferences updated
2026-09-20 08:24:29 INFO notification-service Email queued
2026-09-20 08:24:30 INFO order-service Order confirmed
2026-09-20 08:24:31 INFO search-service Index refreshed
2026-09-20 08:24:32 INFO api-gateway Request routed successfully
2026-09-20 08:24:33 INFO api-gateway Health check OK
2026-09-20 08:24:34 DEBUG inventory-service Stock level checked
2026-09-20 08:24:35 WARNING api-gateway TLS handshake completed
2026-09-20 08:24:36 INFO api-gateway Incoming request accepted
2026-09-20 08:24:37 INFO order-service Order confirmed
2026-09-20 08:24:38 INFO worker-service Job picked up
2026-09-20 08:24:39 INFO payment-service Payment gateway responded 200
2026-09-20 08:24:40 level=INFO service=inventory-service component=inventory-service request_id=req-828760 trace_id=trace-32257916 user_id=user-5795 status_code=200 latency_ms=297 message="Stock level checked"
2026-09-20 08:24:41 level=INFO service=monitoring-service component=monitoring-service request_id=req-632304 trace_id=trace-83668652 user_id=user-2183 status_code=200 latency_ms=107 message="Metrics scraped"
2026-09-20 08:24:42 level=INFO service=inventory-service component=inventory-service request_id=req-245428 trace_id=trace-24852890 user_id=user-8216 status_code=200 latency_ms=196 message="Stock level checked"
2026-09-20 08:24:43 INFO notification-service Email queued
2026-09-20 08:24:44 level=INFO service=auth-service component=auth-service request_id=req-992377 trace_id=trace-53971038 user_id=user-1934 status_code=200 latency_ms=38 message="Session created"
2026-09-20 08:24:45 INFO database-service Connection acquired from pool
2026-09-20 08:24:46 INFO search-service Query results returned
2026-09-20 08:24:47 INFO api-gateway TLS handshake completed
2026-09-20 08:24:48 DEBUG inventory-service Stock level checked
2026-09-20 08:24:49 INFO search-service Search query executed
2026-09-20 08:24:50 INFO user-service User created
2026-09-20 08:24:51 INFO monitoring-service Alert evaluated: no action
2026-09-20 08:24:52 INFO database-service Transaction committed
2026-09-20 08:24:53 level=INFO service=search-service component=search-service request_id=req-873196 trace_id=trace-80403253 user_id=user-1313 status_code=200 latency_ms=197 message="Index refreshed"
2026-09-20 08:24:54 INFO user-service User profile fetched
2026-09-20 08:24:55 INFO worker-service Job picked up
2026-09-20 08:24:56 INFO notification-service Email queued
2026-09-20 08:24:57 INFO api-gateway Request routed successfully
2026-09-20 08:24:58 INFO api-gateway Rate limit check passed
2026-09-20 08:24:59 INFO redis-service Cache hit
2026-09-20 08:25:00 INFO api-gateway Request routed successfully
2026-09-20 08:25:01 level=INFO service=user-service component=user-service request_id=req-606779 trace_id=trace-43975169 user_id=user-5733 status_code=200 latency_ms=41 message="User preferences updated"
2026-09-20 08:25:02 INFO order-service Order confirmed
2026-09-20 08:25:03 INFO scheduler-service Scheduled job started
2026-09-20 08:25:04 level=INFO service=order-service component=order-service request_id=req-473864 trace_id=trace-62946827 user_id=user-9648 status_code=200 latency_ms=146 message="Order created"
2026-09-20 08:25:05 INFO worker-service Worker heartbeat OK
2026-09-20 08:25:06 INFO redis-service Cache warmed
2026-09-20 08:25:07 INFO database-service Transaction committed
2026-09-20 08:25:08 INFO notification-service Email queued
2026-09-20 08:25:09 INFO user-service User profile fetched
2026-09-20 08:25:10 level=INFO service=monitoring-service component=monitoring-service request_id=req-210754 trace_id=trace-82911259 user_id=user-1025 status_code=200 latency_ms=300 message="Metrics scraped"
2026-09-20 08:25:11 INFO user-service User preferences updated
2026-09-20 08:25:12 INFO auth-service Token issued
2026-09-20 08:25:13 INFO worker-service Worker heartbeat OK
2026-09-20 08:25:14 INFO order-service Order confirmed
2026-09-20 08:25:15 INFO payment-service Payment authorized
2026-09-20 08:25:16 INFO monitoring-service Health probe OK
2026-09-20 08:25:17 INFO inventory-service Inventory reserved
2026-09-20 08:25:18 level=INFO service=order-service component=order-service request_id=req-548112 trace_id=trace-36346748 user_id=user-7559 status_code=200 latency_ms=65 message="Order created"
2026-09-20 08:25:19 INFO database-service Index scan completed
2026-09-20 08:25:20 level=INFO service=order-service component=order-service request_id=req-611164 trace_id=trace-61737402 user_id=user-5384 status_code=200 latency_ms=139 message="Order created"
2026-09-20 08:25:21 level=INFO service=auth-service component=auth-service request_id=req-111978 trace_id=trace-38077388 user_id=user-6863 status_code=200 latency_ms=127 message="Logout successful"
2026-09-20 08:25:22 INFO user-service User preferences updated
2026-09-20 08:25:23 DEBUG notification-service SMS delivered
2026-09-20 08:25:24 INFO inventory-service Inventory released
2026-09-20 08:25:25 INFO database-service Transaction committed
2026-09-20 08:25:26 INFO api-gateway Rate limit check passed
2026-09-20 08:25:27 INFO search-service Query results returned
2026-09-20 08:25:28 level=INFO service=inventory-service component=inventory-service request_id=req-997805 trace_id=trace-72171344 user_id=user-1605 status_code=200 latency_ms=245 message="Inventory reserved"
2026-09-20 08:25:29 INFO order-service Order created
2026-09-20 08:25:30 INFO notification-service Email queued
2026-09-20 08:25:31 INFO inventory-service Inventory reserved
2026-09-20 08:25:32 level=INFO service=inventory-service component=inventory-service request_id=req-198662 trace_id=trace-14203574 user_id=user-4286 status_code=200 latency_ms=212 message="Inventory reserved"
2026-09-20 08:25:33 INFO monitoring-service Metrics scraped
2026-09-20 08:25:34 INFO user-service Profile cache warmed
2026-09-20 08:25:35 INFO scheduler-service Scheduled job started
2026-09-20 08:25:36 DEBUG scheduler-service Scheduled job started
2026-09-20 08:25:37 WARNING database-service Transaction committed
2026-09-20 08:25:38 level=INFO service=worker-service component=worker-service request_id=req-944226 trace_id=trace-23968632 user_id=user-9238 status_code=200 latency_ms=97 message="Job picked up"
2026-09-20 08:25:39 INFO worker-service Job completed successfully
2026-09-20 08:25:40 INFO monitoring-service Alert evaluated: no action
2026-09-20 08:25:41 INFO search-service Index refreshed
2026-09-20 08:25:42 level=INFO service=database-service component=database-service request_id=req-224481 trace_id=trace-14301620 user_id=user-5320 status_code=200 latency_ms=50 message="Index scan completed"
2026-09-20 08:25:43 INFO redis-service Cache warmed
2026-09-20 08:25:44 INFO scheduler-service Scheduled job started
2026-09-20 08:25:45 INFO notification-service Push notification sent
2026-09-20 08:25:46 INFO redis-service Cache set
2026-09-20 08:25:47 INFO search-service Search query executed
2026-09-20 08:25:48 INFO monitoring-service Alert evaluated: no action
2026-09-20 08:25:49 INFO redis-service Cache set
2026-09-20 08:25:50 INFO worker-service Worker heartbeat OK
2026-09-20 08:25:51 level=INFO service=api-gateway component=api-gateway request_id=req-810291 trace_id=trace-85196735 user_id=user-6484 status_code=200 latency_ms=193 message="Rate limit check passed"
2026-09-20 08:25:52 level=INFO service=inventory-service component=inventory-service request_id=req-324924 trace_id=trace-71167464 user_id=user-7821 status_code=200 latency_ms=157 message="Inventory released"
2026-09-20 08:25:53 INFO user-service User created
2026-09-20 08:25:54 WARNING notification-service Email queued
2026-09-20 08:25:55 INFO payment-service Payment gateway responded 200
2026-09-20 08:25:56 INFO order-service Order created
2026-09-20 08:25:57 DEBUG order-service Order created
2026-09-20 08:25:58 DEBUG order-service Order status updated
2026-09-20 08:25:59 level=INFO service=api-gateway component=api-gateway request_id=req-427521 trace_id=trace-15415715 user_id=user-8283 status_code=200 latency_ms=231 message="Request routed successfully"
2026-09-20 08:26:00 level=WARNING service=monitoring-service component=monitoring-service request_id=req-649511 trace_id=trace-31653151 user_id=user-3891 status_code=200 latency_ms=225 message="Health probe OK"
2026-09-20 08:26:01 INFO scheduler-service Cron tick processed
2026-09-20 08:26:02 INFO scheduler-service Scheduled job started
2026-09-20 08:26:03 INFO user-service User created
2026-09-20 08:26:04 INFO scheduler-service Cron tick processed
2026-09-20 08:26:05 INFO inventory-service Inventory released
2026-09-20 08:26:06 INFO database-service Index scan completed
2026-09-20 08:26:07 WARNING inventory-service Inventory reserved
2026-09-20 08:26:08 INFO inventory-service Inventory reserved
2026-09-20 08:26:09 WARNING scheduler-service Cron tick processed
2026-09-20 08:26:10 WARNING user-service Profile cache warmed
2026-09-20 08:26:11 level=INFO service=api-gateway component=api-gateway request_id=req-471831 trace_id=trace-96913952 user_id=user-1903 status_code=200 latency_ms=88 message="Rate limit check passed"
2026-09-20 08:26:12 INFO monitoring-service Health probe OK
2026-09-20 08:26:13 level=INFO service=redis-service component=redis-service request_id=req-598560 trace_id=trace-48852779 user_id=user-4676 status_code=200 latency_ms=69 message="Cache warmed"
2026-09-20 08:26:14 DEBUG scheduler-service Scheduled job started
2026-09-20 08:26:15 level=INFO service=auth-service component=auth-service request_id=req-310740 trace_id=trace-23368436 user_id=user-7701 status_code=200 latency_ms=76 message="User authenticated successfully"
2026-09-20 08:26:16 INFO worker-service Job completed successfully
2026-09-20 08:26:17 INFO auth-service User authenticated successfully
2026-09-20 08:26:18 INFO auth-service Logout successful
2026-09-20 08:26:19 INFO scheduler-service Scheduled job started
2026-09-20 08:26:20 level=INFO service=user-service component=user-service request_id=req-287116 trace_id=trace-71541402 user_id=user-3576 status_code=200 latency_ms=166 message="User created"
2026-09-20 08:26:21 INFO search-service Search query executed
2026-09-20 08:26:22 INFO user-service User profile fetched
2026-09-20 08:26:23 level=INFO service=scheduler-service component=scheduler-service request_id=req-989387 trace_id=trace-68841475 user_id=user-1567 status_code=200 latency_ms=100 message="Scheduled job completed"
2026-09-20 08:26:24 level=INFO service=auth-service component=auth-service request_id=req-515515 trace_id=trace-95946269 user_id=user-4803 status_code=200 latency_ms=51 message="Token refreshed"
2026-09-20 08:26:25 INFO search-service Query results returned
2026-09-20 08:26:26 level=INFO service=notification-service component=notification-service request_id=req-156810 trace_id=trace-47951371 user_id=user-7290 status_code=200 latency_ms=229 message="Push notification sent"
2026-09-20 08:26:27 level=INFO service=monitoring-service component=monitoring-service request_id=req-815184 trace_id=trace-37402481 user_id=user-8140 status_code=200 latency_ms=37 message="Alert evaluated: no action"
2026-09-20 08:26:28 DEBUG search-service Query results returned
2026-09-20 08:26:29 INFO inventory-service Inventory released
2026-09-20 08:26:30 INFO worker-service Job completed successfully
2026-09-20 08:26:31 level=INFO service=user-service component=user-service request_id=req-262245 trace_id=trace-17438728 user_id=user-8077 status_code=200 latency_ms=84 message="Profile cache warmed"
2026-09-20 08:26:32 INFO notification-service Push notification sent
2026-09-20 08:26:33 level=INFO service=order-service component=order-service request_id=req-391206 trace_id=trace-31041612 user_id=user-2866 status_code=200 latency_ms=106 message="Order shipped"
2026-09-20 08:26:34 INFO scheduler-service Cron tick processed
2026-09-20 08:26:35 INFO inventory-service Stock level checked
2026-09-20 08:26:36 INFO redis-service Cache hit
2026-09-20 08:26:37 DEBUG worker-service Worker heartbeat OK
2026-09-20 08:26:38 WARNING user-service User profile fetched
2026-09-20 08:26:39 level=INFO service=database-service component=database-service request_id=req-998899 trace_id=trace-84883048 user_id=user-7305 status_code=200 latency_ms=242 message="Query executed successfully"
2026-09-20 08:26:40 level=INFO service=order-service component=order-service request_id=req-430619 trace_id=trace-25991042 user_id=user-1494 status_code=200 latency_ms=71 message="Order shipped"
2026-09-20 08:26:41 DEBUG database-service Transaction committed
2026-09-20 08:26:42 DEBUG database-service Connection acquired from pool
2026-09-20 08:26:43 DEBUG inventory-service Inventory reserved
2026-09-20 08:26:44 level=INFO service=monitoring-service component=monitoring-service request_id=req-460367 trace_id=trace-88742725 user_id=user-9948 status_code=200 latency_ms=112 message="Metrics scraped"
2026-09-20 08:26:45 INFO search-service Search query executed
2026-09-20 08:26:46 level=INFO service=inventory-service component=inventory-service request_id=req-358483 trace_id=trace-52096254 user_id=user-8059 status_code=200 latency_ms=219 message="Inventory released"
2026-09-20 08:26:47 level=DEBUG service=api-gateway component=api-gateway request_id=req-165964 trace_id=trace-59151133 user_id=user-2431 status_code=200 latency_ms=192 message="TLS handshake completed"
2026-09-20 08:26:48 INFO database-service Index scan completed
2026-09-20 08:26:49 level=INFO service=inventory-service component=inventory-service request_id=req-362630 trace_id=trace-88914869 user_id=user-6481 status_code=200 latency_ms=281 message="Inventory released"
2026-09-20 08:26:50 INFO user-service User preferences updated
2026-09-20 08:26:51 INFO user-service User created
2026-09-20 08:26:52 INFO inventory-service Stock level checked
2026-09-20 08:26:53 WARNING search-service Index refreshed
2026-09-20 08:26:54 INFO payment-service Payment captured
2026-09-20 08:26:55 level=INFO service=payment-service component=payment-service request_id=req-833911 trace_id=trace-67919059 user_id=user-6494 status_code=200 latency_ms=91 message="Refund processed successfully"
2026-09-20 08:26:56 level=INFO service=user-service component=user-service request_id=req-911367 trace_id=trace-70351294 user_id=user-1641 status_code=200 latency_ms=148 message="User preferences updated"
2026-09-20 08:26:57 INFO scheduler-service Scheduled job started
2026-09-20 08:26:58 INFO api-gateway Response sent
2026-09-20 08:26:59 level=INFO service=auth-service component=auth-service request_id=req-661244 trace_id=trace-46570247 user_id=user-1713 status_code=200 latency_ms=300 message="Session created"
2026-09-20 08:27:00 INFO monitoring-service Alert evaluated: no action
2026-09-20 08:27:01 INFO worker-service Job completed successfully
2026-09-20 08:27:02 INFO order-service Order created
2026-09-20 08:27:03 INFO notification-service Push notification sent
2026-09-20 08:27:04 level=INFO service=search-service component=search-service request_id=req-439351 trace_id=trace-79120124 user_id=user-9877 status_code=200 latency_ms=24 message="Query results returned"
2026-09-20 08:27:05 INFO monitoring-service Metrics scraped
2026-09-20 08:27:06 level=INFO service=worker-service component=worker-service request_id=req-380777 trace_id=trace-12158074 user_id=user-4155 status_code=200 latency_ms=76 message="Worker heartbeat OK"
2026-09-20 08:27:07 INFO user-service User profile fetched
2026-09-20 08:27:08 level=INFO service=api-gateway component=api-gateway request_id=req-455575 trace_id=trace-60553766 user_id=user-4626 status_code=200 latency_ms=39 message="TLS handshake completed"
2026-09-20 08:27:09 WARNING inventory-service Inventory released
2026-09-20 08:27:10 INFO worker-service Worker heartbeat OK
2026-09-20 08:27:11 INFO worker-service Job picked up
2026-09-20 08:27:12 INFO payment-service Refund processed successfully
2026-09-20 08:27:13 DEBUG notification-service Email queued
2026-09-20 08:27:14 INFO payment-service Payment captured
2026-09-20 08:27:15 level=INFO service=database-service component=database-service request_id=req-256271 trace_id=trace-56535485 user_id=user-9580 status_code=200 latency_ms=73 message="Transaction committed"
2026-09-20 08:27:16 level=INFO service=user-service component=user-service request_id=req-752103 trace_id=trace-78350144 user_id=user-5316 status_code=200 latency_ms=151 message="User preferences updated"
2026-09-20 08:27:17 INFO search-service Query results returned
2026-09-20 08:27:18 level=INFO service=payment-service component=payment-service request_id=req-100511 trace_id=trace-42841930 user_id=user-4671 status_code=200 latency_ms=91 message="Refund processed successfully"
2026-09-20 08:27:19 INFO payment-service Payment captured
2026-09-20 08:27:20 INFO inventory-service Inventory released
2026-09-20 08:27:21 INFO scheduler-service Scheduled job started
2026-09-20 08:27:22 INFO notification-service SMS delivered
2026-09-20 08:27:23 DEBUG user-service User created
2026-09-20 08:27:24 INFO order-service Order status updated
2026-09-20 08:27:25 level=INFO service=payment-service component=payment-service request_id=req-251171 trace_id=trace-85636922 user_id=user-6291 status_code=200 latency_ms=212 message="Payment captured"
2026-09-20 08:27:26 INFO user-service User preferences updated
2026-09-20 08:27:27 DEBUG user-service User preferences updated
2026-09-20 08:27:28 WARNING scheduler-service Cron tick processed
2026-09-20 08:27:29 INFO notification-service Email queued
2026-09-20 08:27:30 INFO user-service User created
2026-09-20 08:27:31 INFO monitoring-service Health probe OK
2026-09-20 08:27:32 level=INFO service=notification-service component=notification-service request_id=req-996784 trace_id=trace-77645639 user_id=user-4278 status_code=200 latency_ms=180 message="SMS delivered"
2026-09-20 08:27:33 INFO search-service Search query executed
2026-09-20 08:27:34 INFO inventory-service Inventory reserved
2026-09-20 08:27:35 INFO worker-service Worker heartbeat OK
2026-09-20 08:27:36 level=INFO service=search-service component=search-service request_id=req-115914 trace_id=trace-68166019 user_id=user-7276 status_code=200 latency_ms=103 message="Query results returned"
2026-09-20 08:27:37 level=INFO service=inventory-service component=inventory-service request_id=req-949593 trace_id=trace-29068535 user_id=user-8511 status_code=200 latency_ms=227 message="Stock level checked"
2026-09-20 08:27:38 level=INFO service=notification-service component=notification-service request_id=req-347418 trace_id=trace-21127679 user_id=user-3851 status_code=200 latency_ms=290 message="Email queued"
2026-09-20 08:27:39 level=INFO service=database-service component=database-service request_id=req-742800 trace_id=trace-91515342 user_id=user-6642 status_code=200 latency_ms=120 message="Transaction committed"
2026-09-20 08:27:40 INFO inventory-service Inventory reserved
2026-09-20 08:27:41 level=INFO service=scheduler-service component=scheduler-service request_id=req-638886 trace_id=trace-12382085 user_id=user-2440 status_code=200 latency_ms=83 message="Scheduled job started"
2026-09-20 08:27:42 INFO database-service Query executed successfully
2026-09-20 08:27:43 level=INFO service=search-service component=search-service request_id=req-792626 trace_id=trace-86690917 user_id=user-5690 status_code=200 latency_ms=212 message="Search query executed"
2026-09-20 08:27:44 INFO order-service Order shipped
2026-09-20 08:27:45 INFO order-service Order shipped
2026-09-20 08:27:46 level=INFO service=search-service component=search-service request_id=req-871705 trace_id=trace-26602232 user_id=user-9660 status_code=200 latency_ms=137 message="Query results returned"
2026-09-20 08:27:47 INFO notification-service SMS delivered
2026-09-20 08:27:48 INFO database-service Query executed successfully
2026-09-20 08:27:49 INFO notification-service SMS delivered
2026-09-20 08:27:50 INFO database-service Connection acquired from pool
2026-09-20 08:27:51 INFO scheduler-service Scheduled job started
2026-09-20 08:27:52 level=INFO service=api-gateway component=api-gateway request_id=req-358893 trace_id=trace-72850820 user_id=user-3841 status_code=200 latency_ms=143 message="Response sent"
2026-09-20 08:27:53 DEBUG notification-service Email queued
2026-09-20 08:27:54 INFO database-service Index scan completed
2026-09-20 08:27:55 level=INFO service=monitoring-service component=monitoring-service request_id=req-249387 trace_id=trace-27884579 user_id=user-6316 status_code=200 latency_ms=159 message="Metrics scraped"
2026-09-20 08:27:56 level=INFO service=user-service component=user-service request_id=req-477574 trace_id=trace-76107524 user_id=user-8813 status_code=200 latency_ms=80 message="User preferences updated"
2026-09-20 08:27:57 INFO database-service Index scan completed
2026-09-20 08:27:58 level=INFO service=inventory-service component=inventory-service request_id=req-790350 trace_id=trace-79949686 user_id=user-9610 status_code=200 latency_ms=69 message="Inventory reserved"
2026-09-20 08:27:59 INFO inventory-service Stock level checked
2026-09-20 08:28:00 INFO order-service Order status updated
2026-09-20 08:28:01 INFO user-service User preferences updated
2026-09-20 08:28:02 INFO search-service Query results returned
2026-09-20 08:28:03 level=INFO service=database-service component=database-service request_id=req-894946 trace_id=trace-99543733 user_id=user-5675 status_code=200 latency_ms=23 message="Transaction committed"
2026-09-20 08:28:04 INFO database-service Connection acquired from pool
2026-09-20 08:28:05 INFO redis-service Key expired normally
2026-09-20 08:28:06 INFO database-service Index scan completed
2026-09-20 08:28:07 INFO scheduler-service Cron tick processed
2026-09-20 08:28:08 INFO redis-service Cache set
2026-09-20 08:28:09 INFO api-gateway Rate limit check passed
2026-09-20 08:28:10 INFO payment-service Refund processed successfully
2026-09-20 08:28:11 INFO order-service Order status updated
2026-09-20 08:28:12 INFO redis-service Cache hit
2026-09-20 08:28:13 level=INFO service=monitoring-service component=monitoring-service request_id=req-882544 trace_id=trace-20526520 user_id=user-4683 status_code=200 latency_ms=227 message="Health probe OK"
2026-09-20 08:28:14 INFO search-service Query results returned
2026-09-20 08:28:15 level=INFO service=worker-service component=worker-service request_id=req-220340 trace_id=trace-85198859 user_id=user-6493 status_code=200 latency_ms=48 message="Worker heartbeat OK"
2026-09-20 08:28:16 INFO scheduler-service Scheduled job started
2026-09-20 08:28:17 level=WARNING service=inventory-service component=inventory-service request_id=req-583001 trace_id=trace-38690942 user_id=user-9099 status_code=200 latency_ms=158 message="Stock level checked"
2026-09-20 08:28:18 INFO database-service Connection acquired from pool
2026-09-20 08:28:19 INFO user-service Profile cache warmed
2026-09-20 08:28:20 INFO inventory-service Inventory released
2026-09-20 08:28:21 INFO database-service Query executed successfully
2026-09-20 08:28:22 INFO redis-service Cache set
2026-09-20 08:28:23 INFO monitoring-service Metrics scraped
2026-09-20 08:28:24 level=INFO service=worker-service component=worker-service request_id=req-286547 trace_id=trace-77727572 user_id=user-7681 status_code=200 latency_ms=145 message="Job picked up"
2026-09-20 08:28:25 INFO worker-service Job picked up
2026-09-20 08:28:26 INFO inventory-service Inventory reserved
2026-09-20 08:28:27 INFO inventory-service Inventory released
2026-09-20 08:28:28 DEBUG monitoring-service Alert evaluated: no action
2026-09-20 08:28:29 INFO payment-service Payment request received
2026-09-20 08:28:30 DEBUG api-gateway Rate limit check passed
2026-09-20 08:28:31 INFO inventory-service Inventory reserved
2026-09-20 08:28:32 INFO order-service Order confirmed
2026-09-20 08:28:33 INFO worker-service Job completed successfully
2026-09-20 08:28:34 INFO scheduler-service Scheduled job completed
2026-09-20 08:28:35 INFO scheduler-service Cron tick processed
2026-09-20 08:28:36 INFO redis-service Cache hit
2026-09-20 08:28:37 INFO inventory-service Stock level checked
2026-09-20 08:28:38 level=INFO service=auth-service component=auth-service request_id=req-368455 trace_id=trace-37604821 user_id=user-4850 status_code=200 latency_ms=126 message="User authenticated successfully"
2026-09-20 08:28:39 INFO inventory-service Inventory reserved
2026-09-20 08:28:40 INFO worker-service Job completed successfully
2026-09-20 08:28:41 INFO user-service User preferences updated
2026-09-20 08:28:42 INFO monitoring-service Health probe OK
2026-09-20 08:28:43 INFO user-service User profile fetched
2026-09-20 08:28:44 level=INFO service=worker-service component=worker-service request_id=req-593158 trace_id=trace-74073271 user_id=user-2229 status_code=200 latency_ms=15 message="Worker heartbeat OK"
2026-09-20 08:28:45 level=INFO service=worker-service component=worker-service request_id=req-131295 trace_id=trace-65423294 user_id=user-2398 status_code=200 latency_ms=276 message="Worker heartbeat OK"
2026-09-20 08:28:46 level=WARNING service=worker-service component=worker-service request_id=req-513482 trace_id=trace-62752468 user_id=user-7755 status_code=200 latency_ms=150 message="Worker heartbeat OK"
2026-09-20 08:28:47 INFO search-service Query results returned
2026-09-20 08:28:48 INFO auth-service User authenticated successfully
2026-09-20 08:28:49 INFO monitoring-service Health probe OK
2026-09-20 08:28:50 INFO inventory-service Inventory released
2026-09-20 08:28:51 level=INFO service=user-service component=user-service request_id=req-893948 trace_id=trace-36471174 user_id=user-7338 status_code=200 latency_ms=193 message="User profile fetched"
2026-09-20 08:28:52 INFO search-service Search query executed
2026-09-20 08:28:53 INFO inventory-service Inventory released
2026-09-20 08:28:54 INFO notification-service Push notification sent
2026-09-20 08:28:55 WARNING database-service Query executed successfully
2026-09-20 08:28:56 INFO worker-service Worker heartbeat OK
2026-09-20 08:28:57 INFO worker-service Job completed successfully
2026-09-20 08:28:58 INFO order-service Order status updated
2026-09-20 08:28:59 level=INFO service=payment-service component=payment-service request_id=req-788139 trace_id=trace-64342573 user_id=user-4875 status_code=200 latency_ms=119 message="Refund processed successfully"
2026-09-20 08:29:00 level=INFO service=payment-service component=payment-service request_id=req-449957 trace_id=trace-62943896 user_id=user-5884 status_code=200 latency_ms=240 message="Refund processed successfully"
2026-09-20 08:29:01 INFO order-service Order created
2026-09-20 08:29:02 INFO payment-service Payment captured
2026-09-20 08:29:03 level=INFO service=notification-service component=notification-service request_id=req-310608 trace_id=trace-62354090 user_id=user-3377 status_code=200 latency_ms=216 message="Email queued"
2026-09-20 08:29:04 INFO scheduler-service Scheduled job started
2026-09-20 08:29:05 INFO payment-service Payment request received
2026-09-20 08:29:06 INFO database-service Query executed successfully
2026-09-20 08:29:07 INFO redis-service Cache set
2026-09-20 08:29:08 INFO inventory-service Stock level checked
2026-09-20 08:29:09 INFO scheduler-service Cron tick processed
2026-09-20 08:29:10 INFO worker-service Worker heartbeat OK
2026-09-20 08:29:11 INFO auth-service Token issued
2026-09-20 08:29:12 INFO search-service Query results returned
2026-09-20 08:29:13 INFO database-service Query executed successfully
2026-09-20 08:29:14 INFO order-service Order created
2026-09-20 08:29:15 INFO auth-service Logout successful
2026-09-20 08:29:16 INFO monitoring-service Metrics scraped
2026-09-20 08:29:17 level=INFO service=scheduler-service component=scheduler-service request_id=req-701757 trace_id=trace-43190318 user_id=user-4553 status_code=200 latency_ms=80 message="Scheduled job completed"
2026-09-20 08:29:18 level=INFO service=monitoring-service component=monitoring-service request_id=req-510092 trace_id=trace-78359034 user_id=user-4195 status_code=200 latency_ms=80 message="Metrics scraped"
2026-09-20 08:29:19 level=INFO service=database-service component=database-service request_id=req-361843 trace_id=trace-68325499 user_id=user-9929 status_code=200 latency_ms=47 message="Index scan completed"
2026-09-20 08:29:20 INFO redis-service Key expired normally
2026-09-20 08:29:21 INFO payment-service Payment gateway responded 200
2026-09-20 08:29:22 level=INFO service=redis-service component=redis-service request_id=req-935187 trace_id=trace-65522671 user_id=user-2392 status_code=200 latency_ms=195 message="Key expired normally"
2026-09-20 08:29:23 INFO database-service Transaction committed
2026-09-20 08:29:24 INFO search-service Search query executed
2026-09-20 08:29:25 INFO inventory-service Inventory released
2026-09-20 08:29:26 INFO redis-service Cache hit
2026-09-20 08:29:27 level=INFO service=notification-service component=notification-service request_id=req-673506 trace_id=trace-33801615 user_id=user-4650 status_code=200 latency_ms=90 message="SMS delivered"
2026-09-20 08:29:28 INFO monitoring-service Metrics scraped
2026-09-20 08:29:29 level=INFO service=database-service component=database-service request_id=req-467787 trace_id=trace-90346328 user_id=user-7716 status_code=200 latency_ms=114 message="Index scan completed"
2026-09-20 08:29:30 INFO order-service Order confirmed
2026-09-20 08:29:31 INFO worker-service Worker heartbeat OK
2026-09-20 08:29:32 INFO notification-service Push notification sent
2026-09-20 08:29:33 level=INFO service=database-service component=database-service request_id=req-228873 trace_id=trace-83904042 user_id=user-6790 status_code=200 latency_ms=20 message="Connection acquired from pool"
2026-09-20 08:29:34 INFO scheduler-service Cron tick processed
2026-09-20 08:29:35 INFO redis-service Cache warmed
2026-09-20 08:29:36 INFO inventory-service Inventory released
2026-09-20 08:29:37 INFO redis-service Cache hit
2026-09-20 08:29:38 INFO api-gateway Response sent
2026-09-20 08:29:39 INFO redis-service Cache warmed
2026-09-20 08:29:40 INFO database-service Transaction committed
2026-09-20 08:29:41 INFO notification-service Email queued
2026-09-20 08:29:42 INFO monitoring-service Alert evaluated: no action
2026-09-20 08:29:43 INFO notification-service Push notification sent
2026-09-20 08:29:44 level=INFO service=order-service component=order-service request_id=req-345335 trace_id=trace-50312109 user_id=user-8277 status_code=200 latency_ms=127 message="Order shipped"
2026-09-20 08:29:45 INFO database-service Index scan completed
2026-09-20 08:29:46 level=WARNING service=user-service component=user-service request_id=req-278539 trace_id=trace-77377114 user_id=user-2875 status_code=200 latency_ms=235 message="User preferences updated"
2026-09-20 08:29:47 level=INFO service=search-service component=search-service request_id=req-608478 trace_id=trace-48945948 user_id=user-4387 status_code=200 latency_ms=126 message="Index refreshed"
2026-09-20 08:29:48 level=INFO service=redis-service component=redis-service request_id=req-152721 trace_id=trace-53370084 user_id=user-3696 status_code=200 latency_ms=175 message="Cache warmed"
2026-09-20 08:29:49 INFO payment-service Payment request received
2026-09-20 08:29:50 level=DEBUG service=worker-service component=worker-service request_id=req-127704 trace_id=trace-93793965 user_id=user-8834 status_code=200 latency_ms=228 message="Job completed successfully"
2026-09-20 08:29:51 INFO worker-service Job picked up
2026-09-20 08:29:52 INFO order-service Order status updated
2026-09-20 08:29:53 INFO notification-service SMS delivered
2026-09-20 08:29:54 level=INFO service=scheduler-service component=scheduler-service request_id=req-197657 trace_id=trace-68932818 user_id=user-5883 status_code=200 latency_ms=300 message="Cron tick processed"
2026-09-20 08:29:55 WARNING database-service Connection acquired from pool
2026-09-20 08:29:56 INFO inventory-service Inventory reserved
2026-09-20 08:29:57 INFO redis-service Cache warmed
2026-09-20 08:29:58 INFO redis-service Key expired normally
2026-09-20 08:29:59 level=INFO service=inventory-service component=inventory-service request_id=req-365463 trace_id=trace-45224683 user_id=user-5324 status_code=200 latency_ms=289 message="Stock level checked"
2026-09-20 08:30:00 level=INFO service=monitoring-service component=monitoring-service request_id=req-354969 trace_id=trace-85764162 user_id=user-6245 status_code=200 latency_ms=237 message="Health probe OK"
2026-09-20 08:30:01 INFO auth-service Token refreshed
2026-09-20 08:30:02 INFO database-service Index scan completed
2026-09-20 08:30:03 INFO payment-service Payment gateway responded 200
2026-09-20 08:30:04 INFO database-service Index scan completed
2026-09-20 08:30:05 level=INFO service=payment-service component=payment-service request_id=req-892675 trace_id=trace-85535778 user_id=user-9505 status_code=200 latency_ms=295 message="Payment gateway responded 200"
2026-09-20 08:30:06 INFO database-service Index scan completed
2026-09-20 08:30:07 level=INFO service=worker-service component=worker-service request_id=req-953515 trace_id=trace-89812409 user_id=user-1663 status_code=200 latency_ms=110 message="Job picked up"
2026-09-20 08:30:08 INFO worker-service Job picked up
2026-09-20 08:30:09 INFO api-gateway Rate limit check passed
2026-09-20 08:30:10 INFO database-service Transaction committed
2026-09-20 08:30:11 DEBUG order-service Order created
2026-09-20 08:30:12 INFO order-service Order confirmed
2026-09-20 08:30:13 level=INFO service=auth-service component=auth-service request_id=req-297597 trace_id=trace-91881902 user_id=user-4838 status_code=200 latency_ms=83 message="Session created"
2026-09-20 08:30:14 INFO user-service User profile fetched
2026-09-20 08:30:15 level=INFO service=monitoring-service component=monitoring-service request_id=req-848348 trace_id=trace-59449491 user_id=user-8738 status_code=200 latency_ms=114 message="Metrics scraped"
2026-09-20 08:30:16 INFO inventory-service Inventory released
2026-09-20 08:30:17 INFO api-gateway Health check OK
2026-09-20 08:30:18 INFO scheduler-service Cron tick processed
2026-09-20 08:30:19 INFO api-gateway Response sent
2026-09-20 08:30:20 INFO worker-service Job completed successfully
2026-09-20 08:30:21 INFO redis-service Cache warmed
2026-09-20 08:30:22 level=INFO service=database-service component=database-service request_id=req-577790 trace_id=trace-39459774 user_id=user-9445 status_code=200 latency_ms=255 message="Index scan completed"
2026-09-20 08:30:23 INFO scheduler-service Scheduled job completed
2026-09-20 08:30:24 DEBUG notification-service Push notification sent
2026-09-20 08:30:25 INFO database-service Transaction committed
2026-09-20 08:30:26 INFO api-gateway Request routed successfully
2026-09-20 08:30:27 INFO order-service Order shipped
2026-09-20 08:30:28 level=INFO service=database-service component=database-service request_id=req-819604 trace_id=trace-20964239 user_id=user-1282 status_code=200 latency_ms=28 message="Index scan completed"
2026-09-20 08:30:29 INFO database-service Connection acquired from pool
2026-09-20 08:30:30 INFO auth-service Token issued
2026-09-20 08:30:31 level=INFO service=auth-service component=auth-service request_id=req-751325 trace_id=trace-50841032 user_id=user-2284 status_code=200 latency_ms=185 message="Session created"
2026-09-20 08:30:32 level=INFO service=scheduler-service component=scheduler-service request_id=req-563551 trace_id=trace-52880921 user_id=user-4330 status_code=200 latency_ms=249 message="Scheduled job completed"
2026-09-20 08:30:33 INFO search-service Query results returned
2026-09-20 08:30:34 INFO database-service Transaction committed
2026-09-20 08:30:35 INFO scheduler-service Cron tick processed
2026-09-20 08:30:36 WARNING api-gateway TLS handshake completed
2026-09-20 08:30:37 INFO api-gateway TLS handshake completed
2026-09-20 08:30:38 INFO user-service User profile fetched
2026-09-20 08:30:39 INFO scheduler-service Cron tick processed
2026-09-20 08:30:40 INFO auth-service Token issued
2026-09-20 08:30:41 DEBUG inventory-service Inventory reserved
2026-09-20 08:30:42 INFO api-gateway Health check OK
2026-09-20 08:30:43 level=INFO service=notification-service component=notification-service request_id=req-660704 trace_id=trace-24328712 user_id=user-6203 status_code=200 latency_ms=80 message="Push notification sent"
2026-09-20 08:30:44 INFO notification-service SMS delivered
2026-09-20 08:30:45 INFO api-gateway Health check OK
2026-09-20 08:30:46 INFO redis-service Cache set
2026-09-20 08:30:47 INFO redis-service Cache hit
2026-09-20 08:30:48 level=INFO service=scheduler-service component=scheduler-service request_id=req-208448 trace_id=trace-74349747 user_id=user-4954 status_code=200 latency_ms=257 message="Scheduled job completed"
2026-09-20 08:30:49 INFO api-gateway Incoming request accepted
2026-09-20 08:30:50 DEBUG search-service Query results returned
2026-09-20 08:30:51 DEBUG user-service User created
2026-09-20 08:30:52 INFO redis-service Cache warmed
2026-09-20 08:30:53 INFO monitoring-service Metrics scraped
2026-09-20 08:30:54 INFO auth-service Session created
2026-09-20 08:30:55 INFO worker-service Job completed successfully
2026-09-20 08:30:56 WARNING inventory-service Inventory reserved
2026-09-20 08:30:57 INFO database-service Transaction committed
2026-09-20 08:30:58 DEBUG monitoring-service Alert evaluated: no action
2026-09-20 08:30:59 INFO worker-service Job completed successfully
2026-09-20 08:31:00 INFO auth-service User authenticated successfully
2026-09-20 08:31:01 INFO auth-service Logout successful
2026-09-20 08:31:02 level=INFO service=scheduler-service component=scheduler-service request_id=req-435708 trace_id=trace-53665510 user_id=user-9660 status_code=200 latency_ms=291 message="Scheduled job started"
2026-09-20 08:31:03 INFO database-service Transaction committed
2026-09-20 08:31:04 INFO order-service Order status updated
2026-09-20 08:31:05 INFO api-gateway Health check OK
2026-09-20 08:31:06 level=DEBUG service=payment-service component=payment-service request_id=req-927546 trace_id=trace-72668283 user_id=user-5963 status_code=200 latency_ms=45 message="Payment captured"
2026-09-20 08:31:07 INFO search-service Index refreshed
2026-09-20 08:31:08 INFO redis-service Cache warmed
2026-09-20 08:31:09 INFO payment-service Payment captured
2026-09-20 08:31:10 INFO notification-service SMS delivered
2026-09-20 08:31:11 INFO scheduler-service Cron tick processed
2026-09-20 08:31:12 DEBUG api-gateway Rate limit check passed
2026-09-20 08:31:13 level=DEBUG service=order-service component=order-service request_id=req-124226 trace_id=trace-64510880 user_id=user-1608 status_code=200 latency_ms=259 message="Order confirmed"
2026-09-20 08:31:14 INFO worker-service Worker heartbeat OK
2026-09-20 08:31:15 INFO search-service Index refreshed
2026-09-20 08:31:16 INFO scheduler-service Cron tick processed
2026-09-20 08:31:17 INFO api-gateway Health check OK
2026-09-20 08:31:18 INFO notification-service Email queued
2026-09-20 08:31:19 INFO database-service Connection acquired from pool
2026-09-20 08:31:20 level=INFO service=inventory-service component=inventory-service request_id=req-649430 trace_id=trace-39652877 user_id=user-4861 status_code=200 latency_ms=34 message="Inventory released"
2026-09-20 08:31:21 INFO inventory-service Inventory reserved
2026-09-20 08:31:22 INFO worker-service Job completed successfully
2026-09-20 08:31:23 INFO monitoring-service Alert evaluated: no action
2026-09-20 08:31:24 level=INFO service=scheduler-service component=scheduler-service request_id=req-865073 trace_id=trace-14679668 user_id=user-5257 status_code=200 latency_ms=35 message="Cron tick processed"
2026-09-20 08:31:25 INFO inventory-service Inventory released
2026-09-20 08:31:26 INFO order-service Order status updated
2026-09-20 08:31:27 INFO auth-service User authenticated successfully
2026-09-20 08:31:28 INFO worker-service Job picked up
2026-09-20 08:31:29 INFO api-gateway Response sent
2026-09-20 08:31:30 INFO user-service User profile fetched
2026-09-20 08:31:31 WARNING redis-service Cache warmed
2026-09-20 08:31:32 level=INFO service=redis-service component=redis-service request_id=req-340986 trace_id=trace-94115154 user_id=user-9938 status_code=200 latency_ms=24 message="Cache hit"
2026-09-20 08:31:33 INFO order-service Order created
2026-09-20 08:31:34 level=INFO service=redis-service component=redis-service request_id=req-441327 trace_id=trace-45045462 user_id=user-7698 status_code=200 latency_ms=144 message="Cache hit"
2026-09-20 08:31:35 WARNING notification-service Push notification sent
2026-09-20 08:31:36 level=INFO service=payment-service component=payment-service request_id=req-233411 trace_id=trace-69240367 user_id=user-7593 status_code=200 latency_ms=70 message="Payment captured"
2026-09-20 08:31:37 level=INFO service=search-service component=search-service request_id=req-924843 trace_id=trace-88383612 user_id=user-6810 status_code=200 latency_ms=97 message="Index refreshed"
2026-09-20 08:31:38 INFO database-service Transaction committed
2026-09-20 08:31:39 DEBUG inventory-service Stock level checked
2026-09-20 08:31:40 level=INFO service=worker-service component=worker-service request_id=req-783701 trace_id=trace-39591101 user_id=user-2467 status_code=200 latency_ms=133 message="Job completed successfully"
2026-09-20 08:31:41 level=INFO service=monitoring-service component=monitoring-service request_id=req-138611 trace_id=trace-47278311 user_id=user-3826 status_code=200 latency_ms=232 message="Health probe OK"
2026-09-20 08:31:42 INFO notification-service Email queued
2026-09-20 08:31:43 INFO monitoring-service Metrics scraped
2026-09-20 08:31:44 DEBUG inventory-service Inventory reserved
2026-09-20 08:31:45 INFO payment-service Refund processed successfully
2026-09-20 08:31:46 INFO inventory-service Inventory released
2026-09-20 08:31:47 INFO auth-service Session created
2026-09-20 08:31:48 INFO order-service Order shipped
2026-09-20 08:31:49 INFO worker-service Worker heartbeat OK
2026-09-20 08:31:50 INFO payment-service Refund processed successfully
2026-09-20 08:31:51 INFO order-service Order status updated
2026-09-20 08:31:52 DEBUG auth-service Token issued
2026-09-20 08:31:53 INFO monitoring-service Metrics scraped
2026-09-20 08:31:54 INFO inventory-service Inventory reserved
2026-09-20 08:31:55 INFO database-service Query executed successfully
2026-09-20 08:31:56 INFO database-service Query executed successfully
2026-09-20 08:31:57 level=INFO service=order-service component=order-service request_id=req-556477 trace_id=trace-26639535 user_id=user-4118 status_code=200 latency_ms=102 message="Order shipped"
2026-09-20 08:31:58 INFO inventory-service Stock level checked
2026-09-20 08:31:59 level=INFO service=inventory-service component=inventory-service request_id=req-854840 trace_id=trace-30459595 user_id=user-2446 status_code=200 latency_ms=235 message="Inventory released"
2026-09-20 08:32:00 INFO user-service User profile fetched
2026-09-20 08:32:01 INFO inventory-service Stock level checked
2026-09-20 08:32:02 INFO inventory-service Stock level checked
2026-09-20 08:32:03 INFO worker-service Job picked up
2026-09-20 08:32:04 DEBUG inventory-service Inventory reserved
2026-09-20 08:32:05 INFO redis-service Key expired normally
2026-09-20 08:32:06 INFO redis-service Cache hit
2026-09-20 08:32:07 level=INFO service=database-service component=database-service request_id=req-134203 trace_id=trace-99115076 user_id=user-4020 status_code=200 latency_ms=172 message="Index scan completed"
2026-09-20 08:32:08 INFO worker-service Job completed successfully
2026-09-20 08:32:09 level=INFO service=payment-service component=payment-service request_id=req-266049 trace_id=trace-70572729 user_id=user-5054 status_code=200 latency_ms=255 message="Payment authorized"
2026-09-20 08:32:10 level=INFO service=user-service component=user-service request_id=req-856024 trace_id=trace-67652499 user_id=user-8192 status_code=200 latency_ms=243 message="Profile cache warmed"
2026-09-20 08:32:11 INFO order-service Order shipped
2026-09-20 08:32:12 INFO monitoring-service Metrics scraped
2026-09-20 08:32:13 INFO order-service Order status updated
2026-09-20 08:32:14 INFO database-service Connection acquired from pool
2026-09-20 08:32:15 INFO order-service Order confirmed
2026-09-20 08:32:16 INFO user-service User created
2026-09-20 08:32:17 INFO database-service Index scan completed
2026-09-20 08:32:18 INFO order-service Order created
2026-09-20 08:32:19 INFO inventory-service Inventory released
2026-09-20 08:32:20 INFO database-service Connection acquired from pool
2026-09-20 08:32:21 level=INFO service=api-gateway component=api-gateway request_id=req-212515 trace_id=trace-74916204 user_id=user-8375 status_code=200 latency_ms=120 message="Incoming request accepted"
2026-09-20 08:32:22 DEBUG search-service Search query executed
2026-09-20 08:32:23 level=INFO service=user-service component=user-service request_id=req-785962 trace_id=trace-52801767 user_id=user-2570 status_code=200 latency_ms=67 message="User preferences updated"
2026-09-20 08:32:24 DEBUG redis-service Cache warmed
2026-09-20 08:32:25 level=INFO service=redis-service component=redis-service request_id=req-663867 trace_id=trace-17827726 user_id=user-2953 status_code=200 latency_ms=84 message="Cache set"
2026-09-20 08:32:26 INFO search-service Query results returned
2026-09-20 08:32:27 INFO scheduler-service Cron tick processed
2026-09-20 08:32:28 INFO user-service User created
2026-09-20 08:32:29 INFO worker-service Worker heartbeat OK
2026-09-20 08:32:30 INFO payment-service Payment authorized
2026-09-20 08:32:31 INFO payment-service Payment gateway responded 200
2026-09-20 08:32:32 level=INFO service=api-gateway component=api-gateway request_id=req-987128 trace_id=trace-34608805 user_id=user-4861 status_code=200 latency_ms=230 message="Incoming request accepted"
2026-09-20 08:32:33 INFO scheduler-service Scheduled job started
2026-09-20 08:32:34 WARNING api-gateway Incoming request accepted
2026-09-20 08:32:35 INFO worker-service Job picked up
2026-09-20 08:32:36 level=INFO service=database-service component=database-service request_id=req-209854 trace_id=trace-95674926 user_id=user-3398 status_code=200 latency_ms=187 message="Connection acquired from pool"
2026-09-20 08:32:37 WARNING notification-service Email queued
2026-09-20 08:32:38 INFO monitoring-service Metrics scraped
2026-09-20 08:32:39 INFO auth-service Logout successful
2026-09-20 08:32:40 INFO payment-service Refund processed successfully
2026-09-20 08:32:41 level=INFO service=search-service component=search-service request_id=req-843541 trace_id=trace-92561148 user_id=user-9576 status_code=200 latency_ms=84 message="Query results returned"
2026-09-20 08:32:42 DEBUG payment-service Payment gateway responded 200
2026-09-20 08:32:43 INFO inventory-service Inventory reserved
2026-09-20 08:32:44 INFO notification-service Email queued
2026-09-20 08:32:45 INFO user-service User profile fetched
2026-09-20 08:32:46 level=INFO service=redis-service component=redis-service request_id=req-564020 trace_id=trace-40337961 user_id=user-8717 status_code=200 latency_ms=36 message="Cache set"
2026-09-20 08:32:47 level=INFO service=user-service component=user-service request_id=req-891075 trace_id=trace-36532585 user_id=user-1293 status_code=200 latency_ms=158 message="Profile cache warmed"
2026-09-20 08:32:48 level=INFO service=user-service component=user-service request_id=req-457867 trace_id=trace-99249717 user_id=user-7408 status_code=200 latency_ms=41 message="User preferences updated"
2026-09-20 08:32:49 INFO auth-service User authenticated successfully
2026-09-20 08:32:50 INFO worker-service Worker heartbeat OK
2026-09-20 08:32:51 INFO database-service Transaction committed
2026-09-20 08:32:52 level=INFO service=database-service component=database-service request_id=req-584280 trace_id=trace-40656954 user_id=user-9731 status_code=200 latency_ms=101 message="Connection acquired from pool"
2026-09-20 08:32:53 level=INFO service=payment-service component=payment-service request_id=req-281320 trace_id=trace-28144088 user_id=user-8430 status_code=200 latency_ms=121 message="Payment authorized"
2026-09-20 08:32:54 INFO worker-service Job completed successfully
2026-09-20 08:32:55 INFO payment-service Payment authorized
2026-09-20 08:32:56 INFO order-service Order shipped
2026-09-20 08:32:57 INFO worker-service Worker heartbeat OK
2026-09-20 08:32:58 INFO order-service Order shipped
2026-09-20 08:32:59 INFO api-gateway TLS handshake completed
2026-09-20 08:33:00 INFO search-service Index refreshed
2026-09-20 08:33:01 INFO user-service User preferences updated
2026-09-20 08:33:02 INFO inventory-service Inventory released
2026-09-20 08:33:03 DEBUG worker-service Job completed successfully
2026-09-20 08:33:04 level=INFO service=redis-service component=redis-service request_id=req-883996 trace_id=trace-72380874 user_id=user-1513 status_code=200 latency_ms=270 message="Cache hit"
2026-09-20 08:33:05 level=INFO service=search-service component=search-service request_id=req-927896 trace_id=trace-29436140 user_id=user-2556 status_code=200 latency_ms=242 message="Query results returned"
2026-09-20 08:33:06 INFO worker-service Job picked up
2026-09-20 08:33:07 INFO search-service Search query executed
2026-09-20 08:33:08 INFO user-service User created
2026-09-20 08:33:09 level=INFO service=search-service component=search-service request_id=req-427556 trace_id=trace-64452866 user_id=user-1507 status_code=200 latency_ms=57 message="Search query executed"
2026-09-20 08:33:10 INFO payment-service Payment authorized
2026-09-20 08:33:11 INFO user-service User profile fetched
2026-09-20 08:33:12 INFO notification-service Email queued
2026-09-20 08:33:13 level=INFO service=notification-service component=notification-service request_id=req-879344 trace_id=trace-47088057 user_id=user-3137 status_code=200 latency_ms=213 message="SMS delivered"
2026-09-20 08:33:14 level=INFO service=monitoring-service component=monitoring-service request_id=req-199080 trace_id=trace-49303646 user_id=user-1859 status_code=200 latency_ms=209 message="Metrics scraped"
2026-09-20 08:33:15 level=WARNING service=redis-service component=redis-service request_id=req-598449 trace_id=trace-21504486 user_id=user-8354 status_code=200 latency_ms=47 message="Cache set"
2026-09-20 08:33:16 INFO payment-service Payment gateway responded 200
2026-09-20 08:33:17 level=INFO service=database-service component=database-service request_id=req-733049 trace_id=trace-99372587 user_id=user-6930 status_code=200 latency_ms=71 message="Transaction committed"
2026-09-20 08:33:18 INFO api-gateway Response sent
2026-09-20 08:33:19 DEBUG api-gateway Rate limit check passed
2026-09-20 08:33:20 INFO database-service Connection acquired from pool
2026-09-20 08:33:21 INFO auth-service Token issued
2026-09-20 08:33:22 level=INFO service=inventory-service component=inventory-service request_id=req-376544 trace_id=trace-24687093 user_id=user-4929 status_code=200 latency_ms=108 message="Inventory reserved"
2026-09-20 08:33:23 INFO worker-service Job picked up
2026-09-20 08:33:24 INFO monitoring-service Alert evaluated: no action
2026-09-20 08:33:25 level=INFO service=notification-service component=notification-service request_id=req-442395 trace_id=trace-66831998 user_id=user-1355 status_code=200 latency_ms=227 message="Email queued"
2026-09-20 08:33:26 INFO auth-service Token issued
2026-09-20 08:33:27 INFO inventory-service Inventory reserved
2026-09-20 08:33:28 level=INFO service=payment-service component=payment-service request_id=req-189600 trace_id=trace-76890854 user_id=user-6523 status_code=200 latency_ms=256 message="Payment gateway responded 200"
2026-09-20 08:33:29 INFO user-service Profile cache warmed
2026-09-20 08:33:30 INFO search-service Index refreshed
2026-09-20 08:33:31 INFO worker-service Job picked up
2026-09-20 08:33:32 INFO payment-service Refund processed successfully
2026-09-20 08:33:33 INFO redis-service Cache hit
2026-09-20 08:33:34 level=INFO service=scheduler-service component=scheduler-service request_id=req-432659 trace_id=trace-25210326 user_id=user-2533 status_code=200 latency_ms=69 message="Scheduled job started"
2026-09-20 08:33:35 level=INFO service=payment-service component=payment-service request_id=req-835805 trace_id=trace-77209676 user_id=user-6107 status_code=200 latency_ms=164 message="Payment captured"
2026-09-20 08:33:36 INFO inventory-service Inventory reserved
2026-09-20 08:33:37 INFO payment-service Payment authorized
2026-09-20 08:33:38 INFO scheduler-service Cron tick processed
2026-09-20 08:33:39 INFO search-service Search query executed
2026-09-20 08:33:40 INFO notification-service Push notification sent
2026-09-20 08:33:41 INFO inventory-service Inventory released
2026-09-20 08:33:42 INFO scheduler-service Scheduled job started
2026-09-20 08:33:43 INFO payment-service Payment request received
2026-09-20 08:33:44 INFO notification-service Email queued
2026-09-20 08:33:45 INFO notification-service SMS delivered
2026-09-20 08:33:46 INFO payment-service Payment authorized
2026-09-20 08:33:47 INFO redis-service Cache hit
2026-09-20 08:33:48 INFO redis-service Cache hit
2026-09-20 08:33:49 INFO api-gateway Rate limit check passed
2026-09-20 08:33:50 INFO notification-service Push notification sent
2026-09-20 08:33:51 INFO api-gateway Request routed successfully
2026-09-20 08:33:52 INFO worker-service Job completed successfully
2026-09-20 08:33:53 INFO auth-service User authenticated successfully
2026-09-20 08:33:54 INFO database-service Connection acquired from pool
2026-09-20 08:33:55 level=INFO service=payment-service component=payment-service request_id=req-417673 trace_id=trace-98690056 user_id=user-2142 status_code=200 latency_ms=103 message="Payment captured"
2026-09-20 08:33:56 INFO payment-service Refund processed successfully
2026-09-20 08:33:57 level=INFO service=order-service component=order-service request_id=req-252940 trace_id=trace-27036190 user_id=user-4749 status_code=200 latency_ms=285 message="Order status updated"
2026-09-20 08:33:58 level=INFO service=api-gateway component=api-gateway request_id=req-935289 trace_id=trace-20634627 user_id=user-7925 status_code=200 latency_ms=52 message="Rate limit check passed"
2026-09-20 08:33:59 level=INFO service=redis-service component=redis-service request_id=req-202546 trace_id=trace-94277127 user_id=user-6536 status_code=200 latency_ms=193 message="Cache hit"
2026-09-20 08:34:00 INFO search-service Index refreshed
2026-09-20 08:34:01 level=INFO service=notification-service component=notification-service request_id=req-400547 trace_id=trace-67000670 user_id=user-5212 status_code=200 latency_ms=268 message="Email queued"
2026-09-20 08:34:02 level=INFO service=inventory-service component=inventory-service request_id=req-888595 trace_id=trace-46283956 user_id=user-6152 status_code=200 latency_ms=236 message="Stock level checked"
2026-09-20 08:34:03 INFO api-gateway Rate limit check passed
2026-09-20 08:34:04 INFO order-service Order confirmed
2026-09-20 08:34:05 INFO worker-service Job picked up
2026-09-20 08:34:06 INFO order-service Order confirmed
2026-09-20 08:34:07 INFO monitoring-service Health probe OK
2026-09-20 08:34:08 DEBUG worker-service Job completed successfully
2026-09-20 08:34:09 INFO search-service Query results returned
2026-09-20 08:34:10 INFO scheduler-service Scheduled job started
2026-09-20 08:34:11 INFO monitoring-service Metrics scraped
2026-09-20 08:34:12 INFO scheduler-service Cron tick processed
2026-09-20 08:34:13 INFO order-service Order status updated
2026-09-20 08:34:14 INFO database-service Transaction committed
2026-09-20 08:34:15 WARNING inventory-service Inventory released
2026-09-20 08:34:16 level=INFO service=database-service component=database-service request_id=req-626346 trace_id=trace-58352054 user_id=user-3559 status_code=200 latency_ms=233 message="Index scan completed"
2026-09-20 08:34:17 INFO inventory-service Stock level checked
2026-09-20 08:34:18 level=INFO service=scheduler-service component=scheduler-service request_id=req-933788 trace_id=trace-85632893 user_id=user-4510 status_code=200 latency_ms=17 message="Scheduled job completed"
2026-09-20 08:34:19 DEBUG database-service Query executed successfully
2026-09-20 08:34:20 INFO search-service Query results returned
2026-09-20 08:34:21 level=INFO service=order-service component=order-service request_id=req-443461 trace_id=trace-98208166 user_id=user-6804 status_code=200 latency_ms=25 message="Order shipped"
2026-09-20 08:34:22 INFO api-gateway Incoming request accepted
2026-09-20 08:34:23 INFO auth-service Logout successful
2026-09-20 08:34:24 INFO scheduler-service Scheduled job completed
2026-09-20 08:34:25 INFO notification-service SMS delivered
2026-09-20 08:34:26 INFO search-service Search query executed
2026-09-20 08:34:27 level=INFO service=notification-service component=notification-service request_id=req-382495 trace_id=trace-14728989 user_id=user-7246 status_code=200 latency_ms=192 message="Email queued"
2026-09-20 08:34:28 INFO auth-service Logout successful
2026-09-20 08:34:29 DEBUG search-service Query results returned
2026-09-20 08:34:30 INFO scheduler-service Scheduled job completed
2026-09-20 08:34:31 level=INFO service=user-service component=user-service request_id=req-582711 trace_id=trace-88190946 user_id=user-6443 status_code=200 latency_ms=75 message="User profile fetched"
2026-09-20 08:34:32 level=INFO service=search-service component=search-service request_id=req-319852 trace_id=trace-42402412 user_id=user-2332 status_code=200 latency_ms=97 message="Query results returned"
2026-09-20 08:34:33 INFO auth-service Session created
2026-09-20 08:34:34 DEBUG inventory-service Inventory released
2026-09-20 08:34:35 INFO user-service User created
2026-09-20 08:34:36 INFO notification-service Email queued
2026-09-20 08:34:37 level=INFO service=scheduler-service component=scheduler-service request_id=req-929588 trace_id=trace-33416828 user_id=user-9139 status_code=200 latency_ms=157 message="Scheduled job completed"
2026-09-20 08:34:38 level=INFO service=worker-service component=worker-service request_id=req-782159 trace_id=trace-76021402 user_id=user-4809 status_code=200 latency_ms=176 message="Job picked up"
2026-09-20 08:34:39 level=INFO service=scheduler-service component=scheduler-service request_id=req-809082 trace_id=trace-51542870 user_id=user-3474 status_code=200 latency_ms=66 message="Scheduled job completed"
2026-09-20 08:34:40 level=INFO service=api-gateway component=api-gateway request_id=req-604520 trace_id=trace-45017942 user_id=user-2833 status_code=200 latency_ms=137 message="Health check OK"
2026-09-20 08:34:41 level=INFO service=inventory-service component=inventory-service request_id=req-250443 trace_id=trace-55953395 user_id=user-1825 status_code=200 latency_ms=162 message="Inventory reserved"
2026-09-20 08:34:42 level=INFO service=worker-service component=worker-service request_id=req-337214 trace_id=trace-96033091 user_id=user-1035 status_code=200 latency_ms=183 message="Worker heartbeat OK"
2026-09-20 08:34:43 INFO monitoring-service Health probe OK
2026-09-20 08:34:44 INFO scheduler-service Scheduled job completed
2026-09-20 08:34:45 level=WARNING service=monitoring-service component=monitoring-service request_id=req-804020 trace_id=trace-34445740 user_id=user-9004 status_code=200 latency_ms=166 message="Alert evaluated: no action"
2026-09-20 08:34:46 INFO user-service User created
2026-09-20 08:34:47 INFO user-service User profile fetched
2026-09-20 08:34:48 level=INFO service=worker-service component=worker-service request_id=req-189199 trace_id=trace-42125452 user_id=user-6253 status_code=200 latency_ms=91 message="Job picked up"
2026-09-20 08:34:49 level=INFO service=payment-service component=payment-service request_id=req-153188 trace_id=trace-24348511 user_id=user-1481 status_code=200 latency_ms=121 message="Payment request received"
2026-09-20 08:34:50 INFO database-service Transaction committed
2026-09-20 08:34:51 DEBUG worker-service Job completed successfully
2026-09-20 08:34:52 INFO search-service Query results returned
2026-09-20 08:34:53 level=INFO service=order-service component=order-service request_id=req-962743 trace_id=trace-26925127 user_id=user-3971 status_code=200 latency_ms=86 message="Order created"
2026-09-20 08:34:54 INFO user-service User profile fetched
2026-09-20 08:34:55 INFO monitoring-service Health probe OK
2026-09-20 08:34:56 INFO monitoring-service Alert evaluated: no action
2026-09-20 08:34:57 level=INFO service=user-service component=user-service request_id=req-652381 trace_id=trace-57413518 user_id=user-8202 status_code=200 latency_ms=21 message="User profile fetched"
2026-09-20 08:34:58 level=INFO service=redis-service component=redis-service request_id=req-544859 trace_id=trace-84342276 user_id=user-4044 status_code=200 latency_ms=72 message="Cache set"
2026-09-20 08:34:59 INFO auth-service User authenticated successfully
2026-09-20 08:35:00 level=WARNING service=search-service component=search-service request_id=req-490464 trace_id=trace-24322302 user_id=user-4799 status_code=200 latency_ms=49 message="Query results returned"
2026-09-20 08:35:01 INFO payment-service Payment gateway responded 200
