2026-09-20 08:00:00 INFO notification-service SMS delivered
2026-09-20 08:00:01 INFO notification-service SMS delivered
2026-09-20 08:00:02 INFO redis-service Cache hit
2026-09-20 08:00:03 level=INFO service=payment-service component=payment-service request_id=req-214672 trace_id=trace-62013608 user_id=user-6401 status_code=200 latency_ms=240 message="Payment captured"
2026-09-20 08:00:04 INFO database-service Connection acquired from pool
2026-09-20 08:00:05 INFO auth-service Token refreshed
2026-09-20 08:00:06 INFO inventory-service Inventory released
2026-09-20 08:00:07 INFO payment-service Payment captured
2026-09-20 08:00:08 INFO api-gateway TLS handshake completed
2026-09-20 08:00:09 level=DEBUG service=api-gateway component=api-gateway request_id=req-723237 trace_id=trace-95711029 user_id=user-3964 status_code=200 latency_ms=153 message="Response sent"
2026-09-20 08:00:10 INFO redis-service Cache warmed
2026-09-20 08:00:11 WARNING database-service Connection acquired from pool
2026-09-20 08:00:12 level=INFO service=monitoring-service component=monitoring-service request_id=req-866599 trace_id=trace-30122658 user_id=user-6568 status_code=200 latency_ms=67 message="Metrics scraped"
2026-09-20 08:00:13 DEBUG worker-service Worker heartbeat OK
2026-09-20 08:00:14 level=DEBUG service=worker-service component=worker-service request_id=req-521003 trace_id=trace-98794105 user_id=user-6646 status_code=200 latency_ms=26 message="Job completed successfully"
2026-09-20 08:00:15 level=WARNING service=auth-service component=auth-service request_id=req-527896 trace_id=trace-91165232 user_id=user-4454 status_code=200 latency_ms=111 message="Token issued"
2026-09-20 08:00:16 INFO payment-service Payment request received
2026-09-20 08:00:17 DEBUG api-gateway Incoming request accepted
2026-09-20 08:00:18 INFO api-gateway Rate limit check passed
2026-09-20 08:00:19 level=INFO service=notification-service component=notification-service request_id=req-481136 trace_id=trace-42107299 user_id=user-8693 status_code=200 latency_ms=246 message="Push notification sent"
2026-09-20 08:00:20 INFO monitoring-service Health probe OK
2026-09-20 08:00:21 INFO scheduler-service Scheduled job completed
2026-09-20 08:00:22 INFO scheduler-service Cron tick processed
2026-09-20 08:00:23 INFO order-service Order shipped
2026-09-20 08:00:24 INFO worker-service Job completed successfully
2026-09-20 08:00:25 INFO scheduler-service Scheduled job completed
2026-09-20 08:00:26 INFO inventory-service Inventory reserved
2026-09-20 08:00:27 INFO user-service User profile fetched
2026-09-20 08:00:28 INFO worker-service Worker heartbeat OK
2026-09-20 08:00:29 INFO worker-service Job completed successfully
2026-09-20 08:00:30 INFO redis-service Key expired normally
2026-09-20 08:00:31 INFO monitoring-service Alert evaluated: no action
2026-09-20 08:00:32 INFO worker-service Job completed successfully
2026-09-20 08:00:33 INFO notification-service Push notification sent
2026-09-20 08:00:34 INFO user-service Profile cache warmed
2026-09-20 08:00:35 level=INFO service=redis-service component=redis-service request_id=req-595727 trace_id=trace-58978544 user_id=user-9593 status_code=200 latency_ms=250 message="Cache set"
2026-09-20 08:00:36 level=DEBUG service=database-service component=database-service request_id=req-908927 trace_id=trace-91884091 user_id=user-4578 status_code=200 latency_ms=224 message="Transaction committed"
2026-09-20 08:00:37 INFO worker-service Job completed successfully
2026-09-20 08:00:38 INFO scheduler-service Cron tick processed
2026-09-20 08:00:39 DEBUG redis-service Cache hit
2026-09-20 08:00:40 INFO monitoring-service Metrics scraped
2026-09-20 08:00:41 DEBUG scheduler-service Scheduled job started
2026-09-20 08:00:42 INFO notification-service SMS delivered
2026-09-20 08:00:43 level=INFO service=api-gateway component=api-gateway request_id=req-694694 trace_id=trace-16130851 user_id=user-8658 status_code=200 latency_ms=115 message="Rate limit check passed"
2026-09-20 08:00:44 INFO database-service Index scan completed
2026-09-20 08:00:45 INFO search-service Query results returned
2026-09-20 08:00:46 level=INFO service=inventory-service component=inventory-service request_id=req-166517 trace_id=trace-66600975 user_id=user-3256 status_code=200 latency_ms=29 message="Inventory released"
2026-09-20 08:00:47 level=INFO service=inventory-service component=inventory-service request_id=req-809449 trace_id=trace-27804687 user_id=user-1079 status_code=200 latency_ms=34 message="Inventory reserved"
2026-09-20 08:00:48 WARNING order-service Order created
2026-09-20 08:00:49 INFO redis-service Cache set
2026-09-20 08:00:50 INFO payment-service Refund processed successfully
2026-09-20 08:00:51 INFO monitoring-service Alert evaluated: no action
2026-09-20 08:00:52 level=INFO service=user-service component=user-service request_id=req-217100 trace_id=trace-29090624 user_id=user-4915 status_code=200 latency_ms=66 message="User created"
2026-09-20 08:00:53 INFO worker-service Job picked up
2026-09-20 08:00:54 INFO auth-service Token issued
2026-09-20 08:00:55 INFO order-service Order status updated
2026-09-20 08:00:56 INFO notification-service SMS delivered
2026-09-20 08:00:57 INFO scheduler-service Scheduled job completed
2026-09-20 08:00:58 INFO redis-service Key expired normally
2026-09-20 08:00:59 WARNING inventory-service Inventory reserved
2026-09-20 08:01:00 WARNING notification-service SMS delivered
2026-09-20 08:01:01 INFO worker-service Job picked up
2026-09-20 08:01:02 INFO payment-service Payment captured
2026-09-20 08:01:03 level=INFO service=inventory-service component=inventory-service request_id=req-832469 trace_id=trace-14194388 user_id=user-7846 status_code=200 latency_ms=247 message="Inventory released"
2026-09-20 08:01:04 INFO auth-service Logout successful
2026-09-20 08:01:05 INFO notification-service Email queued
2026-09-20 08:01:06 INFO notification-service Email queued
2026-09-20 08:01:07 INFO worker-service Job completed successfully
2026-09-20 08:01:08 level=INFO service=notification-service component=notification-service request_id=req-369828 trace_id=trace-23623588 user_id=user-3847 status_code=200 latency_ms=232 message="SMS delivered"
2026-09-20 08:01:09 INFO monitoring-service Alert evaluated: no action
2026-09-20 08:01:10 INFO payment-service Refund processed successfully
2026-09-20 08:01:11 INFO api-gateway Request routed successfully
2026-09-20 08:01:12 level=INFO service=user-service component=user-service request_id=req-748509 trace_id=trace-90223665 user_id=user-6505 status_code=200 latency_ms=135 message="Profile cache warmed"
2026-09-20 08:01:13 INFO payment-service Refund processed successfully
2026-09-20 08:01:14 INFO order-service Order shipped
2026-09-20 08:01:15 INFO search-service Search query executed
2026-09-20 08:01:16 level=INFO service=scheduler-service component=scheduler-service request_id=req-281658 trace_id=trace-38898827 user_id=user-5594 status_code=200 latency_ms=66 message="Scheduled job completed"
2026-09-20 08:01:17 INFO monitoring-service Alert evaluated: no action
2026-09-20 08:01:18 WARNING redis-service Key expired normally
2026-09-20 08:01:19 level=INFO service=payment-service component=payment-service request_id=req-737331 trace_id=trace-42519826 user_id=user-7565 status_code=200 latency_ms=204 message="Payment authorized"
2026-09-20 08:01:20 INFO order-service Order confirmed
2026-09-20 08:01:21 level=INFO service=monitoring-service component=monitoring-service request_id=req-594278 trace_id=trace-58561569 user_id=user-7079 status_code=200 latency_ms=82 message="Metrics scraped"
2026-09-20 08:01:22 INFO database-service Connection acquired from pool
2026-09-20 08:01:23 INFO payment-service Payment captured
2026-09-20 08:01:24 INFO api-gateway TLS handshake completed
2026-09-20 08:01:25 INFO payment-service Payment authorized
2026-09-20 08:01:26 level=INFO service=user-service component=user-service request_id=req-139987 trace_id=trace-97667521 user_id=user-3568 status_code=200 latency_ms=58 message="User created"
2026-09-20 08:01:27 WARNING worker-service Job completed successfully
2026-09-20 08:01:28 level=INFO service=worker-service component=worker-service request_id=req-816512 trace_id=trace-88456512 user_id=user-2879 status_code=200 latency_ms=90 message="Job completed successfully"
2026-09-20 08:01:29 level=INFO service=worker-service component=worker-service request_id=req-948190 trace_id=trace-18620974 user_id=user-8404 status_code=200 latency_ms=188 message="Worker heartbeat OK"
2026-09-20 08:01:30 INFO user-service User profile fetched
2026-09-20 08:01:31 INFO auth-service User authenticated successfully
2026-09-20 08:01:32 INFO scheduler-service Scheduled job started
2026-09-20 08:01:33 INFO auth-service Logout successful
2026-09-20 08:01:34 INFO notification-service Email queued
2026-09-20 08:01:35 INFO database-service Index scan completed
2026-09-20 08:01:36 INFO database-service Query executed successfully
2026-09-20 08:01:37 INFO search-service Index refreshed
2026-09-20 08:01:38 INFO database-service Transaction committed
2026-09-20 08:01:39 level=INFO service=scheduler-service component=scheduler-service request_id=req-159223 trace_id=trace-44130969 user_id=user-5491 status_code=200 latency_ms=115 message="Cron tick processed"
2026-09-20 08:01:40 level=INFO service=inventory-service component=inventory-service request_id=req-878464 trace_id=trace-79892950 user_id=user-4998 status_code=200 latency_ms=208 message="Stock level checked"
2026-09-20 08:01:41 INFO redis-service Cache hit
2026-09-20 08:01:42 INFO scheduler-service Cron tick processed
2026-09-20 08:01:43 INFO api-gateway Rate limit check passed
2026-09-20 08:01:44 level=INFO service=database-service component=database-service request_id=req-385423 trace_id=trace-11142034 user_id=user-4370 status_code=200 latency_ms=39 message="Query executed successfully"
2026-09-20 08:01:45 INFO order-service Order status updated
2026-09-20 08:01:46 level=INFO service=order-service component=order-service request_id=req-668017 trace_id=trace-77778425 user_id=user-2577 status_code=200 latency_ms=232 message="Order confirmed"
2026-09-20 08:01:47 INFO api-gateway Health check OK
2026-09-20 08:01:48 level=INFO service=worker-service component=worker-service request_id=req-204992 trace_id=trace-42706763 user_id=user-5006 status_code=200 latency_ms=175 message="Job picked up"
2026-09-20 08:01:49 INFO order-service Order created
2026-09-20 08:01:50 level=INFO service=auth-service component=auth-service request_id=req-277271 trace_id=trace-58541458 user_id=user-4867 status_code=200 latency_ms=295 message="User authenticated successfully"
2026-09-20 08:01:51 DEBUG auth-service Logout successful
2026-09-20 08:01:52 INFO worker-service Worker heartbeat OK
2026-09-20 08:01:53 level=INFO service=payment-service component=payment-service request_id=req-349098 trace_id=trace-82138140 user_id=user-2408 status_code=200 latency_ms=19 message="Refund processed successfully"
2026-09-20 08:01:54 INFO worker-service Job completed successfully
2026-09-20 08:01:55 INFO scheduler-service Scheduled job started
2026-09-20 08:01:56 INFO redis-service Key expired normally
2026-09-20 08:01:57 level=INFO service=notification-service component=notification-service request_id=req-235687 trace_id=trace-20843786 user_id=user-5210 status_code=200 latency_ms=196 message="Email queued"
2026-09-20 08:01:58 INFO scheduler-service Scheduled job started
2026-09-20 08:01:59 level=INFO service=api-gateway component=api-gateway request_id=req-932859 trace_id=trace-13702335 user_id=user-9734 status_code=200 latency_ms=201 message="Incoming request accepted"
2026-09-20 08:02:00 level=INFO service=search-service component=search-service request_id=req-654787 trace_id=trace-59836975 user_id=user-2325 status_code=200 latency_ms=18 message="Search query executed"
2026-09-20 08:02:01 INFO monitoring-service Alert evaluated: no action
2026-09-20 08:02:02 INFO search-service Query results returned
2026-09-20 08:02:03 INFO order-service Order status updated
2026-09-20 08:02:04 INFO auth-service Token refreshed
2026-09-20 08:02:05 INFO payment-service Refund processed successfully
2026-09-20 08:02:06 INFO payment-service Refund processed successfully
2026-09-20 08:02:07 INFO monitoring-service Alert evaluated: no action
2026-09-20 08:02:08 level=INFO service=notification-service component=notification-service request_id=req-520260 trace_id=trace-24301134 user_id=user-3203 status_code=200 latency_ms=196 message="Push notification sent"
2026-09-20 08:02:09 INFO scheduler-service Scheduled job completed
2026-09-20 08:02:10 INFO database-service Query executed successfully
2026-09-20 08:02:11 level=INFO service=database-service component=database-service request_id=req-601038 trace_id=trace-48452777 user_id=user-1762 status_code=200 latency_ms=283 message="Query executed successfully"
2026-09-20 08:02:12 INFO auth-service Token issued
2026-09-20 08:02:13 INFO scheduler-service Scheduled job completed
2026-09-20 08:02:14 INFO payment-service Refund processed successfully
2026-09-20 08:02:15 INFO auth-service Token issued
2026-09-20 08:02:16 level=INFO service=api-gateway component=api-gateway request_id=req-536308 trace_id=trace-22987218 user_id=user-5885 status_code=200 latency_ms=249 message="TLS handshake completed"
2026-09-20 08:02:17 INFO auth-service User authenticated successfully
2026-09-20 08:02:18 INFO order-service Order created
2026-09-20 08:02:19 INFO redis-service Cache set
2026-09-20 08:02:20 INFO notification-service Email queued
2026-09-20 08:02:21 INFO notification-service SMS delivered
2026-09-20 08:02:22 INFO notification-service Push notification sent
2026-09-20 08:02:23 level=INFO service=user-service component=user-service request_id=req-667577 trace_id=trace-39513045 user_id=user-8969 status_code=200 latency_ms=157 message="User preferences updated"
2026-09-20 08:02:24 level=INFO service=worker-service component=worker-service request_id=req-823617 trace_id=trace-20570710 user_id=user-6644 status_code=200 latency_ms=131 message="Worker heartbeat OK"
2026-09-20 08:02:25 WARNING search-service Query results returned
2026-09-20 08:02:26 level=WARNING service=monitoring-service component=monitoring-service request_id=req-605994 trace_id=trace-17737798 user_id=user-7280 status_code=200 latency_ms=100 message="Alert evaluated: no action"
2026-09-20 08:02:27 level=INFO service=inventory-service component=inventory-service request_id=req-152302 trace_id=trace-60616239 user_id=user-3378 status_code=200 latency_ms=150 message="Inventory reserved"
2026-09-20 08:02:28 INFO search-service Query results returned
2026-09-20 08:02:29 INFO auth-service Token refreshed
2026-09-20 08:02:30 INFO redis-service Cache hit
2026-09-20 08:02:31 INFO database-service Index scan completed
2026-09-20 08:02:32 INFO database-service Index scan completed
2026-09-20 08:02:33 INFO scheduler-service Cron tick processed
2026-09-20 08:02:34 INFO order-service Order status updated
2026-09-20 08:02:35 INFO search-service Query results returned
2026-09-20 08:02:36 level=INFO service=inventory-service component=inventory-service request_id=req-215740 trace_id=trace-47468133 user_id=user-9950 status_code=200 latency_ms=78 message="Stock level checked"
2026-09-20 08:02:37 INFO notification-service Push notification sent
2026-09-20 08:02:38 INFO scheduler-service Cron tick processed
2026-09-20 08:02:39 WARNING payment-service Payment request received
2026-09-20 08:02:40 INFO database-service Transaction committed
2026-09-20 08:02:41 level=INFO service=user-service component=user-service request_id=req-276331 trace_id=trace-90044457 user_id=user-8552 status_code=200 latency_ms=63 message="Profile cache warmed"
2026-09-20 08:02:42 INFO inventory-service Inventory reserved
2026-09-20 08:02:43 level=INFO service=scheduler-service component=scheduler-service request_id=req-738375 trace_id=trace-65099159 user_id=user-4570 status_code=200 latency_ms=171 message="Scheduled job completed"
2026-09-20 08:02:44 level=INFO service=database-service component=database-service request_id=req-651085 trace_id=trace-89185430 user_id=user-1877 status_code=200 latency_ms=123 message="Query executed successfully"
2026-09-20 08:02:45 INFO notification-service Email queued
2026-09-20 08:02:46 INFO payment-service Payment request received
2026-09-20 08:02:47 level=WARNING service=notification-service component=notification-service request_id=req-220501 trace_id=trace-62213041 user_id=user-4634 status_code=200 latency_ms=102 message="Push notification sent"
2026-09-20 08:02:48 WARNING monitoring-service Metrics scraped
2026-09-20 08:02:49 level=INFO service=payment-service component=payment-service request_id=req-445424 trace_id=trace-45938256 user_id=user-1600 status_code=200 latency_ms=284 message="Payment authorized"
2026-09-20 08:02:50 INFO monitoring-service Health probe OK
2026-09-20 08:02:51 level=INFO service=api-gateway component=api-gateway request_id=req-886154 trace_id=trace-49708789 user_id=user-7087 status_code=200 latency_ms=197 message="TLS handshake completed"
2026-09-20 08:02:52 INFO redis-service Cache set
2026-09-20 08:02:53 INFO notification-service Email queued
2026-09-20 08:02:54 level=INFO service=search-service component=search-service request_id=req-868100 trace_id=trace-39236279 user_id=user-3525 status_code=200 latency_ms=157 message="Search query executed"
2026-09-20 08:02:55 level=INFO service=auth-service component=auth-service request_id=req-173127 trace_id=trace-90557330 user_id=user-4018 status_code=200 latency_ms=154 message="Token refreshed"
2026-09-20 08:02:56 INFO inventory-service Stock level checked
2026-09-20 08:02:57 INFO order-service Order status updated
2026-09-20 08:02:58 INFO payment-service Payment authorized
2026-09-20 08:02:59 INFO notification-service Email queued
2026-09-20 08:03:00 INFO notification-service SMS delivered
2026-09-20 08:03:01 INFO order-service Order confirmed
2026-09-20 08:03:02 level=INFO service=redis-service component=redis-service request_id=req-328199 trace_id=trace-17076128 user_id=user-4970 status_code=200 latency_ms=214 message="Cache set"
2026-09-20 08:03:03 INFO api-gateway Incoming request accepted
2026-09-20 08:03:04 INFO redis-service Key expired normally
2026-09-20 08:03:05 DEBUG search-service Query results returned
2026-09-20 08:03:06 INFO worker-service Worker heartbeat OK
2026-09-20 08:03:07 INFO auth-service User authenticated successfully
2026-09-20 08:03:08 INFO scheduler-service Scheduled job started
2026-09-20 08:03:09 INFO database-service Connection acquired from pool
2026-09-20 08:03:10 INFO monitoring-service Health probe OK
2026-09-20 08:03:11 level=INFO service=payment-service component=payment-service request_id=req-301441 trace_id=trace-67551532 user_id=user-8419 status_code=200 latency_ms=255 message="Payment authorized"
2026-09-20 08:03:12 level=INFO service=api-gateway component=api-gateway request_id=req-840936 trace_id=trace-49424344 user_id=user-1183 status_code=200 latency_ms=130 message="Health check OK"
2026-09-20 08:03:13 level=INFO service=scheduler-service component=scheduler-service request_id=req-777735 trace_id=trace-32915798 user_id=user-5429 status_code=200 latency_ms=102 message="Scheduled job completed"
2026-09-20 08:03:14 INFO payment-service Payment gateway responded 200
2026-09-20 08:03:15 INFO scheduler-service Scheduled job started
2026-09-20 08:03:16 INFO user-service User preferences updated
2026-09-20 08:03:17 INFO order-service Order created
2026-09-20 08:03:18 INFO payment-service Payment captured
2026-09-20 08:03:19 INFO auth-service Logout successful
2026-09-20 08:03:20 level=INFO service=order-service component=order-service request_id=req-356534 trace_id=trace-59372757 user_id=user-1119 status_code=200 latency_ms=158 message="Order created"
2026-09-20 08:03:21 INFO scheduler-service Scheduled job completed
2026-09-20 08:03:22 level=INFO service=scheduler-service component=scheduler-service request_id=req-546480 trace_id=trace-98230709 user_id=user-2067 status_code=200 latency_ms=278 message="Scheduled job started"
2026-09-20 08:03:23 level=INFO service=inventory-service component=inventory-service request_id=req-208055 trace_id=trace-51463789 user_id=user-9109 status_code=200 latency_ms=160 message="Inventory reserved"
2026-09-20 08:03:24 INFO inventory-service Inventory released
2026-09-20 08:03:25 level=INFO service=payment-service component=payment-service request_id=req-971175 trace_id=trace-95401061 user_id=user-3199 status_code=200 latency_ms=174 message="Refund processed successfully"
2026-09-20 08:03:26 INFO order-service Order created
2026-09-20 08:03:27 INFO search-service Search query executed
2026-09-20 08:03:28 level=INFO service=payment-service component=payment-service request_id=req-433768 trace_id=trace-61449796 user_id=user-6235 status_code=200 latency_ms=117 message="Payment request received"
2026-09-20 08:03:29 INFO search-service Query results returned
2026-09-20 08:03:30 level=DEBUG service=auth-service component=auth-service request_id=req-845668 trace_id=trace-61218112 user_id=user-8090 status_code=200 latency_ms=210 message="Token issued"
2026-09-20 08:03:31 INFO search-service Index refreshed
2026-09-20 08:03:32 level=INFO service=monitoring-service component=monitoring-service request_id=req-502363 trace_id=trace-22518558 user_id=user-5096 status_code=200 latency_ms=290 message="Health probe OK"
2026-09-20 08:03:33 INFO payment-service Payment gateway responded 200
2026-09-20 08:03:34 INFO user-service User profile fetched
2026-09-20 08:03:35 level=INFO service=monitoring-service component=monitoring-service request_id=req-408340 trace_id=trace-10295360 user_id=user-7202 status_code=200 latency_ms=91 message="Health probe OK"
2026-09-20 08:03:36 INFO notification-service SMS delivered
2026-09-20 08:03:37 INFO order-service Order confirmed
2026-09-20 08:03:38 level=INFO service=worker-service component=worker-service request_id=req-369855 trace_id=trace-38009488 user_id=user-8743 status_code=200 latency_ms=136 message="Worker heartbeat OK"
2026-09-20 08:03:39 INFO inventory-service Inventory released
2026-09-20 08:03:40 INFO notification-service Push notification sent
2026-09-20 08:03:41 INFO redis-service Key expired normally
2026-09-20 08:03:42 level=INFO service=auth-service component=auth-service request_id=req-681419 trace_id=trace-54260904 user_id=user-6628 status_code=200 latency_ms=83 message="Logout successful"
2026-09-20 08:03:43 INFO api-gateway Health check OK
2026-09-20 08:03:44 level=INFO service=api-gateway component=api-gateway request_id=req-946159 trace_id=trace-93411355 user_id=user-7114 status_code=200 latency_ms=282 message="Rate limit check passed"
2026-09-20 08:03:45 INFO search-service Index refreshed
2026-09-20 08:03:46 INFO api-gateway Incoming request accepted
2026-09-20 08:03:47 INFO search-service Index refreshed
2026-09-20 08:03:48 INFO user-service User profile fetched
2026-09-20 08:03:49 INFO database-service Query executed successfully
2026-09-20 08:03:50 level=INFO service=payment-service component=payment-service request_id=req-899038 trace_id=trace-89445871 user_id=user-6574 status_code=200 latency_ms=34 message="Payment gateway responded 200"
2026-09-20 08:03:51 level=INFO service=order-service component=order-service request_id=req-398636 trace_id=trace-91942689 user_id=user-7585 status_code=200 latency_ms=155 message="Order status updated"
2026-09-20 08:03:52 INFO worker-service Job completed successfully
2026-09-20 08:03:53 INFO search-service Query results returned
2026-09-20 08:03:54 INFO api-gateway Request routed successfully
2026-09-20 08:03:55 DEBUG worker-service Job completed successfully
2026-09-20 08:03:56 INFO payment-service Payment gateway responded 200
2026-09-20 08:03:57 INFO payment-service Payment authorized
2026-09-20 08:03:58 level=INFO service=order-service component=order-service request_id=req-603772 trace_id=trace-58116597 user_id=user-7862 status_code=200 latency_ms=215 message="Order status updated"
2026-09-20 08:03:59 INFO notification-service Email queued
2026-09-20 08:04:00 INFO payment-service Payment gateway responded 200
2026-09-20 08:04:01 INFO api-gateway Incoming request accepted
2026-09-20 08:04:02 level=INFO service=order-service component=order-service request_id=req-485810 trace_id=trace-91966264 user_id=user-8126 status_code=200 latency_ms=121 message="Order confirmed"
2026-09-20 08:04:03 INFO search-service Search query executed
2026-09-20 08:04:04 INFO order-service Order created
2026-09-20 08:04:05 INFO monitoring-service Alert evaluated: no action
2026-09-20 08:04:06 level=INFO service=user-service component=user-service request_id=req-286591 trace_id=trace-85294813 user_id=user-8121 status_code=200 latency_ms=150 message="User created"
2026-09-20 08:04:07 INFO payment-service Payment gateway responded 200
2026-09-20 08:04:08 INFO inventory-service Stock level checked
2026-09-20 08:04:09 level=INFO service=api-gateway component=api-gateway request_id=req-665095 trace_id=trace-53449784 user_id=user-9036 status_code=200 latency_ms=138 message="Rate limit check passed"
2026-09-20 08:04:10 INFO notification-service Push notification sent
2026-09-20 08:04:11 INFO order-service Order created
2026-09-20 08:04:12 INFO monitoring-service Alert evaluated: no action
2026-09-20 08:04:13 INFO search-service Query results returned
2026-09-20 08:04:14 level=INFO service=redis-service component=redis-service request_id=req-467834 trace_id=trace-39626511 user_id=user-1310 status_code=200 latency_ms=277 message="Cache warmed"
2026-09-20 08:04:15 INFO scheduler-service Scheduled job started
2026-09-20 08:04:16 INFO monitoring-service Alert evaluated: no action
2026-09-20 08:04:17 INFO search-service Query results returned
2026-09-20 08:04:18 INFO api-gateway TLS handshake completed
2026-09-20 08:04:19 INFO inventory-service Inventory released
2026-09-20 08:04:20 level=INFO service=inventory-service component=inventory-service request_id=req-506104 trace_id=trace-53962735 user_id=user-7798 status_code=200 latency_ms=125 message="Inventory reserved"
2026-09-20 08:04:21 INFO auth-service Token issued
2026-09-20 08:04:22 level=INFO service=user-service component=user-service request_id=req-522540 trace_id=trace-78272536 user_id=user-7185 status_code=200 latency_ms=147 message="User created"
2026-09-20 08:04:23 level=INFO service=scheduler-service component=scheduler-service request_id=req-175433 trace_id=trace-30205031 user_id=user-4214 status_code=200 latency_ms=290 message="Scheduled job started"
2026-09-20 08:04:24 level=INFO service=user-service component=user-service request_id=req-570279 trace_id=trace-39506538 user_id=user-3032 status_code=200 latency_ms=39 message="Profile cache warmed"
2026-09-20 08:04:25 INFO database-service Transaction committed
2026-09-20 08:04:26 INFO notification-service Push notification sent
2026-09-20 08:04:27 INFO notification-service Push notification sent
2026-09-20 08:04:28 INFO inventory-service Inventory released
2026-09-20 08:04:29 INFO redis-service Cache warmed
2026-09-20 08:04:30 INFO order-service Order shipped
2026-09-20 08:04:31 INFO worker-service Job picked up
2026-09-20 08:04:32 INFO redis-service Cache set
2026-09-20 08:04:33 INFO user-service Profile cache warmed
2026-09-20 08:04:34 WARNING api-gateway Health check OK
2026-09-20 08:04:35 INFO database-service Index scan completed
2026-09-20 08:04:36 INFO order-service Order created
2026-09-20 08:04:37 level=INFO service=database-service component=database-service request_id=req-467769 trace_id=trace-36806132 user_id=user-5883 status_code=200 latency_ms=242 message="Transaction committed"
2026-09-20 08:04:38 INFO payment-service Refund processed successfully
2026-09-20 08:04:39 INFO worker-service Job picked up
2026-09-20 08:04:40 INFO api-gateway TLS handshake completed
2026-09-20 08:04:41 level=INFO service=search-service component=search-service request_id=req-490700 trace_id=trace-63476100 user_id=user-6850 status_code=200 latency_ms=224 message="Query results returned"
2026-09-20 08:04:42 INFO scheduler-service Scheduled job started
2026-09-20 08:04:43 INFO scheduler-service Scheduled job started
2026-09-20 08:04:44 INFO monitoring-service Alert evaluated: no action
2026-09-20 08:04:45 INFO user-service User preferences updated
2026-09-20 08:04:46 INFO worker-service Job completed successfully
2026-09-20 08:04:47 INFO api-gateway TLS handshake completed
2026-09-20 08:04:48 INFO api-gateway Request routed successfully
2026-09-20 08:04:49 level=INFO service=search-service component=search-service request_id=req-954518 trace_id=trace-51294087 user_id=user-6925 status_code=200 latency_ms=140 message="Search query executed"
2026-09-20 08:04:50 INFO notification-service SMS delivered
2026-09-20 08:04:51 INFO search-service Query results returned
2026-09-20 08:04:52 WARNING inventory-service Stock level checked
2026-09-20 08:04:53 level=INFO service=worker-service component=worker-service request_id=req-925811 trace_id=trace-47135605 user_id=user-7582 status_code=200 latency_ms=244 message="Worker heartbeat OK"
2026-09-20 08:04:54 INFO notification-service SMS delivered
2026-09-20 08:04:55 INFO database-service Query executed successfully
2026-09-20 08:04:56 INFO monitoring-service Alert evaluated: no action
2026-09-20 08:04:57 INFO api-gateway Incoming request accepted
2026-09-20 08:04:58 INFO notification-service SMS delivered
2026-09-20 08:04:59 INFO notification-service Email queued
2026-09-20 08:05:00 level=INFO service=api-gateway component=api-gateway request_id=req-459759 trace_id=trace-90584175 user_id=user-7142 status_code=200 latency_ms=221 message="TLS handshake completed"
2026-09-20 08:05:01 level=INFO service=api-gateway component=api-gateway request_id=req-835454 trace_id=trace-41228500 user_id=user-4793 status_code=200 latency_ms=99 message="Response sent"
2026-09-20 08:05:02 INFO api-gateway Response sent
2026-09-20 08:05:03 INFO database-service Transaction committed
2026-09-20 08:05:04 INFO inventory-service Inventory reserved
2026-09-20 08:05:05 INFO search-service Search query executed
2026-09-20 08:05:06 level=INFO service=payment-service component=payment-service request_id=req-657773 trace_id=trace-62150268 user_id=user-7161 status_code=200 latency_ms=60 message="Payment captured"
2026-09-20 08:05:07 INFO api-gateway Rate limit check passed
2026-09-20 08:05:08 INFO user-service User profile fetched
2026-09-20 08:05:09 level=INFO service=scheduler-service component=scheduler-service request_id=req-413767 trace_id=trace-50593556 user_id=user-3100 status_code=200 latency_ms=248 message="Scheduled job completed"
2026-09-20 08:05:10 INFO api-gateway Response sent
2026-09-20 08:05:11 DEBUG payment-service Payment authorized
2026-09-20 08:05:12 INFO user-service Profile cache warmed
2026-09-20 08:05:13 WARNING inventory-service Inventory released
2026-09-20 08:05:14 INFO worker-service Job completed successfully
2026-09-20 08:05:15 level=INFO service=database-service component=database-service request_id=req-484270 trace_id=trace-20248176 user_id=user-9281 status_code=200 latency_ms=119 message="Query executed successfully"
2026-09-20 08:05:16 INFO worker-service Job picked up
2026-09-20 08:05:17 INFO inventory-service Inventory reserved
2026-09-20 08:05:18 level=INFO service=redis-service component=redis-service request_id=req-913506 trace_id=trace-82204352 user_id=user-6974 status_code=200 latency_ms=284 message="Key expired normally"
2026-09-20 08:05:19 INFO worker-service Job picked up
2026-09-20 08:05:20 INFO search-service Query results returned
2026-09-20 08:05:21 INFO api-gateway Response sent
2026-09-20 08:05:22 INFO worker-service Job picked up
2026-09-20 08:05:23 WARNING redis-service Key expired normally
2026-09-20 08:05:24 INFO redis-service Cache hit
2026-09-20 08:05:25 level=INFO service=inventory-service component=inventory-service request_id=req-995289 trace_id=trace-23032659 user_id=user-4610 status_code=200 latency_ms=120 message="Stock level checked"
2026-09-20 08:05:26 INFO order-service Order created
2026-09-20 08:05:27 level=INFO service=scheduler-service component=scheduler-service request_id=req-658754 trace_id=trace-18728266 user_id=user-5230 status_code=200 latency_ms=115 message="Cron tick processed"
2026-09-20 08:05:28 INFO notification-service Email queued
2026-09-20 08:05:29 level=INFO service=auth-service component=auth-service request_id=req-702127 trace_id=trace-72184453 user_id=user-4967 status_code=200 latency_ms=204 message="Token issued"
2026-09-20 08:05:30 INFO monitoring-service Alert evaluated: no action
2026-09-20 08:05:31 INFO payment-service Payment gateway responded 200
2026-09-20 08:05:32 level=INFO service=database-service component=database-service request_id=req-410087 trace_id=trace-63898807 user_id=user-2443 status_code=200 latency_ms=59 message="Transaction committed"
2026-09-20 08:05:33 INFO user-service User created
2026-09-20 08:05:34 INFO inventory-service Stock level checked
2026-09-20 08:05:35 level=INFO service=inventory-service component=inventory-service request_id=req-411251 trace_id=trace-11377441 user_id=user-8369 status_code=200 latency_ms=172 message="Stock level checked"
2026-09-20 08:05:36 INFO database-service Query executed successfully
2026-09-20 08:05:37 WARNING search-service Query results returned
2026-09-20 08:05:38 INFO search-service Query results returned
2026-09-20 08:05:39 INFO inventory-service Inventory released
2026-09-20 08:05:40 INFO notification-service Push notification sent
2026-09-20 08:05:41 INFO order-service Order confirmed
2026-09-20 08:05:42 INFO payment-service Payment gateway responded 200
2026-09-20 08:05:43 level=INFO service=search-service component=search-service request_id=req-817683 trace_id=trace-21010428 user_id=user-2687 status_code=200 latency_ms=172 message="Search query executed"
2026-09-20 08:05:44 INFO api-gateway Request routed successfully
2026-09-20 08:05:45 INFO scheduler-service Cron tick processed
2026-09-20 08:05:46 INFO search-service Search query executed
2026-09-20 08:05:47 level=INFO service=scheduler-service component=scheduler-service request_id=req-240506 trace_id=trace-26575607 user_id=user-7627 status_code=200 latency_ms=143 message="Cron tick processed"
2026-09-20 08:05:48 level=INFO service=redis-service component=redis-service request_id=req-763559 trace_id=trace-77004355 user_id=user-6830 status_code=200 latency_ms=57 message="Cache set"
2026-09-20 08:05:49 INFO worker-service Worker heartbeat OK
2026-09-20 08:05:50 INFO search-service Index refreshed
2026-09-20 08:05:51 INFO api-gateway TLS handshake completed
2026-09-20 08:05:52 level=INFO service=search-service component=search-service request_id=req-111662 trace_id=trace-56340372 user_id=user-4774 status_code=200 latency_ms=16 message="Query results returned"
2026-09-20 08:05:53 INFO auth-service Token refreshed
2026-09-20 08:05:54 INFO monitoring-service Alert evaluated: no action
2026-09-20 08:05:55 level=INFO service=scheduler-service component=scheduler-service request_id=req-986345 trace_id=trace-45880608 user_id=user-6564 status_code=200 latency_ms=252 message="Scheduled job started"
2026-09-20 08:05:56 INFO search-service Search query executed
2026-09-20 08:05:57 level=INFO service=user-service component=user-service request_id=req-192665 trace_id=trace-49626654 user_id=user-6483 status_code=200 latency_ms=194 message="User profile fetched"
2026-09-20 08:05:58 INFO auth-service User authenticated successfully
2026-09-20 08:05:59 INFO redis-service Cache hit
2026-09-20 08:06:00 INFO auth-service Logout successful
2026-09-20 08:06:01 INFO monitoring-service Health probe OK
2026-09-20 08:06:02 INFO auth-service Token issued
2026-09-20 08:06:03 INFO notification-service Push notification sent
2026-09-20 08:06:04 INFO order-service Order status updated
2026-09-20 08:06:05 WARNING search-service Search query executed
2026-09-20 08:06:06 INFO api-gateway Request routed successfully
2026-09-20 08:06:07 INFO scheduler-service Scheduled job completed
2026-09-20 08:06:08 level=INFO service=scheduler-service component=scheduler-service request_id=req-445221 trace_id=trace-94155184 user_id=user-6806 status_code=200 latency_ms=214 message="Scheduled job started"
2026-09-20 08:06:09 INFO notification-service Email queued
2026-09-20 08:06:10 INFO database-service Index scan completed
2026-09-20 08:06:11 INFO notification-service SMS delivered
2026-09-20 08:06:12 level=INFO service=search-service component=search-service request_id=req-791013 trace_id=trace-17041976 user_id=user-7827 status_code=200 latency_ms=214 message="Search query executed"
2026-09-20 08:06:13 INFO worker-service Job picked up
2026-09-20 08:06:14 INFO api-gateway Request routed successfully
2026-09-20 08:06:15 INFO user-service User profile fetched
2026-09-20 08:06:16 INFO database-service Transaction committed
2026-09-20 08:06:17 INFO database-service Query executed successfully
2026-09-20 08:06:18 level=DEBUG service=search-service component=search-service request_id=req-227143 trace_id=trace-44406841 user_id=user-9536 status_code=200 latency_ms=183 message="Query results returned"
2026-09-20 08:06:19 INFO search-service Index refreshed
2026-09-20 08:06:20 INFO redis-service Key expired normally
2026-09-20 08:06:21 INFO search-service Search query executed
2026-09-20 08:06:22 INFO monitoring-service Metrics scraped
2026-09-20 08:06:23 INFO user-service User preferences updated
2026-09-20 08:06:24 INFO search-service Search query executed
2026-09-20 08:06:25 level=INFO service=notification-service component=notification-service request_id=req-864110 trace_id=trace-39670530 user_id=user-3065 status_code=200 latency_ms=184 message="SMS delivered"
2026-09-20 08:06:26 level=INFO service=worker-service component=worker-service request_id=req-368275 trace_id=trace-78522565 user_id=user-9471 status_code=200 latency_ms=299 message="Job completed successfully"
2026-09-20 08:06:27 INFO notification-service SMS delivered
2026-09-20 08:06:28 INFO notification-service Push notification sent
2026-09-20 08:06:29 INFO worker-service Job picked up
2026-09-20 08:06:30 INFO worker-service Worker heartbeat OK
2026-09-20 08:06:31 INFO auth-service Token issued
2026-09-20 08:06:32 INFO api-gateway Request routed successfully
2026-09-20 08:06:33 level=INFO service=auth-service component=auth-service request_id=req-639218 trace_id=trace-56016286 user_id=user-7997 status_code=200 latency_ms=276 message="Token issued"
2026-09-20 08:06:34 INFO redis-service Cache warmed
2026-09-20 08:06:35 level=INFO service=notification-service component=notification-service request_id=req-392072 trace_id=trace-53479533 user_id=user-4584 status_code=200 latency_ms=219 message="SMS delivered"
2026-09-20 08:06:36 WARNING database-service Transaction committed
2026-09-20 08:06:37 level=INFO service=search-service component=search-service request_id=req-767081 trace_id=trace-36932949 user_id=user-2329 status_code=200 latency_ms=197 message="Search query executed"
2026-09-20 08:06:38 INFO database-service Transaction committed
2026-09-20 08:06:39 level=INFO service=scheduler-service component=scheduler-service request_id=req-834024 trace_id=trace-93571001 user_id=user-9004 status_code=200 latency_ms=272 message="Cron tick processed"
2026-09-20 08:06:40 INFO order-service Order status updated
2026-09-20 08:06:41 WARNING payment-service Payment request received
2026-09-20 08:06:42 WARNING order-service Order status updated
2026-09-20 08:06:43 INFO auth-service Token refreshed
2026-09-20 08:06:44 INFO scheduler-service Cron tick processed
2026-09-20 08:06:45 INFO notification-service Email queued
2026-09-20 08:06:46 level=INFO service=notification-service component=notification-service request_id=req-916473 trace_id=trace-96077332 user_id=user-8140 status_code=200 latency_ms=198 message="Push notification sent"
2026-09-20 08:06:47 INFO order-service Order status updated
2026-09-20 08:06:48 level=INFO service=search-service component=search-service request_id=req-693205 trace_id=trace-37721987 user_id=user-6750 status_code=200 latency_ms=40 message="Query results returned"
2026-09-20 08:06:49 level=INFO service=scheduler-service component=scheduler-service request_id=req-515238 trace_id=trace-35725680 user_id=user-1616 status_code=200 latency_ms=71 message="Scheduled job started"
2026-09-20 08:06:50 INFO payment-service Payment captured
2026-09-20 08:06:51 INFO worker-service Job picked up
2026-09-20 08:06:52 INFO auth-service Token refreshed
2026-09-20 08:06:53 INFO monitoring-service Health probe OK
2026-09-20 08:06:54 INFO search-service Index refreshed
2026-09-20 08:06:55 INFO api-gateway Response sent
2026-09-20 08:06:56 INFO notification-service Email queued
2026-09-20 08:06:57 INFO monitoring-service Alert evaluated: no action
2026-09-20 08:06:58 level=DEBUG service=order-service component=order-service request_id=req-680437 trace_id=trace-10672170 user_id=user-2179 status_code=200 latency_ms=168 message="Order confirmed"
2026-09-20 08:06:59 INFO inventory-service Inventory reserved
2026-09-20 08:07:00 INFO inventory-service Inventory released
2026-09-20 08:07:01 INFO scheduler-service Scheduled job completed
2026-09-20 08:07:02 INFO order-service Order created
2026-09-20 08:07:03 level=INFO service=search-service component=search-service request_id=req-608093 trace_id=trace-45879550 user_id=user-7601 status_code=200 latency_ms=238 message="Index refreshed"
2026-09-20 08:07:04 level=INFO service=worker-service component=worker-service request_id=req-885789 trace_id=trace-37677056 user_id=user-7473 status_code=200 latency_ms=185 message="Job completed successfully"
2026-09-20 08:07:05 INFO scheduler-service Scheduled job completed
2026-09-20 08:07:06 INFO payment-service Payment authorized
2026-09-20 08:07:07 INFO inventory-service Inventory released
2026-09-20 08:07:08 INFO worker-service Worker heartbeat OK
2026-09-20 08:07:09 INFO api-gateway Request routed successfully
2026-09-20 08:07:10 WARNING inventory-service Inventory released
2026-09-20 08:07:11 level=INFO service=monitoring-service component=monitoring-service request_id=req-120562 trace_id=trace-76723313 user_id=user-8438 status_code=200 latency_ms=140 message="Alert evaluated: no action"
2026-09-20 08:07:12 level=INFO service=inventory-service component=inventory-service request_id=req-505041 trace_id=trace-34480374 user_id=user-7828 status_code=200 latency_ms=96 message="Inventory released"
2026-09-20 08:07:13 INFO order-service Order shipped
2026-09-20 08:07:14 INFO worker-service Job completed successfully
2026-09-20 08:07:15 INFO api-gateway Response sent
2026-09-20 08:07:16 level=INFO service=api-gateway component=api-gateway request_id=req-736642 trace_id=trace-77762831 user_id=user-2059 status_code=200 latency_ms=66 message="Rate limit check passed"
2026-09-20 08:07:17 level=INFO service=database-service component=database-service request_id=req-413456 trace_id=trace-22881860 user_id=user-6026 status_code=200 latency_ms=156 message="Transaction committed"
2026-09-20 08:07:18 level=INFO service=search-service component=search-service request_id=req-550304 trace_id=trace-46989417 user_id=user-9871 status_code=200 latency_ms=66 message="Index refreshed"
2026-09-20 08:07:19 INFO auth-service Token issued
2026-09-20 08:07:20 INFO worker-service Worker heartbeat OK
2026-09-20 08:07:21 INFO database-service Transaction committed
2026-09-20 08:07:22 INFO inventory-service Stock level checked
2026-09-20 08:07:23 INFO inventory-service Inventory released
2026-09-20 08:07:24 INFO worker-service Job picked up
2026-09-20 08:07:25 INFO order-service Order status updated
2026-09-20 08:07:26 INFO worker-service Job completed successfully
2026-09-20 08:07:27 INFO monitoring-service Metrics scraped
2026-09-20 08:07:28 INFO search-service Query results returned
2026-09-20 08:07:29 level=INFO service=api-gateway component=api-gateway request_id=req-462570 trace_id=trace-38254047 user_id=user-6897 status_code=200 latency_ms=72 message="TLS handshake completed"
2026-09-20 08:07:30 INFO search-service Search query executed
2026-09-20 08:07:31 DEBUG worker-service Job picked up
2026-09-20 08:07:32 INFO worker-service Job completed successfully
2026-09-20 08:07:33 level=INFO service=monitoring-service component=monitoring-service request_id=req-958413 trace_id=trace-98484809 user_id=user-5299 status_code=200 latency_ms=51 message="Health probe OK"
2026-09-20 08:07:34 level=INFO service=scheduler-service component=scheduler-service request_id=req-591046 trace_id=trace-77173492 user_id=user-6517 status_code=200 latency_ms=202 message="Scheduled job started"
2026-09-20 08:07:35 INFO notification-service Email queued
2026-09-20 08:07:36 WARNING worker-service Worker heartbeat OK
2026-09-20 08:07:37 INFO payment-service Payment captured
2026-09-20 08:07:38 INFO inventory-service Inventory released
2026-09-20 08:07:39 INFO auth-service Token issued
2026-09-20 08:07:40 INFO inventory-service Stock level checked
2026-09-20 08:07:41 INFO worker-service Job completed successfully
2026-09-20 08:07:42 INFO search-service Index refreshed
2026-09-20 08:07:43 INFO redis-service Cache warmed
2026-09-20 08:07:44 INFO auth-service Logout successful
2026-09-20 08:07:45 INFO order-service Order created
2026-09-20 08:07:46 INFO notification-service Email queued
2026-09-20 08:07:47 INFO worker-service Worker heartbeat OK
2026-09-20 08:07:48 level=INFO service=api-gateway component=api-gateway request_id=req-946057 trace_id=trace-89578096 user_id=user-8284 status_code=200 latency_ms=220 message="Incoming request accepted"
2026-09-20 08:07:49 INFO worker-service Job completed successfully
2026-09-20 08:07:50 INFO database-service Index scan completed
2026-09-20 08:07:51 INFO monitoring-service Metrics scraped
2026-09-20 08:07:52 INFO payment-service Payment captured
2026-09-20 08:07:53 INFO api-gateway Health check OK
2026-09-20 08:07:54 level=INFO service=order-service component=order-service request_id=req-126632 trace_id=trace-35630687 user_id=user-7361 status_code=200 latency_ms=251 message="Order status updated"
2026-09-20 08:07:55 DEBUG payment-service Refund processed successfully
2026-09-20 08:07:56 DEBUG worker-service Job picked up
2026-09-20 08:07:57 INFO database-service Index scan completed
2026-09-20 08:07:58 level=INFO service=monitoring-service component=monitoring-service request_id=req-553484 trace_id=trace-90179314 user_id=user-3917 status_code=200 latency_ms=293 message="Alert evaluated: no action"
2026-09-20 08:07:59 INFO redis-service Cache hit
2026-09-20 08:08:00 INFO scheduler-service Cron tick processed
2026-09-20 08:08:01 INFO search-service Search query executed
2026-09-20 08:08:02 INFO monitoring-service Alert evaluated: no action
2026-09-20 08:08:03 INFO notification-service Push notification sent
2026-09-20 08:08:04 INFO monitoring-service Metrics scraped
2026-09-20 08:08:05 INFO worker-service Worker heartbeat OK
2026-09-20 08:08:06 DEBUG notification-service Email queued
2026-09-20 08:08:07 INFO auth-service Token issued
2026-09-20 08:08:08 WARNING payment-service Payment authorized
2026-09-20 08:08:09 level=INFO service=payment-service component=payment-service request_id=req-298769 trace_id=trace-16325459 user_id=user-8669 status_code=200 latency_ms=154 message="Payment gateway responded 200"
2026-09-20 08:08:10 INFO order-service Order shipped
2026-09-20 08:08:11 INFO user-service User preferences updated
2026-09-20 08:08:12 INFO scheduler-service Cron tick processed
2026-09-20 08:08:13 INFO monitoring-service Metrics scraped
2026-09-20 08:08:14 level=INFO service=order-service component=order-service request_id=req-796456 trace_id=trace-16918868 user_id=user-8475 status_code=200 latency_ms=20 message="Order created"
2026-09-20 08:08:15 INFO worker-service Job completed successfully
2026-09-20 08:08:16 INFO notification-service SMS delivered
2026-09-20 08:08:17 level=INFO service=notification-service component=notification-service request_id=req-290290 trace_id=trace-99843797 user_id=user-7800 status_code=200 latency_ms=190 message="SMS delivered"
2026-09-20 08:08:18 INFO user-service Profile cache warmed
2026-09-20 08:08:19 level=INFO service=order-service component=order-service request_id=req-900679 trace_id=trace-80207946 user_id=user-7395 status_code=200 latency_ms=274 message="Order created"
2026-09-20 08:08:20 level=INFO service=notification-service component=notification-service request_id=req-804872 trace_id=trace-27236582 user_id=user-4213 status_code=200 latency_ms=79 message="Email queued"
2026-09-20 08:08:21 INFO monitoring-service Metrics scraped
2026-09-20 08:08:22 INFO worker-service Job picked up
2026-09-20 08:08:23 INFO payment-service Payment gateway responded 200
2026-09-20 08:08:24 INFO worker-service Job picked up
2026-09-20 08:08:25 INFO monitoring-service Health probe OK
2026-09-20 08:08:26 INFO monitoring-service Health probe OK
2026-09-20 08:08:27 INFO worker-service Job completed successfully
2026-09-20 08:08:28 INFO scheduler-service Scheduled job completed
2026-09-20 08:08:29 level=INFO service=inventory-service component=inventory-service request_id=req-936021 trace_id=trace-81447247 user_id=user-6613 status_code=200 latency_ms=64 message="Stock level checked"
2026-09-20 08:08:30 level=INFO service=payment-service component=payment-service request_id=req-820528 trace_id=trace-55382694 user_id=user-3365 status_code=200 latency_ms=24 message="Refund processed successfully"
2026-09-20 08:08:31 INFO api-gateway TLS handshake completed
2026-09-20 08:08:32 INFO payment-service Payment authorized
2026-09-20 08:08:33 INFO scheduler-service Scheduled job completed
2026-09-20 08:08:34 INFO redis-service Key expired normally
2026-09-20 08:08:35 level=INFO service=payment-service component=payment-service request_id=req-373715 trace_id=trace-98835472 user_id=user-9556 status_code=200 latency_ms=53 message="Payment authorized"
2026-09-20 08:08:36 INFO user-service User created
2026-09-20 08:08:37 level=INFO service=api-gateway component=api-gateway request_id=req-668016 trace_id=trace-37790964 user_id=user-7376 status_code=200 latency_ms=101 message="Request routed successfully"
2026-09-20 08:08:38 INFO api-gateway Response sent
2026-09-20 08:08:39 INFO monitoring-service Health probe OK
2026-09-20 08:08:40 DEBUG database-service Query executed successfully
2026-09-20 08:08:41 level=INFO service=worker-service component=worker-service request_id=req-348762 trace_id=trace-72415552 user_id=user-7180 status_code=200 latency_ms=293 message="Job completed successfully"
2026-09-20 08:08:42 level=INFO service=auth-service component=auth-service request_id=req-785984 trace_id=trace-74797678 user_id=user-2076 status_code=200 latency_ms=230 message="Token refreshed"
2026-09-20 08:08:43 INFO worker-service Job picked up
2026-09-20 08:08:44 INFO api-gateway Response sent
2026-09-20 08:08:45 INFO notification-service SMS delivered
2026-09-20 08:08:46 level=INFO service=redis-service component=redis-service request_id=req-505927 trace_id=trace-49912731 user_id=user-6382 status_code=200 latency_ms=97 message="Cache set"
2026-09-20 08:08:47 INFO monitoring-service Alert evaluated: no action
2026-09-20 08:08:48 INFO order-service Order created
2026-09-20 08:08:49 INFO inventory-service Inventory released
2026-09-20 08:08:50 INFO search-service Index refreshed
2026-09-20 08:08:51 INFO order-service Order created
2026-09-20 08:08:52 INFO scheduler-service Scheduled job completed
2026-09-20 08:08:53 INFO user-service User created
2026-09-20 08:08:54 INFO payment-service Payment gateway responded 200
2026-09-20 08:08:55 INFO api-gateway Request routed successfully
2026-09-20 08:08:56 level=INFO service=inventory-service component=inventory-service request_id=req-249109 trace_id=trace-87789531 user_id=user-7410 status_code=200 latency_ms=293 message="Stock level checked"
2026-09-20 08:08:57 WARNING database-service Index scan completed
2026-09-20 08:08:58 level=WARNING service=payment-service component=payment-service request_id=req-768589 trace_id=trace-63415051 user_id=user-3269 status_code=200 latency_ms=142 message="Payment authorized"
2026-09-20 08:08:59 INFO monitoring-service Metrics scraped
2026-09-20 08:09:00 INFO api-gateway Request routed successfully
2026-09-20 08:09:01 INFO scheduler-service Scheduled job started
2026-09-20 08:09:02 INFO redis-service Key expired normally
2026-09-20 08:09:03 level=INFO service=auth-service component=auth-service request_id=req-671721 trace_id=trace-40976164 user_id=user-9249 status_code=200 latency_ms=203 message="Logout successful"
2026-09-20 08:09:04 level=INFO service=order-service component=order-service request_id=req-570427 trace_id=trace-42120058 user_id=user-6345 status_code=200 latency_ms=200 message="Order created"
2026-09-20 08:09:05 INFO payment-service Payment captured
2026-09-20 08:09:06 INFO notification-service SMS delivered
2026-09-20 08:09:07 DEBUG payment-service Payment authorized
2026-09-20 08:09:08 level=DEBUG service=order-service component=order-service request_id=req-356422 trace_id=trace-35420615 user_id=user-2421 status_code=200 latency_ms=293 message="Order created"
2026-09-20 08:09:09 INFO search-service Query results returned
2026-09-20 08:09:10 INFO search-service Query results returned
2026-09-20 08:09:11 level=INFO service=user-service component=user-service request_id=req-185402 trace_id=trace-75220748 user_id=user-1439 status_code=200 latency_ms=267 message="Profile cache warmed"
2026-09-20 08:09:12 DEBUG user-service Profile cache warmed
2026-09-20 08:09:13 level=INFO service=api-gateway component=api-gateway request_id=req-832584 trace_id=trace-61269406 user_id=user-1078 status_code=200 latency_ms=144 message="Rate limit check passed"
2026-09-20 08:09:14 INFO inventory-service Inventory reserved
2026-09-20 08:09:15 INFO monitoring-service Alert evaluated: no action
2026-09-20 08:09:16 INFO search-service Search query executed
2026-09-20 08:09:17 INFO redis-service Cache warmed
2026-09-20 08:09:18 INFO notification-service SMS delivered
2026-09-20 08:09:19 level=DEBUG service=api-gateway component=api-gateway request_id=req-787923 trace_id=trace-88802221 user_id=user-8455 status_code=200 latency_ms=181 message="Rate limit check passed"
2026-09-20 08:09:20 INFO worker-service Job picked up
2026-09-20 08:09:21 level=INFO service=worker-service component=worker-service request_id=req-285647 trace_id=trace-45459875 user_id=user-7884 status_code=200 latency_ms=130 message="Job picked up"
2026-09-20 08:09:22 INFO scheduler-service Cron tick processed
2026-09-20 08:09:23 WARNING monitoring-service Health probe OK
2026-09-20 08:09:24 INFO inventory-service Stock level checked
2026-09-20 08:09:25 INFO order-service Order created
2026-09-20 08:09:26 INFO scheduler-service Scheduled job completed
2026-09-20 08:09:27 INFO user-service User profile fetched
2026-09-20 08:09:28 DEBUG notification-service Push notification sent
2026-09-20 08:09:29 INFO auth-service Session created
2026-09-20 08:09:30 INFO search-service Index refreshed
2026-09-20 08:09:31 INFO scheduler-service Scheduled job completed
2026-09-20 08:09:32 INFO payment-service Payment request received
2026-09-20 08:09:33 INFO search-service Index refreshed
2026-09-20 08:09:34 INFO inventory-service Inventory released
2026-09-20 08:09:35 INFO inventory-service Inventory released
2026-09-20 08:09:36 INFO database-service Index scan completed
2026-09-20 08:09:37 INFO user-service User created
2026-09-20 08:09:38 DEBUG worker-service Job picked up
2026-09-20 08:09:39 INFO search-service Query results returned
2026-09-20 08:09:40 INFO inventory-service Stock level checked
2026-09-20 08:09:41 INFO notification-service SMS delivered
2026-09-20 08:09:42 level=INFO service=worker-service component=worker-service request_id=req-238639 trace_id=trace-64998006 user_id=user-9976 status_code=200 latency_ms=280 message="Job completed successfully"
2026-09-20 08:09:43 DEBUG database-service Index scan completed
2026-09-20 08:09:44 INFO database-service Transaction committed
2026-09-20 08:09:45 INFO monitoring-service Alert evaluated: no action
2026-09-20 08:09:46 INFO notification-service Email queued
2026-09-20 08:09:47 INFO search-service Query results returned
2026-09-20 08:09:48 level=INFO service=database-service component=database-service request_id=req-896172 trace_id=trace-41992524 user_id=user-6858 status_code=200 latency_ms=239 message="Query executed successfully"
2026-09-20 08:09:49 INFO payment-service Payment gateway responded 200
2026-09-20 08:09:50 INFO auth-service User authenticated successfully
2026-09-20 08:09:51 level=INFO service=worker-service component=worker-service request_id=req-301947 trace_id=trace-42461414 user_id=user-1850 status_code=200 latency_ms=133 message="Job completed successfully"
2026-09-20 08:09:52 INFO monitoring-service Alert evaluated: no action
2026-09-20 08:09:53 level=INFO service=user-service component=user-service request_id=req-953955 trace_id=trace-13695007 user_id=user-7190 status_code=200 latency_ms=220 message="Profile cache warmed"
2026-09-20 08:09:54 WARNING search-service Index refreshed
2026-09-20 08:09:55 INFO worker-service Job completed successfully
2026-09-20 08:09:56 INFO worker-service Job completed successfully
2026-09-20 08:09:57 INFO notification-service Email queued
2026-09-20 08:09:58 level=INFO service=payment-service component=payment-service request_id=req-134609 trace_id=trace-61343672 user_id=user-5340 status_code=200 latency_ms=39 message="Payment captured"
2026-09-20 08:09:59 INFO order-service Order shipped
2026-09-20 08:10:00 level=INFO service=database-service component=database-service request_id=req-706766 trace_id=trace-94792207 user_id=user-9524 status_code=200 latency_ms=74 message="Transaction committed"
2026-09-20 08:10:01 DEBUG monitoring-service Metrics scraped
2026-09-20 08:10:02 INFO order-service Order created
2026-09-20 08:10:03 INFO database-service Transaction committed
2026-09-20 08:10:04 INFO inventory-service Stock level checked
2026-09-20 08:10:05 INFO notification-service SMS delivered
2026-09-20 08:10:06 level=INFO service=redis-service component=redis-service request_id=req-276982 trace_id=trace-26420638 user_id=user-5081 status_code=200 latency_ms=81 message="Cache set"
2026-09-20 08:10:07 INFO payment-service Payment request received
2026-09-20 08:10:08 INFO payment-service Payment captured
2026-09-20 08:10:09 INFO notification-service SMS delivered
2026-09-20 08:10:10 INFO worker-service Job completed successfully
2026-09-20 08:10:11 INFO monitoring-service Alert evaluated: no action
2026-09-20 08:10:12 INFO monitoring-service Health probe OK
2026-09-20 08:10:13 INFO monitoring-service Health probe OK
2026-09-20 08:10:14 INFO auth-service User authenticated successfully
2026-09-20 08:10:15 INFO worker-service Job completed successfully
2026-09-20 08:10:16 DEBUG notification-service Email queued
2026-09-20 08:10:17 INFO redis-service Cache hit
2026-09-20 08:10:18 level=INFO service=api-gateway component=api-gateway request_id=req-611357 trace_id=trace-51905386 user_id=user-6545 status_code=200 latency_ms=284 message="TLS handshake completed"
2026-09-20 08:10:19 level=INFO service=worker-service component=worker-service request_id=req-866113 trace_id=trace-98058046 user_id=user-1059 status_code=200 latency_ms=96 message="Job picked up"
2026-09-20 08:10:20 INFO payment-service Refund processed successfully
2026-09-20 08:10:21 INFO inventory-service Stock level checked
2026-09-20 08:10:22 INFO redis-service Cache set
2026-09-20 08:10:23 INFO scheduler-service Scheduled job completed
2026-09-20 08:10:24 INFO auth-service Token refreshed
2026-09-20 08:10:25 level=INFO service=api-gateway component=api-gateway request_id=req-365145 trace_id=trace-47013885 user_id=user-3798 status_code=200 latency_ms=244 message="Rate limit check passed"
2026-09-20 08:10:26 INFO api-gateway TLS handshake completed
2026-09-20 08:10:27 INFO database-service Transaction committed
2026-09-20 08:10:28 level=INFO service=redis-service component=redis-service request_id=req-632350 trace_id=trace-76224539 user_id=user-3322 status_code=200 latency_ms=205 message="Cache set"
2026-09-20 08:10:29 INFO user-service User preferences updated
2026-09-20 08:10:30 level=INFO service=scheduler-service component=scheduler-service request_id=req-372226 trace_id=trace-55039843 user_id=user-8297 status_code=200 latency_ms=60 message="Scheduled job completed"
2026-09-20 08:10:31 INFO search-service Search query executed
2026-09-20 08:10:32 INFO payment-service Payment gateway responded 200
2026-09-20 08:10:33 INFO scheduler-service Cron tick processed
2026-09-20 08:10:34 INFO payment-service Payment request received
2026-09-20 08:10:35 INFO database-service Index scan completed
2026-09-20 08:10:36 level=INFO service=api-gateway component=api-gateway request_id=req-148465 trace_id=trace-25993124 user_id=user-3535 status_code=200 latency_ms=81 message="Rate limit check passed"
2026-09-20 08:10:37 level=INFO service=redis-service component=redis-service request_id=req-839279 trace_id=trace-30051403 user_id=user-8372 status_code=200 latency_ms=131 message="Key expired normally"
2026-09-20 08:10:38 INFO api-gateway Response sent
2026-09-20 08:10:39 INFO user-service User created
2026-09-20 08:10:40 INFO search-service Index refreshed
2026-09-20 08:10:41 INFO worker-service Job completed successfully
2026-09-20 08:10:42 INFO payment-service Payment authorized
2026-09-20 08:10:43 INFO worker-service Job completed successfully
2026-09-20 08:10:44 INFO api-gateway Incoming request accepted
2026-09-20 08:10:45 INFO database-service Query executed successfully
2026-09-20 08:10:46 INFO order-service Order shipped
2026-09-20 08:10:47 level=INFO service=database-service component=database-service request_id=req-462625 trace_id=trace-90703795 user_id=user-2306 status_code=200 latency_ms=81 message="Index scan completed"
2026-09-20 08:10:48 INFO redis-service Cache set
2026-09-20 08:10:49 INFO auth-service Logout successful
2026-09-20 08:10:50 INFO monitoring-service Alert evaluated: no action
2026-09-20 08:10:51 INFO monitoring-service Health probe OK
2026-09-20 08:10:52 INFO database-service Transaction committed
2026-09-20 08:10:53 INFO worker-service Worker heartbeat OK
2026-09-20 08:10:54 INFO order-service Order status updated
2026-09-20 08:10:55 INFO auth-service Session created
2026-09-20 08:10:56 INFO payment-service Refund processed successfully
2026-09-20 08:10:57 INFO order-service Order created
2026-09-20 08:10:58 INFO search-service Search query executed
2026-09-20 08:10:59 INFO user-service User profile fetched
2026-09-20 08:11:00 INFO auth-service Logout successful
2026-09-20 08:11:01 level=INFO service=api-gateway component=api-gateway request_id=req-109944 trace_id=trace-90719546 user_id=user-2078 status_code=200 latency_ms=161 message="TLS handshake completed"
2026-09-20 08:11:02 level=INFO service=notification-service component=notification-service request_id=req-233635 trace_id=trace-48652540 user_id=user-3749 status_code=200 latency_ms=227 message="Push notification sent"
2026-09-20 08:11:03 INFO notification-service SMS delivered
2026-09-20 08:11:04 level=INFO service=auth-service component=auth-service request_id=req-331550 trace_id=trace-65377078 user_id=user-4783 status_code=200 latency_ms=31 message="Logout successful"
2026-09-20 08:11:05 INFO api-gateway Request routed successfully
2026-09-20 08:11:06 INFO order-service Order created
2026-09-20 08:11:07 level=INFO service=worker-service component=worker-service request_id=req-888678 trace_id=trace-71755566 user_id=user-4020 status_code=200 latency_ms=73 message="Job completed successfully"
2026-09-20 08:11:08 INFO auth-service User authenticated successfully
2026-09-20 08:11:09 INFO inventory-service Stock level checked
2026-09-20 08:11:10 level=INFO service=worker-service component=worker-service request_id=req-327989 trace_id=trace-54286365 user_id=user-9642 status_code=200 latency_ms=129 message="Job completed successfully"
2026-09-20 08:11:11 level=INFO service=scheduler-service component=scheduler-service request_id=req-768332 trace_id=trace-42528619 user_id=user-6292 status_code=200 latency_ms=290 message="Scheduled job completed"
2026-09-20 08:11:12 INFO search-service Index refreshed
2026-09-20 08:11:13 INFO database-service Query executed successfully
2026-09-20 08:11:14 INFO user-service User profile fetched
2026-09-20 08:11:15 INFO auth-service Token issued
2026-09-20 08:11:16 INFO database-service Connection acquired from pool
2026-09-20 08:11:17 level=DEBUG service=api-gateway component=api-gateway request_id=req-702563 trace_id=trace-15091628 user_id=user-1910 status_code=200 latency_ms=23 message="Health check OK"
2026-09-20 08:11:18 INFO notification-service Push notification sent
2026-09-20 08:11:19 INFO worker-service Job picked up
2026-09-20 08:11:20 INFO database-service Transaction committed
2026-09-20 08:11:21 INFO worker-service Worker heartbeat OK
2026-09-20 08:11:22 INFO auth-service User authenticated successfully
2026-09-20 08:11:23 INFO database-service Query executed successfully
2026-09-20 08:11:24 WARNING database-service Transaction committed
2026-09-20 08:11:25 INFO user-service User created
2026-09-20 08:11:26 level=INFO service=worker-service component=worker-service request_id=req-995139 trace_id=trace-38455725 user_id=user-4001 status_code=200 latency_ms=178 message="Worker heartbeat OK"
2026-09-20 08:11:27 level=WARNING service=monitoring-service component=monitoring-service request_id=req-685038 trace_id=trace-39854329 user_id=user-6478 status_code=200 latency_ms=255 message="Health probe OK"
2026-09-20 08:11:28 INFO database-service Query executed successfully
2026-09-20 08:11:29 level=DEBUG service=user-service component=user-service request_id=req-360625 trace_id=trace-94432519 user_id=user-4411 status_code=200 latency_ms=189 message="Profile cache warmed"
2026-09-20 08:11:30 INFO api-gateway Health check OK
2026-09-20 08:11:31 INFO payment-service Payment authorized
2026-09-20 08:11:32 INFO database-service Query executed successfully
2026-09-20 08:11:33 level=INFO service=redis-service component=redis-service request_id=req-341331 trace_id=trace-56552177 user_id=user-1734 status_code=200 latency_ms=138 message="Cache warmed"
2026-09-20 08:11:34 level=INFO service=inventory-service component=inventory-service request_id=req-961404 trace_id=trace-27726002 user_id=user-6351 status_code=200 latency_ms=142 message="Inventory reserved"
2026-09-20 08:11:35 INFO payment-service Refund processed successfully
2026-09-20 08:11:36 INFO inventory-service Inventory reserved
2026-09-20 08:11:37 INFO database-service Transaction committed
2026-09-20 08:11:38 level=INFO service=scheduler-service component=scheduler-service request_id=req-457447 trace_id=trace-62783841 user_id=user-6006 status_code=200 latency_ms=168 message="Scheduled job started"
2026-09-20 08:11:39 level=INFO service=payment-service component=payment-service request_id=req-997424 trace_id=trace-21757659 user_id=user-3156 status_code=200 latency_ms=205 message="Payment gateway responded 200"
2026-09-20 08:11:40 INFO inventory-service Stock level checked
2026-09-20 08:11:41 level=INFO service=monitoring-service component=monitoring-service request_id=req-962239 trace_id=trace-56339922 user_id=user-1349 status_code=200 latency_ms=142 message="Alert evaluated: no action"
2026-09-20 08:11:42 INFO inventory-service Stock level checked
2026-09-20 08:11:43 INFO order-service Order shipped
2026-09-20 08:11:44 level=INFO service=payment-service component=payment-service request_id=req-893195 trace_id=trace-52152280 user_id=user-6864 status_code=200 latency_ms=269 message="Refund processed successfully"
2026-09-20 08:11:45 INFO database-service Index scan completed
2026-09-20 08:11:46 INFO user-service User preferences updated
2026-09-20 08:11:47 level=INFO service=notification-service component=notification-service request_id=req-240643 trace_id=trace-19990292 user_id=user-9789 status_code=200 latency_ms=225 message="Push notification sent"
2026-09-20 08:11:48 INFO worker-service Worker heartbeat OK
2026-09-20 08:11:49 INFO inventory-service Stock level checked
2026-09-20 08:11:50 level=INFO service=payment-service component=payment-service request_id=req-736604 trace_id=trace-85480965 user_id=user-7314 status_code=200 latency_ms=175 message="Payment captured"
2026-09-20 08:11:51 INFO redis-service Cache warmed
2026-09-20 08:11:52 level=INFO service=database-service component=database-service request_id=req-826380 trace_id=trace-66701381 user_id=user-1392 status_code=200 latency_ms=125 message="Transaction committed"
2026-09-20 08:11:53 level=DEBUG service=redis-service component=redis-service request_id=req-398350 trace_id=trace-66049029 user_id=user-2573 status_code=200 latency_ms=55 message="Cache hit"
2026-09-20 08:11:54 level=INFO service=api-gateway component=api-gateway request_id=req-649920 trace_id=trace-77221150 user_id=user-2608 status_code=200 latency_ms=277 message="Response sent"
2026-09-20 08:11:55 INFO redis-service Cache hit
2026-09-20 08:11:56 INFO notification-service Push notification sent
2026-09-20 08:11:57 INFO redis-service Cache warmed
2026-09-20 08:11:58 level=INFO service=database-service component=database-service request_id=req-540888 trace_id=trace-89978266 user_id=user-1749 status_code=200 latency_ms=195 message="Transaction committed"
2026-09-20 08:11:59 INFO inventory-service Inventory released
2026-09-20 08:12:00 WARNING inventory-service Inventory released
2026-09-20 08:12:01 INFO auth-service Token issued
2026-09-20 08:12:02 INFO api-gateway Health check OK
2026-09-20 08:12:03 level=INFO service=auth-service component=auth-service request_id=req-569162 trace_id=trace-30714867 user_id=user-4164 status_code=200 latency_ms=163 message="Logout successful"
2026-09-20 08:12:04 INFO database-service Index scan completed
2026-09-20 08:12:05 INFO database-service Query executed successfully
2026-09-20 08:12:06 DEBUG user-service Profile cache warmed
2026-09-20 08:12:07 level=INFO service=redis-service component=redis-service request_id=req-463519 trace_id=trace-48125299 user_id=user-9988 status_code=200 latency_ms=145 message="Key expired normally"
2026-09-20 08:12:08 INFO user-service User profile fetched
2026-09-20 08:12:09 INFO database-service Query executed successfully
2026-09-20 08:12:10 INFO notification-service SMS delivered
2026-09-20 08:12:11 INFO inventory-service Inventory released
2026-09-20 08:12:12 INFO database-service Query executed successfully
2026-09-20 08:12:13 INFO inventory-service Inventory reserved
2026-09-20 08:12:14 level=INFO service=monitoring-service component=monitoring-service request_id=req-361036 trace_id=trace-21999712 user_id=user-9253 status_code=200 latency_ms=170 message="Health probe OK"
2026-09-20 08:12:15 INFO api-gateway TLS handshake completed
2026-09-20 08:12:16 INFO search-service Search query executed
2026-09-20 08:12:17 INFO auth-service Token refreshed
2026-09-20 08:12:18 INFO monitoring-service Metrics scraped
2026-09-20 08:12:19 level=INFO service=scheduler-service component=scheduler-service request_id=req-204251 trace_id=trace-60805186 user_id=user-9112 status_code=200 latency_ms=117 message="Scheduled job started"
2026-09-20 08:12:20 INFO scheduler-service Scheduled job started
2026-09-20 08:12:21 INFO auth-service User authenticated successfully
2026-09-20 08:12:22 level=INFO service=redis-service component=redis-service request_id=req-250551 trace_id=trace-45248418 user_id=user-1943 status_code=200 latency_ms=67 message="Cache set"
2026-09-20 08:12:23 WARNING auth-service Token refreshed
2026-09-20 08:12:24 INFO api-gateway Rate limit check passed
2026-09-20 08:12:25 INFO api-gateway TLS handshake completed
2026-09-20 08:12:26 INFO worker-service Worker heartbeat OK
2026-09-20 08:12:27 INFO search-service Index refreshed
2026-09-20 08:12:28 level=INFO service=user-service component=user-service request_id=req-202127 trace_id=trace-62576813 user_id=user-4515 status_code=200 latency_ms=208 message="Profile cache warmed"
2026-09-20 08:12:29 level=INFO service=api-gateway component=api-gateway request_id=req-909969 trace_id=trace-17977764 user_id=user-1450 status_code=200 latency_ms=127 message="Rate limit check passed"
2026-09-20 08:12:30 level=INFO service=api-gateway component=api-gateway request_id=req-744966 trace_id=trace-51233484 user_id=user-4703 status_code=200 latency_ms=95 message="Rate limit check passed"
2026-09-20 08:12:31 INFO api-gateway TLS handshake completed
2026-09-20 08:12:32 WARNING database-service Index scan completed
2026-09-20 08:12:33 level=INFO service=order-service component=order-service request_id=req-826859 trace_id=trace-36125671 user_id=user-6885 status_code=200 latency_ms=269 message="Order status updated"
2026-09-20 08:12:34 level=INFO service=payment-service component=payment-service request_id=req-262742 trace_id=trace-70712265 user_id=user-6362 status_code=200 latency_ms=187 message="Refund processed successfully"
2026-09-20 08:12:35 level=INFO service=worker-service component=worker-service request_id=req-139169 trace_id=trace-27399889 user_id=user-4677 status_code=200 latency_ms=142 message="Job picked up"
2026-09-20 08:12:36 DEBUG order-service Order status updated
2026-09-20 08:12:37 level=INFO service=database-service component=database-service request_id=req-791321 trace_id=trace-59521314 user_id=user-9497 status_code=200 latency_ms=55 message="Query executed successfully"
2026-09-20 08:12:38 level=INFO service=search-service component=search-service request_id=req-992171 trace_id=trace-94427432 user_id=user-3719 status_code=200 latency_ms=279 message="Index refreshed"
2026-09-20 08:12:39 INFO monitoring-service Metrics scraped
2026-09-20 08:12:40 INFO notification-service Email queued
2026-09-20 08:12:41 level=INFO service=monitoring-service component=monitoring-service request_id=req-611491 trace_id=trace-80760176 user_id=user-5815 status_code=200 latency_ms=80 message="Metrics scraped"
2026-09-20 08:12:42 INFO monitoring-service Alert evaluated: no action
2026-09-20 08:12:43 INFO search-service Search query executed
2026-09-20 08:12:44 INFO inventory-service Inventory reserved
2026-09-20 08:12:45 INFO redis-service Key expired normally
2026-09-20 08:12:46 DEBUG auth-service Token issued
2026-09-20 08:12:47 INFO order-service Order confirmed
2026-09-20 08:12:48 INFO redis-service Cache set
2026-09-20 08:12:49 INFO user-service User preferences updated
2026-09-20 08:12:50 INFO order-service Order confirmed
2026-09-20 08:12:51 INFO payment-service Payment request received
2026-09-20 08:12:52 INFO notification-service SMS delivered
2026-09-20 08:12:53 INFO payment-service Payment request received
2026-09-20 08:12:54 level=INFO service=user-service component=user-service request_id=req-125697 trace_id=trace-45392447 user_id=user-8441 status_code=200 latency_ms=58 message="Profile cache warmed"
2026-09-20 08:12:55 INFO monitoring-service Alert evaluated: no action
2026-09-20 08:12:56 INFO scheduler-service Scheduled job started
2026-09-20 08:12:57 INFO monitoring-service Metrics scraped
2026-09-20 08:12:58 WARNING notification-service SMS delivered
2026-09-20 08:12:59 INFO order-service Order status updated
2026-09-20 08:13:00 level=INFO service=worker-service component=worker-service request_id=req-331152 trace_id=trace-45142715 user_id=user-2286 status_code=200 latency_ms=38 message="Job completed successfully"
2026-09-20 08:13:01 INFO order-service Order created
2026-09-20 08:13:02 INFO payment-service Payment gateway responded 200
2026-09-20 08:13:03 DEBUG order-service Order shipped
2026-09-20 08:13:04 INFO scheduler-service Scheduled job started
2026-09-20 08:13:05 INFO payment-service Payment gateway responded 200
2026-09-20 08:13:06 INFO order-service Order created
2026-09-20 08:13:07 DEBUG notification-service SMS delivered
2026-09-20 08:13:08 INFO api-gateway Incoming request accepted
2026-09-20 08:13:09 INFO order-service Order status updated
2026-09-20 08:13:10 DEBUG payment-service Payment request received
2026-09-20 08:13:11 INFO monitoring-service Health probe OK
2026-09-20 08:13:12 INFO database-service Connection acquired from pool
2026-09-20 08:13:13 WARNING worker-service Worker heartbeat OK
2026-09-20 08:13:14 level=INFO service=api-gateway component=api-gateway request_id=req-999522 trace_id=trace-70362222 user_id=user-5350 status_code=200 latency_ms=124 message="Rate limit check passed"
2026-09-20 08:13:15 level=INFO service=order-service component=order-service request_id=req-358927 trace_id=trace-91665930 user_id=user-2745 status_code=200 latency_ms=132 message="Order status updated"
2026-09-20 08:13:16 INFO scheduler-service Cron tick processed
2026-09-20 08:13:17 INFO search-service Search query executed
2026-09-20 08:13:18 level=WARNING service=notification-service component=notification-service request_id=req-117743 trace_id=trace-40084550 user_id=user-3749 status_code=200 latency_ms=212 message="Email queued"
2026-09-20 08:13:19 INFO notification-service Push notification sent
2026-09-20 08:13:20 level=INFO service=payment-service component=payment-service request_id=req-515841 trace_id=trace-42404976 user_id=user-2435 status_code=200 latency_ms=265 message="Payment gateway responded 200"
2026-09-20 08:13:21 level=INFO service=worker-service component=worker-service request_id=req-731830 trace_id=trace-64498623 user_id=user-6444 status_code=200 latency_ms=288 message="Job picked up"
2026-09-20 08:13:22 level=INFO service=order-service component=order-service request_id=req-515408 trace_id=trace-15026701 user_id=user-7365 status_code=200 latency_ms=130 message="Order created"
2026-09-20 08:13:23 DEBUG order-service Order shipped
2026-09-20 08:13:24 INFO redis-service Key expired normally
2026-09-20 08:13:25 INFO notification-service SMS delivered
2026-09-20 08:13:26 INFO redis-service Key expired normally
2026-09-20 08:13:27 DEBUG database-service Connection acquired from pool
2026-09-20 08:13:28 DEBUG payment-service Payment request received
2026-09-20 08:13:29 INFO database-service Query executed successfully
2026-09-20 08:13:30 INFO database-service Connection acquired from pool
2026-09-20 08:13:31 INFO inventory-service Inventory reserved
2026-09-20 08:13:32 INFO monitoring-service Metrics scraped
2026-09-20 08:13:33 INFO payment-service Payment request received
2026-09-20 08:13:34 INFO search-service Index refreshed
2026-09-20 08:13:35 level=INFO service=api-gateway component=api-gateway request_id=req-381070 trace_id=trace-48468682 user_id=user-5812 status_code=200 latency_ms=62 message="Request routed successfully"
2026-09-20 08:13:36 INFO payment-service Payment captured
2026-09-20 08:13:37 level=INFO service=search-service component=search-service request_id=req-797914 trace_id=trace-98849377 user_id=user-9503 status_code=200 latency_ms=134 message="Index refreshed"
2026-09-20 08:13:38 INFO order-service Order status updated
2026-09-20 08:13:39 level=INFO service=inventory-service component=inventory-service request_id=req-603363 trace_id=trace-13558608 user_id=user-4458 status_code=200 latency_ms=70 message="Stock level checked"
2026-09-20 08:13:40 INFO scheduler-service Scheduled job started
2026-09-20 08:13:41 INFO monitoring-service Alert evaluated: no action
2026-09-20 08:13:42 INFO search-service Index refreshed
2026-09-20 08:13:43 INFO inventory-service Inventory reserved
2026-09-20 08:13:44 INFO scheduler-service Cron tick processed
2026-09-20 08:13:45 level=INFO service=user-service component=user-service request_id=req-900429 trace_id=trace-67387731 user_id=user-3535 status_code=200 latency_ms=170 message="Profile cache warmed"
2026-09-20 08:13:46 INFO order-service Order confirmed
2026-09-20 08:13:47 INFO user-service User created
2026-09-20 08:13:48 level=INFO service=notification-service component=notification-service request_id=req-602438 trace_id=trace-98429762 user_id=user-7357 status_code=200 latency_ms=93 message="SMS delivered"
2026-09-20 08:13:49 INFO redis-service Cache hit
2026-09-20 08:13:50 WARNING payment-service Payment authorized
2026-09-20 08:13:51 INFO user-service Profile cache warmed
2026-09-20 08:13:52 INFO notification-service Email queued
2026-09-20 08:13:53 level=INFO service=inventory-service component=inventory-service request_id=req-964819 trace_id=trace-52873169 user_id=user-8577 status_code=200 latency_ms=132 message="Inventory released"
2026-09-20 08:13:54 level=INFO service=search-service component=search-service request_id=req-455468 trace_id=trace-13288014 user_id=user-7442 status_code=200 latency_ms=84 message="Query results returned"
2026-09-20 08:13:55 INFO scheduler-service Cron tick processed
2026-09-20 08:13:56 INFO inventory-service Inventory reserved
2026-09-20 08:13:57 level=INFO service=user-service component=user-service request_id=req-794809 trace_id=trace-94341360 user_id=user-6368 status_code=200 latency_ms=166 message="Profile cache warmed"
2026-09-20 08:13:58 INFO inventory-service Stock level checked
2026-09-20 08:13:59 INFO user-service User preferences updated
2026-09-20 08:14:00 INFO payment-service Refund processed successfully
2026-09-20 08:14:01 INFO scheduler-service Scheduled job started
2026-09-20 08:14:02 INFO auth-service User authenticated successfully
2026-09-20 08:14:03 INFO search-service Index refreshed
2026-09-20 08:14:04 DEBUG api-gateway Request routed successfully
2026-09-20 08:14:05 INFO monitoring-service Alert evaluated: no action
2026-09-20 08:14:06 INFO api-gateway Rate limit check passed
2026-09-20 08:14:07 INFO notification-service SMS delivered
2026-09-20 08:14:08 INFO redis-service Key expired normally
2026-09-20 08:14:09 level=INFO service=scheduler-service component=scheduler-service request_id=req-996968 trace_id=trace-41002695 user_id=user-1019 status_code=200 latency_ms=59 message="Cron tick processed"
2026-09-20 08:14:10 INFO api-gateway Response sent
2026-09-20 08:14:11 INFO worker-service Worker heartbeat OK
2026-09-20 08:14:12 WARNING worker-service Worker heartbeat OK
2026-09-20 08:14:13 INFO monitoring-service Alert evaluated: no action
2026-09-20 08:14:14 INFO notification-service Email queued
2026-09-20 08:14:15 INFO user-service User created
2026-09-20 08:14:16 INFO redis-service Cache warmed
2026-09-20 08:14:17 INFO user-service Profile cache warmed
2026-09-20 08:14:18 WARNING inventory-service Inventory released
2026-09-20 08:14:19 INFO search-service Search query executed
2026-09-20 08:14:20 level=INFO service=redis-service component=redis-service request_id=req-887116 trace_id=trace-20953672 user_id=user-9622 status_code=200 latency_ms=124 message="Cache set"
2026-09-20 08:14:21 level=WARNING service=scheduler-service component=scheduler-service request_id=req-166197 trace_id=trace-95640976 user_id=user-4659 status_code=200 latency_ms=211 message="Scheduled job completed"
2026-09-20 08:14:22 INFO api-gateway Incoming request accepted
2026-09-20 08:14:23 INFO payment-service Refund processed successfully
2026-09-20 08:14:24 INFO notification-service Push notification sent
2026-09-20 08:14:25 INFO search-service Index refreshed
2026-09-20 08:14:26 level=INFO service=notification-service component=notification-service request_id=req-847652 trace_id=trace-86714178 user_id=user-4737 status_code=200 latency_ms=49 message="Email queued"
2026-09-20 08:14:27 level=INFO service=worker-service component=worker-service request_id=req-256431 trace_id=trace-95236926 user_id=user-7591 status_code=200 latency_ms=288 message="Job completed successfully"
2026-09-20 08:14:28 level=INFO service=monitoring-service component=monitoring-service request_id=req-583493 trace_id=trace-88272203 user_id=user-5260 status_code=200 latency_ms=138 message="Metrics scraped"
2026-09-20 08:14:29 INFO search-service Query results returned
2026-09-20 08:14:30 level=INFO service=auth-service component=auth-service request_id=req-898606 trace_id=trace-44529256 user_id=user-5229 status_code=200 latency_ms=227 message="Token refreshed"
2026-09-20 08:14:31 INFO order-service Order shipped
2026-09-20 08:14:32 INFO user-service Profile cache warmed
2026-09-20 08:14:33 level=INFO service=scheduler-service component=scheduler-service request_id=req-177998 trace_id=trace-51488074 user_id=user-4646 status_code=200 latency_ms=74 message="Cron tick processed"
2026-09-20 08:14:34 level=DEBUG service=user-service component=user-service request_id=req-125712 trace_id=trace-53013368 user_id=user-9186 status_code=200 latency_ms=281 message="User created"
2026-09-20 08:14:35 INFO database-service Transaction committed
2026-09-20 08:14:36 INFO inventory-service Inventory released
2026-09-20 08:14:37 INFO api-gateway Incoming request accepted
2026-09-20 08:14:38 INFO auth-service Logout successful
2026-09-20 08:14:39 INFO search-service Index refreshed
2026-09-20 08:14:40 INFO scheduler-service Cron tick processed
2026-09-20 08:14:41 level=WARNING service=notification-service component=notification-service request_id=req-287252 trace_id=trace-63262557 user_id=user-7476 status_code=200 latency_ms=226 message="Push notification sent"
2026-09-20 08:14:42 level=DEBUG service=scheduler-service component=scheduler-service request_id=req-411381 trace_id=trace-19725451 user_id=user-9768 status_code=200 latency_ms=275 message="Scheduled job started"
2026-09-20 08:14:43 DEBUG monitoring-service Alert evaluated: no action
2026-09-20 08:14:44 INFO worker-service Worker heartbeat OK
2026-09-20 08:14:45 INFO database-service Index scan completed
2026-09-20 08:14:46 INFO monitoring-service Alert evaluated: no action
2026-09-20 08:14:47 INFO database-service Transaction committed
2026-09-20 08:14:48 INFO payment-service Payment authorized
2026-09-20 08:14:49 level=INFO service=database-service component=database-service request_id=req-808221 trace_id=trace-39067726 user_id=user-7414 status_code=200 latency_ms=260 message="Query executed successfully"
2026-09-20 08:14:50 level=DEBUG service=database-service component=database-service request_id=req-512032 trace_id=trace-97635588 user_id=user-8586 status_code=200 latency_ms=196 message="Index scan completed"
2026-09-20 08:14:51 INFO notification-service Email queued
2026-09-20 08:14:52 level=INFO service=redis-service component=redis-service request_id=req-935172 trace_id=trace-11934573 user_id=user-9897 status_code=200 latency_ms=30 message="Cache set"
2026-09-20 08:14:53 level=INFO service=api-gateway component=api-gateway request_id=req-833400 trace_id=trace-29616305 user_id=user-3721 status_code=200 latency_ms=275 message="Health check OK"
2026-09-20 08:14:54 INFO worker-service Worker heartbeat OK
2026-09-20 08:14:55 INFO redis-service Cache set
2026-09-20 08:14:56 INFO api-gateway TLS handshake completed
2026-09-20 08:14:57 INFO redis-service Cache set
2026-09-20 08:14:58 INFO user-service User created
2026-09-20 08:14:59 level=INFO service=order-service component=order-service request_id=req-240230 trace_id=trace-10883622 user_id=user-2049 status_code=200 latency_ms=256 message="Order confirmed"
2026-09-20 08:15:00 INFO search-service Search query executed
2026-09-20 08:15:01 INFO auth-service Token refreshed
2026-09-20 08:15:02 INFO payment-service Payment authorized
2026-09-20 08:15:03 INFO scheduler-service Scheduled job started
2026-09-20 08:15:04 INFO inventory-service Inventory released
2026-09-20 08:15:05 INFO inventory-service Stock level checked
2026-09-20 08:15:06 DEBUG api-gateway Rate limit check passed
2026-09-20 08:15:07 INFO api-gateway Response sent
2026-09-20 08:15:08 level=INFO service=redis-service component=redis-service request_id=req-318094 trace_id=trace-16396334 user_id=user-1210 status_code=200 latency_ms=103 message="Cache set"
2026-09-20 08:15:09 level=INFO service=user-service component=user-service request_id=req-437891 trace_id=trace-15138704 user_id=user-3515 status_code=200 latency_ms=138 message="Profile cache warmed"
2026-09-20 08:15:10 level=INFO service=scheduler-service component=scheduler-service request_id=req-802195 trace_id=trace-46469179 user_id=user-3332 status_code=200 latency_ms=112 message="Scheduled job started"
2026-09-20 08:15:11 INFO worker-service Job completed successfully
2026-09-20 08:15:12 INFO user-service Profile cache warmed
2026-09-20 08:15:13 level=INFO service=auth-service component=auth-service request_id=req-535728 trace_id=trace-63203274 user_id=user-4622 status_code=200 latency_ms=72 message="Logout successful"
2026-09-20 08:15:14 INFO payment-service Refund processed successfully
2026-09-20 08:15:15 level=INFO service=redis-service component=redis-service request_id=req-999812 trace_id=trace-10192600 user_id=user-5165 status_code=200 latency_ms=120 message="Key expired normally"
2026-09-20 08:15:16 level=INFO service=inventory-service component=inventory-service request_id=req-508456 trace_id=trace-23366770 user_id=user-8141 status_code=200 latency_ms=24 message="Inventory reserved"
2026-09-20 08:15:17 level=INFO service=notification-service component=notification-service request_id=req-401354 trace_id=trace-48943255 user_id=user-6427 status_code=200 latency_ms=294 message="Push notification sent"
2026-09-20 08:15:18 DEBUG redis-service Key expired normally
2026-09-20 08:15:19 level=INFO service=payment-service component=payment-service request_id=req-970460 trace_id=trace-32811161 user_id=user-9449 status_code=200 latency_ms=226 message="Payment captured"
2026-09-20 08:15:20 level=INFO service=api-gateway component=api-gateway request_id=req-106366 trace_id=trace-52661256 user_id=user-1297 status_code=200 latency_ms=198 message="Rate limit check passed"
2026-09-20 08:15:21 INFO worker-service Job completed successfully
2026-09-20 08:15:22 INFO scheduler-service Cron tick processed
2026-09-20 08:15:23 INFO user-service User preferences updated
2026-09-20 08:15:24 INFO inventory-service Stock level checked
2026-09-20 08:15:25 INFO auth-service Logout successful
2026-09-20 08:15:26 level=INFO service=inventory-service component=inventory-service request_id=req-779395 trace_id=trace-69734090 user_id=user-5983 status_code=200 latency_ms=248 message="Inventory released"
2026-09-20 08:15:27 INFO user-service User created
2026-09-20 08:15:28 INFO scheduler-service Scheduled job completed
2026-09-20 08:15:29 INFO notification-service Push notification sent
2026-09-20 08:15:30 level=INFO service=worker-service component=worker-service request_id=req-191162 trace_id=trace-25543953 user_id=user-6400 status_code=200 latency_ms=69 message="Job completed successfully"
2026-09-20 08:15:31 INFO monitoring-service Health probe OK
2026-09-20 08:15:32 INFO worker-service Job picked up
2026-09-20 08:15:33 level=INFO service=scheduler-service component=scheduler-service request_id=req-331786 trace_id=trace-21067060 user_id=user-8293 status_code=200 latency_ms=35 message="Cron tick processed"
2026-09-20 08:15:34 INFO order-service Order created
2026-09-20 08:15:35 INFO api-gateway Rate limit check passed
2026-09-20 08:15:36 INFO redis-service Cache hit
2026-09-20 08:15:37 INFO search-service Query results returned
2026-09-20 08:15:38 INFO monitoring-service Health probe OK
2026-09-20 08:15:39 INFO auth-service Token issued
2026-09-20 08:15:40 INFO scheduler-service Cron tick processed
2026-09-20 08:15:41 INFO worker-service Worker heartbeat OK
2026-09-20 08:15:42 INFO api-gateway Rate limit check passed
2026-09-20 08:15:43 INFO database-service Index scan completed
2026-09-20 08:15:44 INFO payment-service Payment authorized
2026-09-20 08:15:45 level=INFO service=search-service component=search-service request_id=req-895445 trace_id=trace-54474154 user_id=user-8663 status_code=200 latency_ms=171 message="Search query executed"
2026-09-20 08:15:46 WARNING notification-service Push notification sent
2026-09-20 08:15:47 level=INFO service=inventory-service component=inventory-service request_id=req-100589 trace_id=trace-83751604 user_id=user-6843 status_code=200 latency_ms=214 message="Inventory released"
2026-09-20 08:15:48 INFO redis-service Cache hit
2026-09-20 08:15:49 level=INFO service=payment-service component=payment-service request_id=req-311201 trace_id=trace-60857200 user_id=user-9547 status_code=200 latency_ms=120 message="Payment authorized"
2026-09-20 08:15:50 level=INFO service=search-service component=search-service request_id=req-305266 trace_id=trace-46546762 user_id=user-8512 status_code=200 latency_ms=278 message="Search query executed"
2026-09-20 08:15:51 level=INFO service=notification-service component=notification-service request_id=req-766495 trace_id=trace-87546587 user_id=user-9457 status_code=200 latency_ms=274 message="Email queued"
2026-09-20 08:15:52 level=INFO service=search-service component=search-service request_id=req-394401 trace_id=trace-62400732 user_id=user-2733 status_code=200 latency_ms=268 message="Search query executed"
2026-09-20 08:15:53 INFO scheduler-service Scheduled job started
2026-09-20 08:15:54 INFO search-service Query results returned
2026-09-20 08:15:55 INFO search-service Search query executed
2026-09-20 08:15:56 INFO inventory-service Stock level checked
2026-09-20 08:15:57 INFO user-service Profile cache warmed
2026-09-20 08:15:58 INFO redis-service Cache set
2026-09-20 08:15:59 INFO scheduler-service Cron tick processed
2026-09-20 08:16:00 INFO redis-service Cache hit
2026-09-20 08:16:01 INFO monitoring-service Metrics scraped
2026-09-20 08:16:02 level=INFO service=database-service component=database-service request_id=req-776383 trace_id=trace-10546646 user_id=user-8704 status_code=200 latency_ms=19 message="Connection acquired from pool"
2026-09-20 08:16:03 INFO user-service User created
2026-09-20 08:16:04 INFO search-service Query results returned
2026-09-20 08:16:05 INFO order-service Order shipped
2026-09-20 08:16:06 INFO worker-service Job completed successfully
2026-09-20 08:16:07 INFO api-gateway Response sent
2026-09-20 08:16:08 INFO auth-service Token issued
2026-09-20 08:16:09 INFO monitoring-service Health probe OK
2026-09-20 08:16:10 INFO order-service Order shipped
2026-09-20 08:16:11 INFO payment-service Payment request received
2026-09-20 08:16:12 INFO scheduler-service Scheduled job completed
2026-09-20 08:16:13 INFO redis-service Key expired normally
2026-09-20 08:16:14 INFO worker-service Worker heartbeat OK
2026-09-20 08:16:15 INFO database-service Index scan completed
2026-09-20 08:16:16 INFO inventory-service Stock level checked
2026-09-20 08:16:17 INFO database-service Query executed successfully
2026-09-20 08:16:18 INFO redis-service Cache set
2026-09-20 08:16:19 level=DEBUG service=worker-service component=worker-service request_id=req-783833 trace_id=trace-99915673 user_id=user-2603 status_code=200 latency_ms=241 message="Worker heartbeat OK"
2026-09-20 08:16:20 INFO monitoring-service Health probe OK
2026-09-20 08:16:21 INFO notification-service SMS delivered
2026-09-20 08:16:22 INFO user-service User profile fetched
2026-09-20 08:16:23 level=INFO service=api-gateway component=api-gateway request_id=req-255831 trace_id=trace-35601677 user_id=user-4233 status_code=200 latency_ms=95 message="Response sent"
2026-09-20 08:16:24 INFO scheduler-service Scheduled job completed
2026-09-20 08:16:25 INFO user-service Profile cache warmed
2026-09-20 08:16:26 INFO search-service Query results returned
2026-09-20 08:16:27 level=DEBUG service=monitoring-service component=monitoring-service request_id=req-961259 trace_id=trace-62692263 user_id=user-6161 status_code=200 latency_ms=85 message="Metrics scraped"
2026-09-20 08:16:28 INFO user-service User preferences updated
2026-09-20 08:16:29 INFO worker-service Job picked up
2026-09-20 08:16:30 level=INFO service=database-service component=database-service request_id=req-357600 trace_id=trace-45948650 user_id=user-8898 status_code=200 latency_ms=80 message="Query executed successfully"
2026-09-20 08:16:31 INFO database-service Index scan completed
2026-09-20 08:16:32 level=INFO service=inventory-service component=inventory-service request_id=req-429214 trace_id=trace-59411511 user_id=user-6647 status_code=200 latency_ms=197 message="Inventory released"
2026-09-20 08:16:33 INFO scheduler-service Scheduled job started
2026-09-20 08:16:34 level=DEBUG service=auth-service component=auth-service request_id=req-177220 trace_id=trace-36113612 user_id=user-7850 status_code=200 latency_ms=143 message="Session created"
2026-09-20 08:16:35 INFO order-service Order shipped
2026-09-20 08:16:36 level=INFO service=monitoring-service component=monitoring-service request_id=req-213008 trace_id=trace-83955621 user_id=user-5084 status_code=200 latency_ms=96 message="Health probe OK"
2026-09-20 08:16:37 level=INFO service=worker-service component=worker-service request_id=req-983675 trace_id=trace-66166893 user_id=user-6323 status_code=200 latency_ms=22 message="Worker heartbeat OK"
2026-09-20 08:16:38 level=INFO service=api-gateway component=api-gateway request_id=req-277062 trace_id=trace-30055773 user_id=user-9864 status_code=200 latency_ms=93 message="Incoming request accepted"
2026-09-20 08:16:39 INFO worker-service Worker heartbeat OK
2026-09-20 08:16:40 INFO inventory-service Inventory reserved
2026-09-20 08:16:41 level=INFO service=scheduler-service component=scheduler-service request_id=req-488999 trace_id=trace-59622552 user_id=user-6305 status_code=200 latency_ms=146 message="Cron tick processed"
2026-09-20 08:16:42 INFO monitoring-service Alert evaluated: no action
2026-09-20 08:16:43 WARNING auth-service Token issued
2026-09-20 08:16:44 DEBUG notification-service Push notification sent
2026-09-20 08:16:45 INFO redis-service Key expired normally
2026-09-20 08:16:46 INFO user-service User preferences updated
2026-09-20 08:16:47 INFO user-service User profile fetched
2026-09-20 08:16:48 level=DEBUG service=notification-service component=notification-service request_id=req-519752 trace_id=trace-85908867 user_id=user-7177 status_code=200 latency_ms=140 message="SMS delivered"
2026-09-20 08:16:49 INFO scheduler-service Scheduled job started
2026-09-20 08:16:50 level=INFO service=notification-service component=notification-service request_id=req-256936 trace_id=trace-18330742 user_id=user-8276 status_code=200 latency_ms=109 message="SMS delivered"
2026-09-20 08:16:51 level=INFO service=inventory-service component=inventory-service request_id=req-580155 trace_id=trace-91267783 user_id=user-1608 status_code=200 latency_ms=68 message="Inventory released"
2026-09-20 08:16:52 level=INFO service=notification-service component=notification-service request_id=req-457313 trace_id=trace-24470594 user_id=user-3828 status_code=200 latency_ms=49 message="Push notification sent"
2026-09-20 08:16:53 INFO api-gateway Response sent
2026-09-20 08:16:54 INFO order-service Order created
2026-09-20 08:16:55 INFO search-service Search query executed
2026-09-20 08:16:56 INFO notification-service Email queued
2026-09-20 08:16:57 INFO user-service User preferences updated
2026-09-20 08:16:58 INFO worker-service Job picked up
2026-09-20 08:16:59 INFO auth-service Session created
2026-09-20 08:17:00 INFO search-service Search query executed
2026-09-20 08:17:01 level=DEBUG service=user-service component=user-service request_id=req-144169 trace_id=trace-17469659 user_id=user-3063 status_code=200 latency_ms=228 message="User profile fetched"
2026-09-20 08:17:02 INFO auth-service Session created
2026-09-20 08:17:03 INFO order-service Order created
2026-09-20 08:17:04 INFO search-service Index refreshed
2026-09-20 08:17:05 INFO redis-service Cache set
2026-09-20 08:17:06 level=INFO service=auth-service component=auth-service request_id=req-970941 trace_id=trace-13461757 user_id=user-2296 status_code=200 latency_ms=280 message="Token issued"
2026-09-20 08:17:07 INFO auth-service Logout successful
2026-09-20 08:17:08 INFO order-service Order status updated
2026-09-20 08:17:09 INFO search-service Query results returned
2026-09-20 08:17:10 INFO database-service Index scan completed
2026-09-20 08:17:11 INFO api-gateway Rate limit check passed
2026-09-20 08:17:12 level=INFO service=scheduler-service component=scheduler-service request_id=req-328085 trace_id=trace-70807149 user_id=user-8631 status_code=200 latency_ms=251 message="Scheduled job completed"
2026-09-20 08:17:13 INFO scheduler-service Scheduled job completed
2026-09-20 08:17:14 level=INFO service=redis-service component=redis-service request_id=req-536809 trace_id=trace-52692028 user_id=user-8840 status_code=200 latency_ms=154 message="Cache warmed"
2026-09-20 08:17:15 INFO database-service Query executed successfully
2026-09-20 08:17:16 INFO payment-service Payment gateway responded 200
2026-09-20 08:17:17 INFO search-service Search query executed
2026-09-20 08:17:18 INFO auth-service User authenticated successfully
2026-09-20 08:17:19 INFO auth-service Token issued
2026-09-20 08:17:20 INFO worker-service Worker heartbeat OK
2026-09-20 08:17:21 level=INFO service=notification-service component=notification-service request_id=req-305389 trace_id=trace-76127947 user_id=user-2221 status_code=200 latency_ms=189 message="Push notification sent"
2026-09-20 08:17:22 level=INFO service=worker-service component=worker-service request_id=req-864030 trace_id=trace-63393716 user_id=user-9892 status_code=200 latency_ms=213 message="Job completed successfully"
2026-09-20 08:17:23 level=DEBUG service=redis-service component=redis-service request_id=req-496360 trace_id=trace-51018867 user_id=user-8732 status_code=200 latency_ms=220 message="Cache set"
2026-09-20 08:17:24 level=INFO service=search-service component=search-service request_id=req-710935 trace_id=trace-80289384 user_id=user-4127 status_code=200 latency_ms=253 message="Query results returned"
2026-09-20 08:17:25 level=INFO service=payment-service component=payment-service request_id=req-349794 trace_id=trace-60074035 user_id=user-5424 status_code=200 latency_ms=199 message="Payment captured"
2026-09-20 08:17:26 level=INFO service=payment-service component=payment-service request_id=req-746766 trace_id=trace-84674300 user_id=user-5287 status_code=200 latency_ms=58 message="Payment request received"
2026-09-20 08:17:27 level=DEBUG service=redis-service component=redis-service request_id=req-594174 trace_id=trace-10157662 user_id=user-9428 status_code=200 latency_ms=75 message="Cache warmed"
2026-09-20 08:17:28 INFO monitoring-service Health probe OK
2026-09-20 08:17:29 INFO payment-service Payment request received
2026-09-20 08:17:30 INFO worker-service Job picked up
2026-09-20 08:17:31 level=INFO service=order-service component=order-service request_id=req-707105 trace_id=trace-60061882 user_id=user-8252 status_code=200 latency_ms=295 message="Order confirmed"
2026-09-20 08:17:32 level=INFO service=search-service component=search-service request_id=req-532310 trace_id=trace-21171947 user_id=user-1879 status_code=200 latency_ms=165 message="Query results returned"
2026-09-20 08:17:33 level=WARNING service=inventory-service component=inventory-service request_id=req-153730 trace_id=trace-72945676 user_id=user-1835 status_code=200 latency_ms=15 message="Stock level checked"
2026-09-20 08:17:34 level=INFO service=payment-service component=payment-service request_id=req-112394 trace_id=trace-59959060 user_id=user-1787 status_code=200 latency_ms=105 message="Payment captured"
2026-09-20 08:17:35 INFO auth-service Token refreshed
2026-09-20 08:17:36 INFO auth-service Token issued
2026-09-20 08:17:37 level=INFO service=search-service component=search-service request_id=req-750226 trace_id=trace-73171984 user_id=user-6971 status_code=200 latency_ms=103 message="Search query executed"
2026-09-20 08:17:38 INFO search-service Index refreshed
2026-09-20 08:17:39 INFO database-service Transaction committed
2026-09-20 08:17:40 INFO search-service Query results returned
2026-09-20 08:17:41 INFO database-service Transaction committed
2026-09-20 08:17:42 INFO auth-service Session created
2026-09-20 08:17:43 INFO worker-service Worker heartbeat OK
2026-09-20 08:17:44 level=INFO service=worker-service component=worker-service request_id=req-218495 trace_id=trace-56871772 user_id=user-4460 status_code=200 latency_ms=160 message="Job completed successfully"
2026-09-20 08:17:45 level=INFO service=database-service component=database-service request_id=req-349933 trace_id=trace-71550364 user_id=user-4764 status_code=200 latency_ms=111 message="Transaction committed"
2026-09-20 08:17:46 INFO database-service Index scan completed
2026-09-20 08:17:47 INFO monitoring-service Alert evaluated: no action
2026-09-20 08:17:48 INFO redis-service Cache warmed
2026-09-20 08:17:49 INFO api-gateway Rate limit check passed
2026-09-20 08:17:50 INFO monitoring-service Health probe OK
2026-09-20 08:17:51 DEBUG worker-service Job completed successfully
2026-09-20 08:17:52 INFO search-service Query results returned
2026-09-20 08:17:53 INFO order-service Order created
2026-09-20 08:17:54 WARNING user-service User created
2026-09-20 08:17:55 INFO auth-service User authenticated successfully
2026-09-20 08:17:56 level=INFO service=database-service component=database-service request_id=req-557944 trace_id=trace-38064890 user_id=user-3992 status_code=200 latency_ms=300 message="Transaction committed"
2026-09-20 08:17:57 INFO order-service Order confirmed
2026-09-20 08:17:58 level=INFO service=database-service component=database-service request_id=req-194926 trace_id=trace-17617358 user_id=user-9488 status_code=200 latency_ms=74 message="Query executed successfully"
2026-09-20 08:17:59 INFO inventory-service Stock level checked
2026-09-20 08:18:00 INFO order-service Order status updated
2026-09-20 08:18:01 INFO search-service Query results returned
2026-09-20 08:18:02 level=INFO service=user-service component=user-service request_id=req-223505 trace_id=trace-77119614 user_id=user-4434 status_code=200 latency_ms=225 message="User profile fetched"
2026-09-20 08:18:03 INFO api-gateway Incoming request accepted
2026-09-20 08:18:04 INFO user-service User profile fetched
2026-09-20 08:18:05 INFO api-gateway Health check OK
2026-09-20 08:18:06 INFO notification-service Push notification sent
2026-09-20 08:18:07 level=INFO service=database-service component=database-service request_id=req-410909 trace_id=trace-83369977 user_id=user-3686 status_code=200 latency_ms=184 message="Connection acquired from pool"
2026-09-20 08:18:08 INFO search-service Index refreshed
2026-09-20 08:18:09 INFO redis-service Cache set
2026-09-20 08:18:10 INFO monitoring-service Health probe OK
2026-09-20 08:18:11 INFO order-service Order shipped
2026-09-20 08:18:12 DEBUG notification-service Email queued
2026-09-20 08:18:13 WARNING database-service Index scan completed
2026-09-20 08:18:14 level=INFO service=order-service component=order-service request_id=req-182336 trace_id=trace-71473223 user_id=user-4000 status_code=200 latency_ms=235 message="Order confirmed"
2026-09-20 08:18:15 INFO database-service Query executed successfully
2026-09-20 08:18:16 INFO inventory-service Inventory released
2026-09-20 08:18:17 INFO auth-service Session created
2026-09-20 08:18:18 INFO redis-service Cache warmed
2026-09-20 08:18:19 INFO redis-service Cache warmed
2026-09-20 08:18:20 INFO order-service Order shipped
2026-09-20 08:18:21 level=INFO service=monitoring-service component=monitoring-service request_id=req-221159 trace_id=trace-91923368 user_id=user-3231 status_code=200 latency_ms=17 message="Metrics scraped"
2026-09-20 08:18:22 INFO scheduler-service Cron tick processed
2026-09-20 08:18:23 WARNING notification-service Email queued
2026-09-20 08:18:24 INFO search-service Query results returned
2026-09-20 08:18:25 WARNING worker-service Worker heartbeat OK
2026-09-20 08:18:26 INFO order-service Order confirmed
2026-09-20 08:18:27 INFO api-gateway Rate limit check passed
2026-09-20 08:18:28 INFO redis-service Key expired normally
2026-09-20 08:18:29 INFO user-service User created
2026-09-20 08:18:30 WARNING payment-service Refund processed successfully
2026-09-20 08:18:31 INFO notification-service Email queued
2026-09-20 08:18:32 INFO user-service User profile fetched
2026-09-20 08:18:33 INFO monitoring-service Alert evaluated: no action
2026-09-20 08:18:34 INFO search-service Search query executed
2026-09-20 08:18:35 level=INFO service=user-service component=user-service request_id=req-571346 trace_id=trace-95317597 user_id=user-5907 status_code=200 latency_ms=81 message="User profile fetched"
2026-09-20 08:18:36 INFO user-service User preferences updated
2026-09-20 08:18:37 INFO worker-service Worker heartbeat OK
2026-09-20 08:18:38 INFO database-service Index scan completed
2026-09-20 08:18:39 INFO auth-service Session created
2026-09-20 08:18:40 INFO inventory-service Stock level checked
2026-09-20 08:18:41 level=INFO service=payment-service component=payment-service request_id=req-615419 trace_id=trace-83085684 user_id=user-4047 status_code=200 latency_ms=22 message="Payment request received"
2026-09-20 08:18:42 INFO redis-service Cache hit
2026-09-20 08:18:43 INFO notification-service SMS delivered
2026-09-20 08:18:44 INFO inventory-service Inventory released
2026-09-20 08:18:45 INFO notification-service Push notification sent
2026-09-20 08:18:46 INFO scheduler-service Scheduled job started
2026-09-20 08:18:47 INFO api-gateway Response sent
2026-09-20 08:18:48 INFO auth-service User authenticated successfully
2026-09-20 08:18:49 INFO worker-service Worker heartbeat OK
2026-09-20 08:18:50 DEBUG search-service Index refreshed
2026-09-20 08:18:51 INFO search-service Query results returned
2026-09-20 08:18:52 level=INFO service=search-service component=search-service request_id=req-263912 trace_id=trace-81486463 user_id=user-5694 status_code=200 latency_ms=271 message="Index refreshed"
2026-09-20 08:18:53 level=INFO service=database-service component=database-service request_id=req-183091 trace_id=trace-99905589 user_id=user-4608 status_code=200 latency_ms=139 message="Transaction committed"
2026-09-20 08:18:54 INFO worker-service Worker heartbeat OK
2026-09-20 08:18:55 level=INFO service=database-service component=database-service request_id=req-117585 trace_id=trace-37915295 user_id=user-8087 status_code=200 latency_ms=96 message="Connection acquired from pool"
2026-09-20 08:18:56 level=INFO service=notification-service component=notification-service request_id=req-885354 trace_id=trace-74495668 user_id=user-9931 status_code=200 latency_ms=241 message="Push notification sent"
2026-09-20 08:18:57 INFO notification-service SMS delivered
2026-09-20 08:18:58 level=INFO service=monitoring-service component=monitoring-service request_id=req-874668 trace_id=trace-60830809 user_id=user-1476 status_code=200 latency_ms=251 message="Health probe OK"
2026-09-20 08:18:59 INFO scheduler-service Scheduled job started
2026-09-20 08:19:00 INFO database-service Connection acquired from pool
2026-09-20 08:19:01 WARNING database-service Query executed successfully
2026-09-20 08:19:02 INFO worker-service Job picked up
2026-09-20 08:19:03 INFO worker-service Worker heartbeat OK
2026-09-20 08:19:04 level=INFO service=database-service component=database-service request_id=req-943285 trace_id=trace-70789372 user_id=user-9187 status_code=200 latency_ms=81 message="Index scan completed"
2026-09-20 08:19:05 level=INFO service=worker-service component=worker-service request_id=req-323310 trace_id=trace-55587975 user_id=user-9695 status_code=200 latency_ms=184 message="Job picked up"
2026-09-20 08:19:06 level=INFO service=inventory-service component=inventory-service request_id=req-913641 trace_id=trace-72046463 user_id=user-4614 status_code=200 latency_ms=79 message="Inventory reserved"
2026-09-20 08:19:07 level=INFO service=scheduler-service component=scheduler-service request_id=req-955443 trace_id=trace-70151314 user_id=user-1371 status_code=200 latency_ms=191 message="Scheduled job started"
2026-09-20 08:19:08 level=INFO service=order-service component=order-service request_id=req-447149 trace_id=trace-55927019 user_id=user-6533 status_code=200 latency_ms=93 message="Order shipped"
2026-09-20 08:19:09 INFO order-service Order confirmed
2026-09-20 08:19:10 INFO monitoring-service Health probe OK
2026-09-20 08:19:11 INFO order-service Order status updated
2026-09-20 08:19:12 INFO redis-service Cache hit
2026-09-20 08:19:13 INFO search-service Index refreshed
2026-09-20 08:19:14 INFO worker-service Worker heartbeat OK
2026-09-20 08:19:15 WARNING monitoring-service Health probe OK
2026-09-20 08:19:16 INFO api-gateway Rate limit check passed
2026-09-20 08:19:17 INFO order-service Order status updated
2026-09-20 08:19:18 INFO user-service User preferences updated
2026-09-20 08:19:19 WARNING payment-service Payment authorized
2026-09-20 08:19:20 INFO search-service Query results returned
2026-09-20 08:19:21 INFO scheduler-service Scheduled job started
2026-09-20 08:19:22 INFO notification-service Email queued
2026-09-20 08:19:23 INFO order-service Order shipped
2026-09-20 08:19:24 INFO notification-service Push notification sent
2026-09-20 08:19:25 level=INFO service=worker-service component=worker-service request_id=req-235028 trace_id=trace-16334872 user_id=user-4692 status_code=200 latency_ms=58 message="Job completed successfully"
2026-09-20 08:19:26 INFO user-service User profile fetched
2026-09-20 08:19:27 level=INFO service=user-service component=user-service request_id=req-250765 trace_id=trace-83054944 user_id=user-4667 status_code=200 latency_ms=207 message="Profile cache warmed"
2026-09-20 08:19:28 INFO user-service User profile fetched
2026-09-20 08:19:29 level=INFO service=redis-service component=redis-service request_id=req-222649 trace_id=trace-59120375 user_id=user-4579 status_code=200 latency_ms=23 message="Cache hit"
2026-09-20 08:19:30 INFO user-service User preferences updated
2026-09-20 08:19:31 DEBUG database-service Index scan completed
2026-09-20 08:19:32 INFO redis-service Cache hit
2026-09-20 08:19:33 INFO notification-service Push notification sent
2026-09-20 08:19:34 INFO inventory-service Inventory released
2026-09-20 08:19:35 INFO order-service Order status updated
2026-09-20 08:19:36 INFO inventory-service Inventory reserved
2026-09-20 08:19:37 INFO api-gateway Rate limit check passed
2026-09-20 08:19:38 level=INFO service=user-service component=user-service request_id=req-564634 trace_id=trace-25399193 user_id=user-5921 status_code=200 latency_ms=57 message="Profile cache warmed"
2026-09-20 08:19:39 INFO redis-service Key expired normally
2026-09-20 08:19:40 INFO redis-service Key expired normally
2026-09-20 08:19:41 INFO scheduler-service Cron tick processed
2026-09-20 08:19:42 INFO inventory-service Stock level checked
2026-09-20 08:19:43 INFO worker-service Worker heartbeat OK
2026-09-20 08:19:44 INFO auth-service User authenticated successfully
2026-09-20 08:19:45 INFO inventory-service Stock level checked
2026-09-20 08:19:46 INFO scheduler-service Scheduled job completed
2026-09-20 08:19:47 INFO inventory-service Inventory released
2026-09-20 08:19:48 level=INFO service=auth-service component=auth-service request_id=req-596589 trace_id=trace-94647773 user_id=user-7319 status_code=200 latency_ms=84 message="Token issued"
2026-09-20 08:19:49 INFO monitoring-service Health probe OK
2026-09-20 08:19:50 level=INFO service=api-gateway component=api-gateway request_id=req-297711 trace_id=trace-58637294 user_id=user-4964 status_code=200 latency_ms=44 message="Response sent"
2026-09-20 08:19:51 INFO auth-service User authenticated successfully
2026-09-20 08:19:52 level=WARNING service=scheduler-service component=scheduler-service request_id=req-711057 trace_id=trace-36880457 user_id=user-8151 status_code=200 latency_ms=103 message="Scheduled job completed"
2026-09-20 08:19:53 INFO user-service User profile fetched
2026-09-20 08:19:54 INFO payment-service Payment request received
2026-09-20 08:19:55 level=INFO service=api-gateway component=api-gateway request_id=req-699443 trace_id=trace-52544938 user_id=user-2001 status_code=200 latency_ms=259 message="TLS handshake completed"
2026-09-20 08:19:56 DEBUG scheduler-service Scheduled job completed
2026-09-20 08:19:57 INFO order-service Order confirmed
2026-09-20 08:19:58 level=INFO service=inventory-service component=inventory-service request_id=req-919701 trace_id=trace-25281129 user_id=user-4341 status_code=200 latency_ms=59 message="Stock level checked"
2026-09-20 08:19:59 INFO monitoring-service Alert evaluated: no action
2026-09-20 08:20:00 INFO order-service Order shipped
2026-09-20 08:20:01 INFO user-service Profile cache warmed
2026-09-20 08:20:02 level=INFO service=database-service component=database-service request_id=req-350836 trace_id=trace-48970671 user_id=user-3104 status_code=200 latency_ms=267 message="Index scan completed"
2026-09-20 08:20:03 level=INFO service=payment-service component=payment-service request_id=req-749326 trace_id=trace-21584653 user_id=user-4339 status_code=200 latency_ms=99 message="Payment authorized"
2026-09-20 08:20:04 level=INFO service=redis-service component=redis-service request_id=req-720823 trace_id=trace-50978736 user_id=user-1563 status_code=200 latency_ms=163 message="Cache set"
2026-09-20 08:20:05 level=INFO service=auth-service component=auth-service request_id=req-776043 trace_id=trace-80906125 user_id=user-2150 status_code=200 latency_ms=294 message="Logout successful"
2026-09-20 08:20:06 INFO search-service Index refreshed
2026-09-20 08:20:07 INFO inventory-service Stock level checked
2026-09-20 08:20:08 level=INFO service=payment-service component=payment-service request_id=req-173508 trace_id=trace-39119632 user_id=user-4148 status_code=200 latency_ms=93 message="Payment gateway responded 200"
2026-09-20 08:20:09 INFO inventory-service Inventory released
2026-09-20 08:20:10 INFO scheduler-service Scheduled job completed
2026-09-20 08:20:11 INFO user-service Profile cache warmed
2026-09-20 08:20:12 WARNING order-service Order created
2026-09-20 08:20:13 DEBUG payment-service Payment authorized
2026-09-20 08:20:14 INFO search-service Search query executed
2026-09-20 08:20:15 level=INFO service=monitoring-service component=monitoring-service request_id=req-217455 trace_id=trace-42101893 user_id=user-4374 status_code=200 latency_ms=30 message="Health probe OK"
2026-09-20 08:20:16 INFO monitoring-service Metrics scraped
2026-09-20 08:20:17 INFO monitoring-service Health probe OK
2026-09-20 08:20:18 INFO database-service Index scan completed
2026-09-20 08:20:19 INFO inventory-service Inventory released
2026-09-20 08:20:20 INFO inventory-service Stock level checked
2026-09-20 08:20:21 level=INFO service=worker-service component=worker-service request_id=req-892621 trace_id=trace-38047152 user_id=user-2927 status_code=200 latency_ms=208 message="Job picked up"
2026-09-20 08:20:22 DEBUG notification-service Email queued
2026-09-20 08:20:23 level=INFO service=worker-service component=worker-service request_id=req-430780 trace_id=trace-68987671 user_id=user-1507 status_code=200 latency_ms=43 message="Job picked up"
2026-09-20 08:20:24 INFO user-service Profile cache warmed
2026-09-20 08:20:25 INFO user-service Profile cache warmed
2026-09-20 08:20:26 DEBUG api-gateway Response sent
2026-09-20 08:20:27 INFO notification-service Push notification sent
2026-09-20 08:20:28 level=INFO service=search-service component=search-service request_id=req-328799 trace_id=trace-71902897 user_id=user-1971 status_code=200 latency_ms=141 message="Query results returned"
2026-09-20 08:20:29 INFO api-gateway TLS handshake completed
2026-09-20 08:20:30 INFO redis-service Cache hit
2026-09-20 08:20:31 INFO payment-service Payment request received
2026-09-20 08:20:32 INFO user-service User preferences updated
2026-09-20 08:20:33 INFO api-gateway Incoming request accepted
2026-09-20 08:20:34 INFO redis-service Key expired normally
2026-09-20 08:20:35 INFO scheduler-service Cron tick processed
2026-09-20 08:20:36 level=INFO service=search-service component=search-service request_id=req-728913 trace_id=trace-10698490 user_id=user-9075 status_code=200 latency_ms=186 message="Search query executed"
2026-09-20 08:20:37 INFO auth-service Token refreshed
2026-09-20 08:20:38 INFO scheduler-service Scheduled job completed
2026-09-20 08:20:39 INFO inventory-service Inventory reserved
2026-09-20 08:20:40 INFO payment-service Payment request received
2026-09-20 08:20:41 INFO notification-service Email queued
2026-09-20 08:20:42 INFO redis-service Cache set
2026-09-20 08:20:43 INFO redis-service Cache set
2026-09-20 08:20:44 level=INFO service=database-service component=database-service request_id=req-657726 trace_id=trace-12280891 user_id=user-1533 status_code=200 latency_ms=138 message="Connection acquired from pool"
2026-09-20 08:20:45 INFO order-service Order status updated
2026-09-20 08:20:46 INFO inventory-service Inventory reserved
2026-09-20 08:20:47 INFO monitoring-service Health probe OK
2026-09-20 08:20:48 level=INFO service=scheduler-service component=scheduler-service request_id=req-236597 trace_id=trace-15179613 user_id=user-7558 status_code=200 latency_ms=60 message="Scheduled job completed"
2026-09-20 08:20:49 INFO user-service User created
2026-09-20 08:20:50 INFO auth-service Session created
2026-09-20 08:20:51 INFO payment-service Payment gateway responded 200
2026-09-20 08:20:52 INFO redis-service Key expired normally
2026-09-20 08:20:53 INFO payment-service Payment authorized
2026-09-20 08:20:54 INFO scheduler-service Scheduled job started
2026-09-20 08:20:55 INFO payment-service Payment gateway responded 200
2026-09-20 08:20:56 INFO payment-service Payment request received
2026-09-20 08:20:57 INFO notification-service SMS delivered
2026-09-20 08:20:58 INFO notification-service Email queued
2026-09-20 08:20:59 INFO inventory-service Inventory released
2026-09-20 08:21:00 INFO inventory-service Stock level checked
2026-09-20 08:21:01 WARNING redis-service Cache warmed
2026-09-20 08:21:02 INFO order-service Order confirmed
2026-09-20 08:21:03 level=WARNING service=payment-service component=payment-service request_id=req-762577 trace_id=trace-52246492 user_id=user-5600 status_code=200 latency_ms=154 message="Payment request received"
2026-09-20 08:21:04 INFO inventory-service Inventory reserved
2026-09-20 08:21:05 level=INFO service=monitoring-service component=monitoring-service request_id=req-992576 trace_id=trace-21574000 user_id=user-2519 status_code=200 latency_ms=18 message="Metrics scraped"
2026-09-20 08:21:06 WARNING search-service Query results returned
2026-09-20 08:21:07 INFO auth-service Token issued
2026-09-20 08:21:08 INFO redis-service Cache warmed
2026-09-20 08:21:09 INFO worker-service Job picked up
2026-09-20 08:21:10 WARNING scheduler-service Scheduled job completed
2026-09-20 08:21:11 level=INFO service=monitoring-service component=monitoring-service request_id=req-790089 trace_id=trace-17429594 user_id=user-6322 status_code=200 latency_ms=203 message="Alert evaluated: no action"
2026-09-20 08:21:12 INFO worker-service Job picked up
2026-09-20 08:21:13 INFO search-service Search query executed
2026-09-20 08:21:14 INFO search-service Index refreshed
2026-09-20 08:21:15 level=DEBUG service=inventory-service component=inventory-service request_id=req-942560 trace_id=trace-44845830 user_id=user-1315 status_code=200 latency_ms=225 message="Stock level checked"
2026-09-20 08:21:16 INFO user-service User created
2026-09-20 08:21:17 INFO user-service Profile cache warmed
2026-09-20 08:21:18 level=DEBUG service=api-gateway component=api-gateway request_id=req-698120 trace_id=trace-54388430 user_id=user-6494 status_code=200 latency_ms=264 message="Incoming request accepted"
2026-09-20 08:21:19 INFO scheduler-service Scheduled job started
2026-09-20 08:21:20 INFO inventory-service Inventory released
2026-09-20 08:21:21 level=INFO service=notification-service component=notification-service request_id=req-877916 trace_id=trace-73884837 user_id=user-6795 status_code=200 latency_ms=58 message="Push notification sent"
2026-09-20 08:21:22 level=INFO service=notification-service component=notification-service request_id=req-112562 trace_id=trace-25065401 user_id=user-7797 status_code=200 latency_ms=18 message="Push notification sent"
2026-09-20 08:21:23 INFO scheduler-service Cron tick processed
2026-09-20 08:21:24 WARNING worker-service Job picked up
2026-09-20 08:21:25 INFO database-service Transaction committed
2026-09-20 08:21:26 INFO inventory-service Stock level checked
2026-09-20 08:21:27 INFO payment-service Payment authorized
2026-09-20 08:21:28 INFO auth-service Logout successful
2026-09-20 08:21:29 INFO scheduler-service Cron tick processed
2026-09-20 08:21:30 INFO api-gateway Request routed successfully
2026-09-20 08:21:31 INFO payment-service Payment gateway responded 200
2026-09-20 08:21:32 INFO worker-service Job completed successfully
2026-09-20 08:21:33 INFO scheduler-service Scheduled job started
2026-09-20 08:21:34 INFO monitoring-service Alert evaluated: no action
2026-09-20 08:21:35 level=INFO service=order-service component=order-service request_id=req-428601 trace_id=trace-57057352 user_id=user-3453 status_code=200 latency_ms=140 message="Order shipped"
2026-09-20 08:21:36 level=WARNING service=monitoring-service component=monitoring-service request_id=req-606874 trace_id=trace-32680377 user_id=user-9763 status_code=200 latency_ms=124 message="Alert evaluated: no action"
2026-09-20 08:21:37 INFO monitoring-service Health probe OK
2026-09-20 08:21:38 level=INFO service=worker-service component=worker-service request_id=req-150622 trace_id=trace-28591988 user_id=user-7792 status_code=200 latency_ms=121 message="Worker heartbeat OK"
2026-09-20 08:21:39 INFO inventory-service Inventory released
2026-09-20 08:21:40 INFO scheduler-service Scheduled job started
2026-09-20 08:21:41 INFO redis-service Cache hit
2026-09-20 08:21:42 level=WARNING service=database-service component=database-service request_id=req-611328 trace_id=trace-87424535 user_id=user-2979 status_code=200 latency_ms=16 message="Transaction committed"
2026-09-20 08:21:43 level=WARNING service=payment-service component=payment-service request_id=req-370317 trace_id=trace-44168961 user_id=user-7255 status_code=200 latency_ms=220 message="Payment request received"
2026-09-20 08:21:44 INFO scheduler-service Scheduled job started
2026-09-20 08:21:45 INFO redis-service Cache warmed
2026-09-20 08:21:46 INFO order-service Order shipped
2026-09-20 08:21:47 INFO database-service Transaction committed
2026-09-20 08:21:48 INFO auth-service Session created
2026-09-20 08:21:49 INFO redis-service Cache warmed
2026-09-20 08:21:50 INFO api-gateway Response sent
