2026-09-20 08:00:00 INFO search-service Search query executed
2026-09-20 08:00:01 INFO user-service User created
2026-09-20 08:00:02 INFO database-service Connection acquired from pool
2026-09-20 08:00:03 INFO payment-service Payment authorized
2026-09-20 08:00:04 INFO worker-service Job completed successfully
2026-09-20 08:00:05 INFO order-service Order shipped
2026-09-20 08:00:06 level=INFO service=database-service component=database-service request_id=req-473373 trace_id=trace-53205954 user_id=user-9318 status_code=200 latency_ms=134 message="Query executed successfully"
2026-09-20 08:00:07 INFO redis-service Cache set
2026-09-20 08:00:08 INFO redis-service Cache hit
2026-09-20 08:00:09 INFO api-gateway Health check OK
2026-09-20 08:00:10 level=INFO service=scheduler-service component=scheduler-service request_id=req-864579 trace_id=trace-81798741 user_id=user-5592 status_code=200 latency_ms=84 message="Scheduled job completed"
2026-09-20 08:00:11 INFO database-service Connection acquired from pool
2026-09-20 08:00:12 level=INFO service=redis-service component=redis-service request_id=req-489124 trace_id=trace-67199381 user_id=user-5829 status_code=200 latency_ms=50 message="Key expired normally"
2026-09-20 08:00:13 level=INFO service=payment-service component=payment-service request_id=req-567925 trace_id=trace-12165862 user_id=user-7247 status_code=200 latency_ms=32 message="Payment authorized"
2026-09-20 08:00:14 level=INFO service=notification-service component=notification-service request_id=req-323519 trace_id=trace-41263063 user_id=user-2484 status_code=200 latency_ms=220 message="Push notification sent"
2026-09-20 08:00:15 INFO payment-service Payment request received
2026-09-20 08:00:16 INFO scheduler-service Scheduled job started
2026-09-20 08:00:17 level=INFO service=search-service component=search-service request_id=req-613880 trace_id=trace-37590015 user_id=user-2869 status_code=200 latency_ms=140 message="Query results returned"
2026-09-20 08:00:18 level=INFO service=user-service component=user-service request_id=req-753020 trace_id=trace-20358130 user_id=user-8643 status_code=200 latency_ms=267 message="User profile fetched"
2026-09-20 08:00:19 INFO api-gateway Health check OK
2026-09-20 08:00:20 INFO worker-service Job picked up
2026-09-20 08:00:21 INFO monitoring-service Metrics scraped
2026-09-20 08:00:22 INFO api-gateway Rate limit check passed
2026-09-20 08:00:23 INFO api-gateway Request routed successfully
2026-09-20 08:00:24 level=INFO service=order-service component=order-service request_id=req-686028 trace_id=trace-46240982 user_id=user-8834 status_code=200 latency_ms=235 message="Order shipped"
2026-09-20 08:00:25 level=INFO service=user-service component=user-service request_id=req-444431 trace_id=trace-28039086 user_id=user-1394 status_code=200 latency_ms=232 message="User created"
2026-09-20 08:00:26 INFO inventory-service Stock level checked
2026-09-20 08:00:27 level=INFO service=database-service component=database-service request_id=req-266625 trace_id=trace-14591054 user_id=user-6662 status_code=200 latency_ms=245 message="Query executed successfully"
2026-09-20 08:00:28 INFO database-service Query executed successfully
2026-09-20 08:00:29 INFO inventory-service Inventory released
2026-09-20 08:00:30 INFO redis-service Cache warmed
2026-09-20 08:00:31 INFO monitoring-service Alert evaluated: no action
2026-09-20 08:00:32 INFO inventory-service Inventory released
2026-09-20 08:00:33 INFO scheduler-service Cron tick processed
2026-09-20 08:00:34 INFO scheduler-service Scheduled job completed
2026-09-20 08:00:35 level=WARNING service=api-gateway component=api-gateway request_id=req-189045 trace_id=trace-59647650 user_id=user-6338 status_code=200 latency_ms=200 message="Rate limit check passed"
2026-09-20 08:00:36 level=INFO service=notification-service component=notification-service request_id=req-150859 trace_id=trace-25709281 user_id=user-7448 status_code=200 latency_ms=104 message="Push notification sent"
2026-09-20 08:00:37 INFO worker-service Job completed successfully
2026-09-20 08:00:38 INFO search-service Search query executed
2026-09-20 08:00:39 INFO api-gateway Rate limit check passed
2026-09-20 08:00:40 INFO payment-service Payment request received
2026-09-20 08:00:41 INFO worker-service Job completed successfully
2026-09-20 08:00:42 INFO api-gateway Rate limit check passed
2026-09-20 08:00:43 WARNING order-service Order shipped
2026-09-20 08:00:44 level=DEBUG service=order-service component=order-service request_id=req-139227 trace_id=trace-13019708 user_id=user-5798 status_code=200 latency_ms=165 message="Order created"
2026-09-20 08:00:45 INFO scheduler-service Scheduled job completed
2026-09-20 08:00:46 INFO database-service Connection acquired from pool
2026-09-20 08:00:47 level=INFO service=redis-service component=redis-service request_id=req-119846 trace_id=trace-47856642 user_id=user-3326 status_code=200 latency_ms=223 message="Key expired normally"
2026-09-20 08:00:48 INFO order-service Order confirmed
2026-09-20 08:00:49 INFO notification-service Email queued
2026-09-20 08:00:50 INFO scheduler-service Scheduled job completed
2026-09-20 08:00:51 level=WARNING service=payment-service component=payment-service request_id=req-931122 trace_id=trace-61547258 user_id=user-6781 status_code=200 latency_ms=69 message="Payment request received"
2026-09-20 08:00:52 level=INFO service=auth-service component=auth-service request_id=req-486018 trace_id=trace-85986581 user_id=user-6405 status_code=200 latency_ms=75 message="Token refreshed"
2026-09-20 08:00:53 level=DEBUG service=search-service component=search-service request_id=req-560526 trace_id=trace-19480896 user_id=user-9147 status_code=200 latency_ms=26 message="Search query executed"
2026-09-20 08:00:54 INFO order-service Order status updated
2026-09-20 08:00:55 INFO database-service Index scan completed
2026-09-20 08:00:56 INFO scheduler-service Scheduled job started
2026-09-20 08:00:57 INFO payment-service Payment authorized
2026-09-20 08:00:58 INFO auth-service User authenticated successfully
2026-09-20 08:00:59 INFO notification-service Email queued
2026-09-20 08:01:00 INFO notification-service SMS delivered
2026-09-20 08:01:01 INFO order-service Order status updated
2026-09-20 08:01:02 INFO monitoring-service Alert evaluated: no action
2026-09-20 08:01:03 INFO monitoring-service Alert evaluated: no action
2026-09-20 08:01:04 INFO worker-service Job picked up
2026-09-20 08:01:05 INFO monitoring-service Metrics scraped
2026-09-20 08:01:06 INFO monitoring-service Health probe OK
2026-09-20 08:01:07 INFO order-service Order shipped
2026-09-20 08:01:08 level=INFO service=scheduler-service component=scheduler-service request_id=req-884509 trace_id=trace-53569057 user_id=user-2512 status_code=200 latency_ms=249 message="Cron tick processed"
2026-09-20 08:01:09 INFO scheduler-service Scheduled job completed
2026-09-20 08:01:10 WARNING search-service Search query executed
2026-09-20 08:01:11 INFO search-service Index refreshed
2026-09-20 08:01:12 INFO monitoring-service Health probe OK
2026-09-20 08:01:13 INFO user-service User preferences updated
2026-09-20 08:01:14 INFO order-service Order status updated
2026-09-20 08:01:15 WARNING worker-service Job picked up
2026-09-20 08:01:16 INFO worker-service Job completed successfully
2026-09-20 08:01:17 INFO order-service Order status updated
2026-09-20 08:01:18 level=INFO service=database-service component=database-service request_id=req-467642 trace_id=trace-24967270 user_id=user-2632 status_code=200 latency_ms=90 message="Transaction committed"
2026-09-20 08:01:19 level=INFO service=redis-service component=redis-service request_id=req-699418 trace_id=trace-69910355 user_id=user-6023 status_code=200 latency_ms=290 message="Cache warmed"
2026-09-20 08:01:20 INFO database-service Index scan completed
2026-09-20 08:01:21 WARNING scheduler-service Scheduled job started
2026-09-20 08:01:22 level=INFO service=payment-service component=payment-service request_id=req-271632 trace_id=trace-61076274 user_id=user-5147 status_code=200 latency_ms=201 message="Payment gateway responded 200"
2026-09-20 08:01:23 level=INFO service=auth-service component=auth-service request_id=req-556370 trace_id=trace-87761825 user_id=user-9130 status_code=200 latency_ms=244 message="Logout successful"
2026-09-20 08:01:24 INFO api-gateway Rate limit check passed
2026-09-20 08:01:25 level=INFO service=database-service component=database-service request_id=req-986796 trace_id=trace-97590735 user_id=user-8144 status_code=200 latency_ms=206 message="Query executed successfully"
2026-09-20 08:01:26 INFO scheduler-service Cron tick processed
2026-09-20 08:01:27 INFO worker-service Job completed successfully
2026-09-20 08:01:28 INFO worker-service Job completed successfully
2026-09-20 08:01:29 WARNING database-service Query executed successfully
2026-09-20 08:01:30 INFO inventory-service Inventory reserved
2026-09-20 08:01:31 INFO api-gateway Rate limit check passed
2026-09-20 08:01:32 DEBUG scheduler-service Scheduled job started
2026-09-20 08:01:33 level=INFO service=order-service component=order-service request_id=req-436287 trace_id=trace-71510769 user_id=user-6304 status_code=200 latency_ms=290 message="Order shipped"
2026-09-20 08:01:34 INFO auth-service Token issued
2026-09-20 08:01:35 INFO order-service Order shipped
2026-09-20 08:01:36 INFO scheduler-service Cron tick processed
2026-09-20 08:01:37 INFO notification-service SMS delivered
2026-09-20 08:01:38 INFO user-service User created
2026-09-20 08:01:39 level=INFO service=api-gateway component=api-gateway request_id=req-326299 trace_id=trace-11323973 user_id=user-8361 status_code=200 latency_ms=189 message="Rate limit check passed"
2026-09-20 08:01:40 level=INFO service=auth-service component=auth-service request_id=req-597866 trace_id=trace-62220558 user_id=user-6357 status_code=200 latency_ms=88 message="Session created"
2026-09-20 08:01:41 INFO worker-service Worker heartbeat OK
2026-09-20 08:01:42 INFO scheduler-service Scheduled job completed
2026-09-20 08:01:43 INFO auth-service Session created
2026-09-20 08:01:44 INFO api-gateway Incoming request accepted
2026-09-20 08:01:45 DEBUG redis-service Cache set
2026-09-20 08:01:46 INFO notification-service Push notification sent
2026-09-20 08:01:47 INFO auth-service Logout successful
2026-09-20 08:01:48 WARNING monitoring-service Metrics scraped
2026-09-20 08:01:49 INFO api-gateway Incoming request accepted
2026-09-20 08:01:50 INFO notification-service Push notification sent
2026-09-20 08:01:51 INFO database-service Index scan completed
2026-09-20 08:01:52 level=INFO service=order-service component=order-service request_id=req-691660 trace_id=trace-18674438 user_id=user-2830 status_code=200 latency_ms=162 message="Order status updated"
2026-09-20 08:01:53 INFO notification-service SMS delivered
2026-09-20 08:01:54 DEBUG inventory-service Inventory released
2026-09-20 08:01:55 INFO auth-service Token issued
2026-09-20 08:01:56 INFO payment-service Payment request received
2026-09-20 08:01:57 INFO search-service Search query executed
2026-09-20 08:01:58 INFO redis-service Cache hit
2026-09-20 08:01:59 level=DEBUG service=api-gateway component=api-gateway request_id=req-964894 trace_id=trace-87781486 user_id=user-1301 status_code=200 latency_ms=172 message="Request routed successfully"
2026-09-20 08:02:00 INFO auth-service Session created
2026-09-20 08:02:01 INFO auth-service Session created
2026-09-20 08:02:02 INFO scheduler-service Scheduled job completed
2026-09-20 08:02:03 INFO payment-service Payment request received
2026-09-20 08:02:04 INFO worker-service Job completed successfully
2026-09-20 08:02:05 INFO search-service Query results returned
2026-09-20 08:02:06 INFO search-service Index refreshed
2026-09-20 08:02:07 INFO api-gateway Request routed successfully
2026-09-20 08:02:08 INFO redis-service Cache hit
2026-09-20 08:02:09 INFO inventory-service Stock level checked
2026-09-20 08:02:10 INFO worker-service Job picked up
2026-09-20 08:02:11 INFO search-service Query results returned
2026-09-20 08:02:12 INFO inventory-service Inventory reserved
2026-09-20 08:02:13 INFO worker-service Worker heartbeat OK
2026-09-20 08:02:14 INFO user-service User created
2026-09-20 08:02:15 INFO redis-service Cache warmed
2026-09-20 08:02:16 INFO worker-service Job completed successfully
2026-09-20 08:02:17 level=INFO service=redis-service component=redis-service request_id=req-353043 trace_id=trace-51136542 user_id=user-6316 status_code=200 latency_ms=260 message="Cache warmed"
2026-09-20 08:02:18 INFO api-gateway Request routed successfully
2026-09-20 08:02:19 INFO scheduler-service Scheduled job completed
2026-09-20 08:02:20 INFO auth-service User authenticated successfully
2026-09-20 08:02:21 INFO search-service Search query executed
2026-09-20 08:02:22 DEBUG inventory-service Inventory reserved
2026-09-20 08:02:23 INFO auth-service Logout successful
2026-09-20 08:02:24 INFO order-service Order shipped
2026-09-20 08:02:25 INFO scheduler-service Cron tick processed
2026-09-20 08:02:26 WARNING notification-service SMS delivered
2026-09-20 08:02:27 INFO scheduler-service Scheduled job started
2026-09-20 08:02:28 INFO worker-service Job completed successfully
2026-09-20 08:02:29 INFO payment-service Payment gateway responded 200
2026-09-20 08:02:30 INFO database-service Index scan completed
2026-09-20 08:02:31 INFO database-service Index scan completed
2026-09-20 08:02:32 INFO payment-service Payment request received
2026-09-20 08:02:33 INFO scheduler-service Scheduled job started
2026-09-20 08:02:34 WARNING search-service Index refreshed
2026-09-20 08:02:35 INFO scheduler-service Cron tick processed
2026-09-20 08:02:36 level=INFO service=user-service component=user-service request_id=req-121168 trace_id=trace-45416368 user_id=user-2269 status_code=200 latency_ms=161 message="User profile fetched"
2026-09-20 08:02:37 INFO scheduler-service Scheduled job completed
2026-09-20 08:02:38 INFO search-service Query results returned
2026-09-20 08:02:39 INFO order-service Order confirmed
2026-09-20 08:02:40 INFO auth-service Session created
2026-09-20 08:02:41 level=INFO service=payment-service component=payment-service request_id=req-433290 trace_id=trace-14021727 user_id=user-2293 status_code=200 latency_ms=198 message="Refund processed successfully"
2026-09-20 08:02:42 INFO search-service Search query executed
2026-09-20 08:02:43 INFO worker-service Job picked up
2026-09-20 08:02:44 INFO redis-service Cache warmed
2026-09-20 08:02:45 WARNING user-service User profile fetched
2026-09-20 08:02:46 INFO database-service Query executed successfully
2026-09-20 08:02:47 INFO scheduler-service Cron tick processed
2026-09-20 08:02:48 INFO order-service Order created
2026-09-20 08:02:49 INFO database-service Query executed successfully
2026-09-20 08:02:50 DEBUG user-service User profile fetched
2026-09-20 08:02:51 level=WARNING service=scheduler-service component=scheduler-service request_id=req-347514 trace_id=trace-89935336 user_id=user-8881 status_code=200 latency_ms=124 message="Scheduled job completed"
2026-09-20 08:02:52 level=INFO service=monitoring-service component=monitoring-service request_id=req-202452 trace_id=trace-98654682 user_id=user-5741 status_code=200 latency_ms=17 message="Metrics scraped"
2026-09-20 08:02:53 level=INFO service=search-service component=search-service request_id=req-746531 trace_id=trace-31214888 user_id=user-3609 status_code=200 latency_ms=297 message="Search query executed"
2026-09-20 08:02:54 level=INFO service=scheduler-service component=scheduler-service request_id=req-536132 trace_id=trace-20381139 user_id=user-4419 status_code=200 latency_ms=15 message="Scheduled job completed"
2026-09-20 08:02:55 INFO redis-service Key expired normally
2026-09-20 08:02:56 level=INFO service=search-service component=search-service request_id=req-996713 trace_id=trace-21409636 user_id=user-5437 status_code=200 latency_ms=175 message="Index refreshed"
2026-09-20 08:02:57 INFO user-service User profile fetched
2026-09-20 08:02:58 INFO database-service Query executed successfully
2026-09-20 08:02:59 level=WARNING service=api-gateway component=api-gateway request_id=req-882615 trace_id=trace-42537509 user_id=user-2147 status_code=200 latency_ms=176 message="Rate limit check passed"
2026-09-20 08:03:00 INFO scheduler-service Scheduled job completed
2026-09-20 08:03:01 INFO worker-service Job picked up
2026-09-20 08:03:02 INFO search-service Query results returned
2026-09-20 08:03:03 INFO monitoring-service Health probe OK
2026-09-20 08:03:04 INFO search-service Search query executed
2026-09-20 08:03:05 INFO order-service Order shipped
2026-09-20 08:03:06 INFO inventory-service Stock level checked
2026-09-20 08:03:07 INFO auth-service Session created
2026-09-20 08:03:08 INFO monitoring-service Alert evaluated: no action
2026-09-20 08:03:09 INFO worker-service Worker heartbeat OK
2026-09-20 08:03:10 INFO payment-service Refund processed successfully
2026-09-20 08:03:11 INFO order-service Order confirmed
2026-09-20 08:03:12 INFO database-service Query executed successfully
2026-09-20 08:03:13 INFO redis-service Cache hit
2026-09-20 08:03:14 WARNING inventory-service Stock level checked
2026-09-20 08:03:15 INFO search-service Index refreshed
2026-09-20 08:03:16 DEBUG database-service Connection acquired from pool
2026-09-20 08:03:17 INFO scheduler-service Scheduled job completed
2026-09-20 08:03:18 level=INFO service=order-service component=order-service request_id=req-392545 trace_id=trace-28441367 user_id=user-5269 status_code=200 latency_ms=168 message="Order shipped"
2026-09-20 08:03:19 INFO monitoring-service Health probe OK
2026-09-20 08:03:20 level=DEBUG service=worker-service component=worker-service request_id=req-989243 trace_id=trace-15855532 user_id=user-2061 status_code=200 latency_ms=192 message="Worker heartbeat OK"
2026-09-20 08:03:21 INFO inventory-service Stock level checked
2026-09-20 08:03:22 INFO redis-service Cache set
2026-09-20 08:03:23 level=INFO service=order-service component=order-service request_id=req-367163 trace_id=trace-18424637 user_id=user-7733 status_code=200 latency_ms=88 message="Order status updated"
2026-09-20 08:03:24 level=INFO service=scheduler-service component=scheduler-service request_id=req-105848 trace_id=trace-69765162 user_id=user-7261 status_code=200 latency_ms=91 message="Cron tick processed"
2026-09-20 08:03:25 INFO worker-service Job completed successfully
2026-09-20 08:03:26 INFO api-gateway Request routed successfully
2026-09-20 08:03:27 level=INFO service=user-service component=user-service request_id=req-724918 trace_id=trace-97316295 user_id=user-8659 status_code=200 latency_ms=130 message="Profile cache warmed"
2026-09-20 08:03:28 INFO notification-service Email queued
2026-09-20 08:03:29 INFO inventory-service Inventory reserved
2026-09-20 08:03:30 DEBUG inventory-service Inventory reserved
2026-09-20 08:03:31 INFO payment-service Refund processed successfully
2026-09-20 08:03:32 INFO payment-service Payment gateway responded 200
2026-09-20 08:03:33 INFO api-gateway Incoming request accepted
2026-09-20 08:03:34 INFO auth-service Token refreshed
2026-09-20 08:03:35 INFO notification-service SMS delivered
2026-09-20 08:03:36 INFO database-service Query executed successfully
2026-09-20 08:03:37 INFO database-service Query executed successfully
2026-09-20 08:03:38 INFO auth-service Token issued
2026-09-20 08:03:39 INFO user-service User profile fetched
2026-09-20 08:03:40 WARNING api-gateway Response sent
2026-09-20 08:03:41 INFO payment-service Refund processed successfully
2026-09-20 08:03:42 INFO scheduler-service Scheduled job completed
2026-09-20 08:03:43 INFO user-service Profile cache warmed
2026-09-20 08:03:44 INFO order-service Order created
2026-09-20 08:03:45 INFO worker-service Job picked up
2026-09-20 08:03:46 INFO api-gateway Response sent
2026-09-20 08:03:47 INFO monitoring-service Health probe OK
2026-09-20 08:03:48 INFO monitoring-service Alert evaluated: no action
2026-09-20 08:03:49 DEBUG redis-service Cache set
2026-09-20 08:03:50 INFO auth-service Session created
2026-09-20 08:03:51 level=INFO service=api-gateway component=api-gateway request_id=req-686523 trace_id=trace-82439596 user_id=user-1627 status_code=200 latency_ms=22 message="Incoming request accepted"
2026-09-20 08:03:52 INFO auth-service User authenticated successfully
2026-09-20 08:03:53 INFO notification-service Email queued
2026-09-20 08:03:54 level=INFO service=scheduler-service component=scheduler-service request_id=req-337486 trace_id=trace-59883574 user_id=user-6522 status_code=200 latency_ms=46 message="Cron tick processed"
2026-09-20 08:03:55 level=INFO service=search-service component=search-service request_id=req-510438 trace_id=trace-68802334 user_id=user-7206 status_code=200 latency_ms=78 message="Query results returned"
2026-09-20 08:03:56 INFO monitoring-service Alert evaluated: no action
2026-09-20 08:03:57 INFO search-service Index refreshed
2026-09-20 08:03:58 level=INFO service=notification-service component=notification-service request_id=req-239202 trace_id=trace-58284174 user_id=user-4989 status_code=200 latency_ms=42 message="SMS delivered"
2026-09-20 08:03:59 INFO notification-service Email queued
2026-09-20 08:04:00 level=INFO service=monitoring-service component=monitoring-service request_id=req-477054 trace_id=trace-16174094 user_id=user-1321 status_code=200 latency_ms=156 message="Metrics scraped"
2026-09-20 08:04:01 INFO notification-service Email queued
2026-09-20 08:04:02 INFO redis-service Cache warmed
2026-09-20 08:04:03 INFO worker-service Job completed successfully
2026-09-20 08:04:04 INFO redis-service Key expired normally
2026-09-20 08:04:05 INFO monitoring-service Metrics scraped
2026-09-20 08:04:06 INFO notification-service SMS delivered
2026-09-20 08:04:07 WARNING order-service Order confirmed
2026-09-20 08:04:08 level=INFO service=monitoring-service component=monitoring-service request_id=req-893213 trace_id=trace-10780585 user_id=user-5532 status_code=200 latency_ms=28 message="Alert evaluated: no action"
2026-09-20 08:04:09 INFO notification-service SMS delivered
2026-09-20 08:04:10 INFO worker-service Job picked up
2026-09-20 08:04:11 INFO search-service Query results returned
2026-09-20 08:04:12 INFO api-gateway Response sent
2026-09-20 08:04:13 INFO worker-service Job completed successfully
2026-09-20 08:04:14 INFO api-gateway Incoming request accepted
2026-09-20 08:04:15 INFO api-gateway Rate limit check passed
2026-09-20 08:04:16 level=INFO service=user-service component=user-service request_id=req-786663 trace_id=trace-81104223 user_id=user-1386 status_code=200 latency_ms=265 message="Profile cache warmed"
2026-09-20 08:04:17 INFO auth-service Session created
2026-09-20 08:04:18 WARNING payment-service Payment request received
2026-09-20 08:04:19 DEBUG monitoring-service Alert evaluated: no action
2026-09-20 08:04:20 INFO payment-service Payment gateway responded 200
2026-09-20 08:04:21 INFO inventory-service Inventory reserved
2026-09-20 08:04:22 INFO user-service User profile fetched
2026-09-20 08:04:23 INFO auth-service User authenticated successfully
2026-09-20 08:04:24 INFO redis-service Key expired normally
2026-09-20 08:04:25 level=INFO service=database-service component=database-service request_id=req-488446 trace_id=trace-28795225 user_id=user-9785 status_code=200 latency_ms=21 message="Transaction committed"
2026-09-20 08:04:26 INFO inventory-service Inventory reserved
2026-09-20 08:04:27 INFO payment-service Payment authorized
2026-09-20 08:04:28 INFO payment-service Refund processed successfully
2026-09-20 08:04:29 level=INFO service=database-service component=database-service request_id=req-228015 trace_id=trace-37952739 user_id=user-2972 status_code=200 latency_ms=200 message="Transaction committed"
2026-09-20 08:04:30 INFO redis-service Cache hit
2026-09-20 08:04:31 level=INFO service=inventory-service component=inventory-service request_id=req-847828 trace_id=trace-10435048 user_id=user-9070 status_code=200 latency_ms=26 message="Inventory reserved"
2026-09-20 08:04:32 INFO order-service Order created
2026-09-20 08:04:33 WARNING scheduler-service Scheduled job started
2026-09-20 08:04:34 level=INFO service=search-service component=search-service request_id=req-595789 trace_id=trace-64648873 user_id=user-3382 status_code=200 latency_ms=93 message="Search query executed"
2026-09-20 08:04:35 INFO monitoring-service Alert evaluated: no action
2026-09-20 08:04:36 INFO search-service Search query executed
2026-09-20 08:04:37 INFO search-service Query results returned
2026-09-20 08:04:38 INFO worker-service Job picked up
2026-09-20 08:04:39 WARNING notification-service Push notification sent
2026-09-20 08:04:40 level=INFO service=notification-service component=notification-service request_id=req-969728 trace_id=trace-26521968 user_id=user-4335 status_code=200 latency_ms=169 message="Push notification sent"
2026-09-20 08:04:41 INFO database-service Transaction committed
2026-09-20 08:04:42 INFO auth-service Logout successful
2026-09-20 08:04:43 INFO payment-service Refund processed successfully
2026-09-20 08:04:44 INFO order-service Order status updated
2026-09-20 08:04:45 level=INFO service=notification-service component=notification-service request_id=req-875146 trace_id=trace-52294327 user_id=user-5586 status_code=200 latency_ms=171 message="SMS delivered"
2026-09-20 08:04:46 WARNING inventory-service Inventory released
2026-09-20 08:04:47 DEBUG inventory-service Inventory released
2026-09-20 08:04:48 INFO payment-service Refund processed successfully
2026-09-20 08:04:49 INFO monitoring-service Metrics scraped
2026-09-20 08:04:50 INFO search-service Index refreshed
2026-09-20 08:04:51 INFO monitoring-service Alert evaluated: no action
2026-09-20 08:04:52 level=INFO service=auth-service component=auth-service request_id=req-352367 trace_id=trace-39798819 user_id=user-9489 status_code=200 latency_ms=122 message="Token refreshed"
2026-09-20 08:04:53 level=INFO service=redis-service component=redis-service request_id=req-104264 trace_id=trace-29485157 user_id=user-6314 status_code=200 latency_ms=212 message="Cache set"
2026-09-20 08:04:54 INFO api-gateway TLS handshake completed
2026-09-20 08:04:55 level=DEBUG service=database-service component=database-service request_id=req-357067 trace_id=trace-83319050 user_id=user-8135 status_code=200 latency_ms=173 message="Query executed successfully"
2026-09-20 08:04:56 INFO notification-service Push notification sent
2026-09-20 08:04:57 INFO monitoring-service Metrics scraped
2026-09-20 08:04:58 INFO scheduler-service Scheduled job completed
2026-09-20 08:04:59 level=INFO service=redis-service component=redis-service request_id=req-130349 trace_id=trace-57905434 user_id=user-4361 status_code=200 latency_ms=272 message="Cache warmed"
2026-09-20 08:05:00 INFO database-service Query executed successfully
2026-09-20 08:05:01 level=INFO service=monitoring-service component=monitoring-service request_id=req-691648 trace_id=trace-71793048 user_id=user-1484 status_code=200 latency_ms=37 message="Metrics scraped"
2026-09-20 08:05:02 INFO payment-service Payment gateway responded 200
2026-09-20 08:05:03 INFO order-service Order created
2026-09-20 08:05:04 level=INFO service=database-service component=database-service request_id=req-690813 trace_id=trace-78049544 user_id=user-7783 status_code=200 latency_ms=16 message="Index scan completed"
2026-09-20 08:05:05 INFO user-service User preferences updated
2026-09-20 08:05:06 INFO worker-service Job completed successfully
2026-09-20 08:05:07 INFO search-service Search query executed
2026-09-20 08:05:08 INFO notification-service SMS delivered
2026-09-20 08:05:09 INFO redis-service Cache set
2026-09-20 08:05:10 INFO api-gateway Health check OK
2026-09-20 08:05:11 INFO redis-service Cache warmed
2026-09-20 08:05:12 INFO api-gateway Request routed successfully
2026-09-20 08:05:13 INFO search-service Query results returned
2026-09-20 08:05:14 INFO worker-service Job completed successfully
2026-09-20 08:05:15 level=DEBUG service=database-service component=database-service request_id=req-656974 trace_id=trace-38471323 user_id=user-5331 status_code=200 latency_ms=46 message="Query executed successfully"
2026-09-20 08:05:16 INFO redis-service Key expired normally
2026-09-20 08:05:17 INFO order-service Order status updated
2026-09-20 08:05:18 INFO api-gateway Rate limit check passed
2026-09-20 08:05:19 INFO redis-service Key expired normally
2026-09-20 08:05:20 INFO monitoring-service Health probe OK
2026-09-20 08:05:21 INFO database-service Connection acquired from pool
2026-09-20 08:05:22 INFO auth-service User authenticated successfully
2026-09-20 08:05:23 INFO redis-service Cache warmed
2026-09-20 08:05:24 level=INFO service=scheduler-service component=scheduler-service request_id=req-766279 trace_id=trace-50760958 user_id=user-4646 status_code=200 latency_ms=258 message="Scheduled job completed"
2026-09-20 08:05:25 DEBUG worker-service Job completed successfully
2026-09-20 08:05:26 INFO api-gateway Health check OK
2026-09-20 08:05:27 INFO auth-service Token refreshed
2026-09-20 08:05:28 INFO user-service User preferences updated
2026-09-20 08:05:29 INFO redis-service Cache hit
2026-09-20 08:05:30 INFO payment-service Payment captured
2026-09-20 08:05:31 INFO worker-service Worker heartbeat OK
2026-09-20 08:05:32 INFO user-service User created
2026-09-20 08:05:33 INFO payment-service Payment captured
2026-09-20 08:05:34 INFO auth-service Logout successful
2026-09-20 08:05:35 INFO scheduler-service Scheduled job started
2026-09-20 08:05:36 WARNING database-service Connection acquired from pool
2026-09-20 08:05:37 INFO scheduler-service Scheduled job completed
2026-09-20 08:05:38 level=INFO service=search-service component=search-service request_id=req-423913 trace_id=trace-11883615 user_id=user-8217 status_code=200 latency_ms=285 message="Index refreshed"
2026-09-20 08:05:39 INFO redis-service Cache warmed
2026-09-20 08:05:40 INFO api-gateway Rate limit check passed
2026-09-20 08:05:41 level=INFO service=order-service component=order-service request_id=req-635820 trace_id=trace-98879522 user_id=user-6187 status_code=200 latency_ms=263 message="Order status updated"
2026-09-20 08:05:42 INFO notification-service Email queued
2026-09-20 08:05:43 level=INFO service=inventory-service component=inventory-service request_id=req-689526 trace_id=trace-66627916 user_id=user-7584 status_code=200 latency_ms=186 message="Inventory reserved"
2026-09-20 08:05:44 INFO database-service Connection acquired from pool
2026-09-20 08:05:45 level=WARNING service=api-gateway component=api-gateway request_id=req-595115 trace_id=trace-92663590 user_id=user-5445 status_code=200 latency_ms=230 message="Health check OK"
2026-09-20 08:05:46 level=INFO service=api-gateway component=api-gateway request_id=req-209275 trace_id=trace-40556625 user_id=user-9466 status_code=200 latency_ms=148 message="Request routed successfully"
2026-09-20 08:05:47 INFO auth-service Token issued
2026-09-20 08:05:48 INFO worker-service Job picked up
2026-09-20 08:05:49 INFO search-service Search query executed
2026-09-20 08:05:50 INFO worker-service Worker heartbeat OK
2026-09-20 08:05:51 INFO auth-service Token refreshed
2026-09-20 08:05:52 INFO redis-service Cache set
2026-09-20 08:05:53 level=WARNING service=notification-service component=notification-service request_id=req-491040 trace_id=trace-76738102 user_id=user-5402 status_code=200 latency_ms=220 message="Email queued"
2026-09-20 08:05:54 INFO worker-service Worker heartbeat OK
2026-09-20 08:05:55 INFO user-service User profile fetched
2026-09-20 08:05:56 level=INFO service=monitoring-service component=monitoring-service request_id=req-757348 trace_id=trace-59074360 user_id=user-1066 status_code=200 latency_ms=133 message="Health probe OK"
2026-09-20 08:05:57 INFO worker-service Job picked up
2026-09-20 08:05:58 INFO auth-service Session created
2026-09-20 08:05:59 INFO notification-service Email queued
2026-09-20 08:06:00 INFO notification-service SMS delivered
2026-09-20 08:06:01 level=INFO service=search-service component=search-service request_id=req-550562 trace_id=trace-62643935 user_id=user-6826 status_code=200 latency_ms=69 message="Search query executed"
2026-09-20 08:06:02 INFO worker-service Job completed successfully
2026-09-20 08:06:03 level=INFO service=order-service component=order-service request_id=req-597623 trace_id=trace-79649251 user_id=user-5403 status_code=200 latency_ms=64 message="Order confirmed"
2026-09-20 08:06:04 INFO notification-service SMS delivered
2026-09-20 08:06:05 INFO scheduler-service Cron tick processed
2026-09-20 08:06:06 INFO monitoring-service Alert evaluated: no action
2026-09-20 08:06:07 INFO scheduler-service Cron tick processed
2026-09-20 08:06:08 INFO search-service Index refreshed
2026-09-20 08:06:09 level=INFO service=user-service component=user-service request_id=req-516113 trace_id=trace-60132517 user_id=user-7551 status_code=200 latency_ms=225 message="User preferences updated"
2026-09-20 08:06:10 INFO search-service Search query executed
2026-09-20 08:06:11 INFO api-gateway TLS handshake completed
2026-09-20 08:06:12 INFO monitoring-service Metrics scraped
2026-09-20 08:06:13 level=INFO service=payment-service component=payment-service request_id=req-474970 trace_id=trace-14499652 user_id=user-1367 status_code=200 latency_ms=90 message="Payment captured"
2026-09-20 08:06:14 INFO notification-service Email queued
2026-09-20 08:06:15 level=INFO service=notification-service component=notification-service request_id=req-899839 trace_id=trace-65552368 user_id=user-6544 status_code=200 latency_ms=171 message="Push notification sent"
2026-09-20 08:06:16 level=INFO service=auth-service component=auth-service request_id=req-301812 trace_id=trace-48177955 user_id=user-9177 status_code=200 latency_ms=178 message="Token refreshed"
2026-09-20 08:06:17 level=INFO service=database-service component=database-service request_id=req-115596 trace_id=trace-31067123 user_id=user-9328 status_code=200 latency_ms=225 message="Transaction committed"
2026-09-20 08:06:18 level=INFO service=inventory-service component=inventory-service request_id=req-663593 trace_id=trace-76911958 user_id=user-6625 status_code=200 latency_ms=296 message="Inventory reserved"
2026-09-20 08:06:19 INFO inventory-service Inventory released
2026-09-20 08:06:20 level=INFO service=inventory-service component=inventory-service request_id=req-858789 trace_id=trace-19362037 user_id=user-6640 status_code=200 latency_ms=148 message="Inventory released"
2026-09-20 08:06:21 INFO inventory-service Inventory released
2026-09-20 08:06:22 INFO auth-service User authenticated successfully
2026-09-20 08:06:23 INFO payment-service Payment captured
2026-09-20 08:06:24 INFO api-gateway Health check OK
2026-09-20 08:06:25 INFO auth-service Session created
2026-09-20 08:06:26 level=INFO service=order-service component=order-service request_id=req-721955 trace_id=trace-51484355 user_id=user-6653 status_code=200 latency_ms=89 message="Order shipped"
2026-09-20 08:06:27 INFO worker-service Job completed successfully
2026-09-20 08:06:28 INFO database-service Transaction committed
2026-09-20 08:06:29 INFO api-gateway Incoming request accepted
2026-09-20 08:06:30 INFO auth-service Session created
2026-09-20 08:06:31 INFO search-service Query results returned
2026-09-20 08:06:32 level=INFO service=user-service component=user-service request_id=req-529991 trace_id=trace-70489549 user_id=user-2220 status_code=200 latency_ms=20 message="User created"
2026-09-20 08:06:33 DEBUG api-gateway Response sent
2026-09-20 08:06:34 INFO order-service Order confirmed
2026-09-20 08:06:35 level=INFO service=auth-service component=auth-service request_id=req-237504 trace_id=trace-26254014 user_id=user-3108 status_code=200 latency_ms=147 message="Token issued"
2026-09-20 08:06:36 INFO redis-service Key expired normally
2026-09-20 08:06:37 INFO search-service Search query executed
2026-09-20 08:06:38 INFO monitoring-service Alert evaluated: no action
2026-09-20 08:06:39 INFO api-gateway Rate limit check passed
2026-09-20 08:06:40 INFO search-service Index refreshed
2026-09-20 08:06:41 INFO redis-service Cache set
2026-09-20 08:06:42 INFO inventory-service Inventory reserved
2026-09-20 08:06:43 INFO worker-service Job picked up
2026-09-20 08:06:44 INFO order-service Order status updated
2026-09-20 08:06:45 INFO redis-service Cache warmed
2026-09-20 08:06:46 INFO user-service User preferences updated
2026-09-20 08:06:47 INFO search-service Search query executed
2026-09-20 08:06:48 INFO database-service Transaction committed
2026-09-20 08:06:49 level=DEBUG service=search-service component=search-service request_id=req-263626 trace_id=trace-80202195 user_id=user-3679 status_code=200 latency_ms=78 message="Index refreshed"
2026-09-20 08:06:50 level=INFO service=payment-service component=payment-service request_id=req-768349 trace_id=trace-30426411 user_id=user-2550 status_code=200 latency_ms=172 message="Payment request received"
2026-09-20 08:06:51 INFO worker-service Job completed successfully
2026-09-20 08:06:52 INFO monitoring-service Alert evaluated: no action
2026-09-20 08:06:53 level=INFO service=user-service component=user-service request_id=req-487891 trace_id=trace-13792897 user_id=user-8273 status_code=200 latency_ms=44 message="Profile cache warmed"
2026-09-20 08:06:54 INFO api-gateway TLS handshake completed
2026-09-20 08:06:55 INFO worker-service Job picked up
2026-09-20 08:06:56 level=INFO service=user-service component=user-service request_id=req-848467 trace_id=trace-98150417 user_id=user-4312 status_code=200 latency_ms=145 message="Profile cache warmed"
2026-09-20 08:06:57 level=INFO service=auth-service component=auth-service request_id=req-735823 trace_id=trace-80501333 user_id=user-1861 status_code=200 latency_ms=268 message="Session created"
2026-09-20 08:06:58 INFO order-service Order created
2026-09-20 08:06:59 WARNING search-service Query results returned
2026-09-20 08:07:00 INFO user-service Profile cache warmed
2026-09-20 08:07:01 level=INFO service=inventory-service component=inventory-service request_id=req-976402 trace_id=trace-36194518 user_id=user-7370 status_code=200 latency_ms=237 message="Inventory released"
2026-09-20 08:07:02 INFO search-service Query results returned
2026-09-20 08:07:03 INFO order-service Order confirmed
2026-09-20 08:07:04 INFO inventory-service Inventory released
2026-09-20 08:07:05 INFO auth-service Session created
2026-09-20 08:07:06 INFO scheduler-service Scheduled job started
2026-09-20 08:07:07 INFO inventory-service Inventory released
2026-09-20 08:07:08 INFO inventory-service Inventory reserved
2026-09-20 08:07:09 INFO monitoring-service Alert evaluated: no action
2026-09-20 08:07:10 INFO payment-service Payment captured
2026-09-20 08:07:11 WARNING user-service User profile fetched
2026-09-20 08:07:12 level=INFO service=database-service component=database-service request_id=req-772290 trace_id=trace-50098801 user_id=user-9111 status_code=200 latency_ms=124 message="Connection acquired from pool"
2026-09-20 08:07:13 INFO inventory-service Stock level checked
2026-09-20 08:07:14 INFO notification-service Push notification sent
2026-09-20 08:07:15 INFO worker-service Job picked up
2026-09-20 08:07:16 level=DEBUG service=monitoring-service component=monitoring-service request_id=req-544754 trace_id=trace-51297732 user_id=user-6845 status_code=200 latency_ms=285 message="Metrics scraped"
2026-09-20 08:07:17 level=INFO service=redis-service component=redis-service request_id=req-468086 trace_id=trace-26189956 user_id=user-3051 status_code=200 latency_ms=17 message="Cache warmed"
2026-09-20 08:07:18 level=INFO service=inventory-service component=inventory-service request_id=req-302669 trace_id=trace-22825011 user_id=user-1045 status_code=200 latency_ms=230 message="Inventory released"
2026-09-20 08:07:19 INFO inventory-service Inventory reserved
2026-09-20 08:07:20 level=WARNING service=notification-service component=notification-service request_id=req-590381 trace_id=trace-95053367 user_id=user-3748 status_code=200 latency_ms=299 message="Email queued"
2026-09-20 08:07:21 INFO scheduler-service Scheduled job completed
2026-09-20 08:07:22 level=INFO service=monitoring-service component=monitoring-service request_id=req-809177 trace_id=trace-92009944 user_id=user-8794 status_code=200 latency_ms=278 message="Metrics scraped"
2026-09-20 08:07:23 INFO inventory-service Stock level checked
2026-09-20 08:07:24 INFO inventory-service Inventory reserved
2026-09-20 08:07:25 INFO user-service User preferences updated
2026-09-20 08:07:26 INFO api-gateway Incoming request accepted
2026-09-20 08:07:27 INFO scheduler-service Cron tick processed
2026-09-20 08:07:28 INFO worker-service Job picked up
2026-09-20 08:07:29 INFO search-service Index refreshed
2026-09-20 08:07:30 INFO worker-service Worker heartbeat OK
2026-09-20 08:07:31 INFO worker-service Job picked up
2026-09-20 08:07:32 WARNING api-gateway TLS handshake completed
2026-09-20 08:07:33 level=INFO service=monitoring-service component=monitoring-service request_id=req-572348 trace_id=trace-40671219 user_id=user-7783 status_code=200 latency_ms=196 message="Alert evaluated: no action"
2026-09-20 08:07:34 level=INFO service=redis-service component=redis-service request_id=req-667947 trace_id=trace-30945326 user_id=user-6727 status_code=200 latency_ms=71 message="Cache warmed"
2026-09-20 08:07:35 INFO payment-service Payment request received
2026-09-20 08:07:36 INFO user-service Profile cache warmed
2026-09-20 08:07:37 level=INFO service=api-gateway component=api-gateway request_id=req-968925 trace_id=trace-60101486 user_id=user-7787 status_code=200 latency_ms=157 message="Response sent"
2026-09-20 08:07:38 WARNING notification-service Email queued
2026-09-20 08:07:39 INFO monitoring-service Health probe OK
2026-09-20 08:07:40 DEBUG monitoring-service Metrics scraped
2026-09-20 08:07:41 INFO api-gateway Health check OK
2026-09-20 08:07:42 INFO api-gateway Request routed successfully
2026-09-20 08:07:43 INFO notification-service Push notification sent
2026-09-20 08:07:44 INFO scheduler-service Scheduled job completed
2026-09-20 08:07:45 INFO worker-service Job completed successfully
2026-09-20 08:07:46 INFO database-service Connection acquired from pool
2026-09-20 08:07:47 level=INFO service=database-service component=database-service request_id=req-453959 trace_id=trace-10364374 user_id=user-8097 status_code=200 latency_ms=45 message="Transaction committed"
2026-09-20 08:07:48 INFO redis-service Cache hit
2026-09-20 08:07:49 level=INFO service=monitoring-service component=monitoring-service request_id=req-546929 trace_id=trace-34940207 user_id=user-2921 status_code=200 latency_ms=167 message="Metrics scraped"
2026-09-20 08:07:50 INFO order-service Order created
2026-09-20 08:07:51 level=INFO service=payment-service component=payment-service request_id=req-330401 trace_id=trace-11703582 user_id=user-6275 status_code=200 latency_ms=251 message="Payment captured"
2026-09-20 08:07:52 level=INFO service=user-service component=user-service request_id=req-614579 trace_id=trace-80891822 user_id=user-2151 status_code=200 latency_ms=15 message="User created"
2026-09-20 08:07:53 level=INFO service=worker-service component=worker-service request_id=req-165442 trace_id=trace-87242425 user_id=user-7190 status_code=200 latency_ms=118 message="Job completed successfully"
2026-09-20 08:07:54 INFO payment-service Payment request received
2026-09-20 08:07:55 INFO api-gateway Request routed successfully
2026-09-20 08:07:56 level=INFO service=api-gateway component=api-gateway request_id=req-382270 trace_id=trace-25893187 user_id=user-2959 status_code=200 latency_ms=45 message="Incoming request accepted"
2026-09-20 08:07:57 INFO database-service Index scan completed
2026-09-20 08:07:58 INFO notification-service Email queued
2026-09-20 08:07:59 INFO order-service Order created
2026-09-20 08:08:00 INFO search-service Search query executed
2026-09-20 08:08:01 INFO order-service Order created
2026-09-20 08:08:02 level=INFO service=auth-service component=auth-service request_id=req-802054 trace_id=trace-75778494 user_id=user-9864 status_code=200 latency_ms=277 message="Logout successful"
2026-09-20 08:08:03 INFO redis-service Cache warmed
2026-09-20 08:08:04 level=INFO service=search-service component=search-service request_id=req-577384 trace_id=trace-56736705 user_id=user-7607 status_code=200 latency_ms=125 message="Query results returned"
2026-09-20 08:08:05 INFO redis-service Cache warmed
2026-09-20 08:08:06 WARNING database-service Connection acquired from pool
2026-09-20 08:08:07 DEBUG user-service User profile fetched
2026-09-20 08:08:08 INFO database-service Transaction committed
2026-09-20 08:08:09 level=INFO service=inventory-service component=inventory-service request_id=req-993413 trace_id=trace-39001880 user_id=user-7302 status_code=200 latency_ms=114 message="Inventory reserved"
2026-09-20 08:08:10 level=INFO service=database-service component=database-service request_id=req-500407 trace_id=trace-69871545 user_id=user-9550 status_code=200 latency_ms=182 message="Query executed successfully"
2026-09-20 08:08:11 level=INFO service=payment-service component=payment-service request_id=req-291376 trace_id=trace-49429976 user_id=user-7647 status_code=200 latency_ms=288 message="Payment gateway responded 200"
2026-09-20 08:08:12 INFO order-service Order created
2026-09-20 08:08:13 level=INFO service=database-service component=database-service request_id=req-802659 trace_id=trace-95882574 user_id=user-3747 status_code=200 latency_ms=157 message="Transaction committed"
2026-09-20 08:08:14 INFO worker-service Job picked up
2026-09-20 08:08:15 INFO inventory-service Inventory reserved
2026-09-20 08:08:16 WARNING database-service Query executed successfully
2026-09-20 08:08:17 level=INFO service=payment-service component=payment-service request_id=req-637560 trace_id=trace-20007391 user_id=user-4953 status_code=200 latency_ms=69 message="Payment gateway responded 200"
2026-09-20 08:08:18 level=INFO service=notification-service component=notification-service request_id=req-723002 trace_id=trace-16463786 user_id=user-5978 status_code=200 latency_ms=240 message="Email queued"
2026-09-20 08:08:19 INFO notification-service Push notification sent
2026-09-20 08:08:20 INFO api-gateway TLS handshake completed
2026-09-20 08:08:21 INFO payment-service Payment gateway responded 200
2026-09-20 08:08:22 INFO search-service Search query executed
2026-09-20 08:08:23 INFO search-service Query results returned
2026-09-20 08:08:24 INFO payment-service Payment authorized
2026-09-20 08:08:25 INFO redis-service Cache hit
2026-09-20 08:08:26 WARNING notification-service Email queued
2026-09-20 08:08:27 INFO redis-service Key expired normally
2026-09-20 08:08:28 INFO payment-service Refund processed successfully
2026-09-20 08:08:29 INFO notification-service Push notification sent
2026-09-20 08:08:30 INFO worker-service Worker heartbeat OK
2026-09-20 08:08:31 level=INFO service=api-gateway component=api-gateway request_id=req-458913 trace_id=trace-79642700 user_id=user-6646 status_code=200 latency_ms=30 message="Incoming request accepted"
2026-09-20 08:08:32 INFO redis-service Cache hit
2026-09-20 08:08:33 INFO worker-service Worker heartbeat OK
2026-09-20 08:08:34 level=INFO service=scheduler-service component=scheduler-service request_id=req-135108 trace_id=trace-40933521 user_id=user-1962 status_code=200 latency_ms=18 message="Scheduled job completed"
2026-09-20 08:08:35 INFO user-service User profile fetched
2026-09-20 08:08:36 INFO redis-service Cache hit
2026-09-20 08:08:37 level=INFO service=search-service component=search-service request_id=req-819595 trace_id=trace-51623014 user_id=user-5976 status_code=200 latency_ms=92 message="Index refreshed"
2026-09-20 08:08:38 INFO worker-service Job completed successfully
2026-09-20 08:08:39 INFO payment-service Payment gateway responded 200
2026-09-20 08:08:40 level=INFO service=inventory-service component=inventory-service request_id=req-178940 trace_id=trace-90407654 user_id=user-1620 status_code=200 latency_ms=200 message="Stock level checked"
2026-09-20 08:08:41 level=DEBUG service=payment-service component=payment-service request_id=req-753014 trace_id=trace-27970818 user_id=user-3374 status_code=200 latency_ms=149 message="Refund processed successfully"
2026-09-20 08:08:42 INFO database-service Index scan completed
2026-09-20 08:08:43 INFO database-service Transaction committed
2026-09-20 08:08:44 level=INFO service=worker-service component=worker-service request_id=req-877408 trace_id=trace-59758668 user_id=user-5324 status_code=200 latency_ms=199 message="Worker heartbeat OK"
2026-09-20 08:08:45 INFO user-service User created
2026-09-20 08:08:46 INFO auth-service Logout successful
2026-09-20 08:08:47 INFO payment-service Payment captured
2026-09-20 08:08:48 INFO search-service Search query executed
2026-09-20 08:08:49 level=INFO service=inventory-service component=inventory-service request_id=req-899863 trace_id=trace-58654286 user_id=user-7036 status_code=200 latency_ms=294 message="Stock level checked"
2026-09-20 08:08:50 WARNING monitoring-service Metrics scraped
2026-09-20 08:08:51 INFO user-service User profile fetched
2026-09-20 08:08:52 level=INFO service=user-service component=user-service request_id=req-274939 trace_id=trace-52919880 user_id=user-3451 status_code=200 latency_ms=178 message="User preferences updated"
2026-09-20 08:08:53 level=WARNING service=worker-service component=worker-service request_id=req-363313 trace_id=trace-29427364 user_id=user-2572 status_code=200 latency_ms=135 message="Job picked up"
2026-09-20 08:08:54 INFO scheduler-service Scheduled job completed
2026-09-20 08:08:55 INFO database-service Index scan completed
2026-09-20 08:08:56 INFO notification-service Email queued
2026-09-20 08:08:57 INFO user-service User profile fetched
2026-09-20 08:08:58 INFO order-service Order shipped
2026-09-20 08:08:59 INFO scheduler-service Scheduled job completed
2026-09-20 08:09:00 level=INFO service=auth-service component=auth-service request_id=req-266971 trace_id=trace-79711586 user_id=user-7210 status_code=200 latency_ms=292 message="Token refreshed"
2026-09-20 08:09:01 INFO auth-service Token refreshed
2026-09-20 08:09:02 INFO scheduler-service Scheduled job started
2026-09-20 08:09:03 INFO scheduler-service Scheduled job completed
2026-09-20 08:09:04 INFO auth-service Token refreshed
2026-09-20 08:09:05 level=INFO service=database-service component=database-service request_id=req-485026 trace_id=trace-57252720 user_id=user-9822 status_code=200 latency_ms=45 message="Index scan completed"
2026-09-20 08:09:06 INFO auth-service Token issued
2026-09-20 08:09:07 INFO monitoring-service Alert evaluated: no action
2026-09-20 08:09:08 WARNING notification-service Push notification sent
2026-09-20 08:09:09 INFO payment-service Payment authorized
2026-09-20 08:09:10 level=INFO service=worker-service component=worker-service request_id=req-976132 trace_id=trace-50364739 user_id=user-2563 status_code=200 latency_ms=125 message="Worker heartbeat OK"
2026-09-20 08:09:11 INFO order-service Order status updated
2026-09-20 08:09:12 INFO inventory-service Inventory released
2026-09-20 08:09:13 INFO scheduler-service Scheduled job started
2026-09-20 08:09:14 INFO payment-service Refund processed successfully
2026-09-20 08:09:15 INFO search-service Search query executed
2026-09-20 08:09:16 level=INFO service=monitoring-service component=monitoring-service request_id=req-665837 trace_id=trace-88292466 user_id=user-2232 status_code=200 latency_ms=109 message="Health probe OK"
2026-09-20 08:09:17 INFO monitoring-service Metrics scraped
2026-09-20 08:09:18 INFO monitoring-service Alert evaluated: no action
2026-09-20 08:09:19 INFO notification-service Push notification sent
2026-09-20 08:09:20 INFO scheduler-service Scheduled job started
2026-09-20 08:09:21 INFO database-service Index scan completed
2026-09-20 08:09:22 INFO order-service Order confirmed
2026-09-20 08:09:23 level=INFO service=notification-service component=notification-service request_id=req-788707 trace_id=trace-37583447 user_id=user-5597 status_code=200 latency_ms=292 message="Email queued"
2026-09-20 08:09:24 INFO monitoring-service Health probe OK
2026-09-20 08:09:25 WARNING monitoring-service Alert evaluated: no action
2026-09-20 08:09:26 INFO scheduler-service Scheduled job started
2026-09-20 08:09:27 level=INFO service=database-service component=database-service request_id=req-698004 trace_id=trace-89540293 user_id=user-4316 status_code=200 latency_ms=236 message="Index scan completed"
2026-09-20 08:09:28 level=INFO service=search-service component=search-service request_id=req-789987 trace_id=trace-81038862 user_id=user-4271 status_code=200 latency_ms=211 message="Index refreshed"
2026-09-20 08:09:29 level=INFO service=redis-service component=redis-service request_id=req-710496 trace_id=trace-79296165 user_id=user-7188 status_code=200 latency_ms=89 message="Cache set"
2026-09-20 08:09:30 INFO api-gateway Health check OK
2026-09-20 08:09:31 INFO inventory-service Stock level checked
2026-09-20 08:09:32 INFO user-service User preferences updated
2026-09-20 08:09:33 INFO inventory-service Inventory reserved
2026-09-20 08:09:34 INFO worker-service Job picked up
2026-09-20 08:09:35 INFO api-gateway Incoming request accepted
2026-09-20 08:09:36 level=INFO service=payment-service component=payment-service request_id=req-672835 trace_id=trace-92470366 user_id=user-1027 status_code=200 latency_ms=285 message="Payment captured"
2026-09-20 08:09:37 WARNING worker-service Worker heartbeat OK
2026-09-20 08:09:38 INFO monitoring-service Health probe OK
2026-09-20 08:09:39 INFO redis-service Cache hit
2026-09-20 08:09:40 INFO order-service Order confirmed
2026-09-20 08:09:41 level=INFO service=user-service component=user-service request_id=req-636177 trace_id=trace-13938678 user_id=user-9316 status_code=200 latency_ms=226 message="User profile fetched"
2026-09-20 08:09:42 INFO worker-service Worker heartbeat OK
2026-09-20 08:09:43 level=INFO service=order-service component=order-service request_id=req-240856 trace_id=trace-25157133 user_id=user-4250 status_code=200 latency_ms=264 message="Order shipped"
2026-09-20 08:09:44 INFO auth-service Session created
2026-09-20 08:09:45 INFO notification-service SMS delivered
2026-09-20 08:09:46 INFO user-service User profile fetched
2026-09-20 08:09:47 level=INFO service=payment-service component=payment-service request_id=req-344250 trace_id=trace-78783479 user_id=user-5866 status_code=200 latency_ms=170 message="Payment gateway responded 200"
2026-09-20 08:09:48 INFO scheduler-service Cron tick processed
2026-09-20 08:09:49 WARNING search-service Index refreshed
2026-09-20 08:09:50 level=INFO service=notification-service component=notification-service request_id=req-227432 trace_id=trace-84643766 user_id=user-1539 status_code=200 latency_ms=299 message="Push notification sent"
2026-09-20 08:09:51 INFO payment-service Refund processed successfully
2026-09-20 08:09:52 level=INFO service=auth-service component=auth-service request_id=req-505218 trace_id=trace-57889564 user_id=user-8221 status_code=200 latency_ms=96 message="Token issued"
2026-09-20 08:09:53 level=INFO service=order-service component=order-service request_id=req-212080 trace_id=trace-27841713 user_id=user-2182 status_code=200 latency_ms=123 message="Order confirmed"
2026-09-20 08:09:54 INFO database-service Index scan completed
2026-09-20 08:09:55 level=INFO service=api-gateway component=api-gateway request_id=req-617923 trace_id=trace-52240254 user_id=user-9616 status_code=200 latency_ms=86 message="TLS handshake completed"
2026-09-20 08:09:56 INFO redis-service Cache hit
2026-09-20 08:09:57 INFO search-service Search query executed
2026-09-20 08:09:58 INFO api-gateway Request routed successfully
2026-09-20 08:09:59 INFO auth-service Token issued
2026-09-20 08:10:00 level=INFO service=payment-service component=payment-service request_id=req-336188 trace_id=trace-23000847 user_id=user-1696 status_code=200 latency_ms=191 message="Payment gateway responded 200"
2026-09-20 08:10:01 WARNING api-gateway Request routed successfully
2026-09-20 08:10:02 level=INFO service=worker-service component=worker-service request_id=req-768187 trace_id=trace-32803202 user_id=user-3557 status_code=200 latency_ms=218 message="Job completed successfully"
2026-09-20 08:10:03 level=INFO service=user-service component=user-service request_id=req-133542 trace_id=trace-33706474 user_id=user-1489 status_code=200 latency_ms=244 message="User profile fetched"
2026-09-20 08:10:04 INFO search-service Query results returned
2026-09-20 08:10:05 level=INFO service=payment-service component=payment-service request_id=req-507022 trace_id=trace-92695662 user_id=user-7349 status_code=200 latency_ms=156 message="Payment captured"
2026-09-20 08:10:06 INFO payment-service Payment authorized
2026-09-20 08:10:07 level=INFO service=api-gateway component=api-gateway request_id=req-264332 trace_id=trace-14875690 user_id=user-5625 status_code=200 latency_ms=266 message="Incoming request accepted"
2026-09-20 08:10:08 DEBUG inventory-service Inventory released
2026-09-20 08:10:09 DEBUG redis-service Cache set
2026-09-20 08:10:10 INFO inventory-service Stock level checked
2026-09-20 08:10:11 WARNING payment-service Payment authorized
2026-09-20 08:10:12 WARNING inventory-service Stock level checked
2026-09-20 08:10:13 INFO search-service Search query executed
2026-09-20 08:10:14 INFO api-gateway Rate limit check passed
2026-09-20 08:10:15 level=INFO service=monitoring-service component=monitoring-service request_id=req-789466 trace_id=trace-26854438 user_id=user-1480 status_code=200 latency_ms=128 message="Health probe OK"
2026-09-20 08:10:16 level=INFO service=search-service component=search-service request_id=req-407669 trace_id=trace-10016176 user_id=user-8827 status_code=200 latency_ms=91 message="Search query executed"
2026-09-20 08:10:17 INFO order-service Order confirmed
2026-09-20 08:10:18 INFO worker-service Job completed successfully
2026-09-20 08:10:19 INFO user-service User preferences updated
2026-09-20 08:10:20 INFO user-service User created
2026-09-20 08:10:21 INFO user-service User profile fetched
2026-09-20 08:10:22 level=DEBUG service=redis-service component=redis-service request_id=req-412941 trace_id=trace-23686405 user_id=user-7420 status_code=200 latency_ms=297 message="Cache hit"
2026-09-20 08:10:23 INFO auth-service Session created
2026-09-20 08:10:24 INFO payment-service Refund processed successfully
2026-09-20 08:10:25 INFO worker-service Job completed successfully
2026-09-20 08:10:26 DEBUG monitoring-service Alert evaluated: no action
2026-09-20 08:10:27 INFO worker-service Job completed successfully
2026-09-20 08:10:28 INFO inventory-service Inventory released
2026-09-20 08:10:29 INFO order-service Order shipped
2026-09-20 08:10:30 INFO api-gateway Request routed successfully
2026-09-20 08:10:31 level=DEBUG service=search-service component=search-service request_id=req-493532 trace_id=trace-56715435 user_id=user-2722 status_code=200 latency_ms=63 message="Search query executed"
2026-09-20 08:10:32 level=INFO service=search-service component=search-service request_id=req-984027 trace_id=trace-89703171 user_id=user-2836 status_code=200 latency_ms=23 message="Query results returned"
2026-09-20 08:10:33 INFO database-service Query executed successfully
2026-09-20 08:10:34 INFO inventory-service Inventory released
2026-09-20 08:10:35 INFO auth-service Session created
2026-09-20 08:10:36 INFO inventory-service Inventory reserved
2026-09-20 08:10:37 level=INFO service=notification-service component=notification-service request_id=req-757766 trace_id=trace-48087525 user_id=user-4215 status_code=200 latency_ms=278 message="SMS delivered"
2026-09-20 08:10:38 INFO scheduler-service Scheduled job completed
2026-09-20 08:10:39 INFO redis-service Cache warmed
2026-09-20 08:10:40 DEBUG auth-service User authenticated successfully
2026-09-20 08:10:41 WARNING redis-service Cache hit
2026-09-20 08:10:42 level=INFO service=user-service component=user-service request_id=req-494888 trace_id=trace-49641773 user_id=user-2448 status_code=200 latency_ms=264 message="User created"
2026-09-20 08:10:43 INFO order-service Order confirmed
2026-09-20 08:10:44 level=INFO service=scheduler-service component=scheduler-service request_id=req-409785 trace_id=trace-55246912 user_id=user-4569 status_code=200 latency_ms=239 message="Scheduled job completed"
2026-09-20 08:10:45 INFO payment-service Payment captured
2026-09-20 08:10:46 DEBUG inventory-service Inventory released
2026-09-20 08:10:47 INFO api-gateway Response sent
2026-09-20 08:10:48 INFO notification-service Push notification sent
2026-09-20 08:10:49 WARNING user-service Profile cache warmed
2026-09-20 08:10:50 INFO order-service Order status updated
2026-09-20 08:10:51 INFO search-service Index refreshed
2026-09-20 08:10:52 level=WARNING service=api-gateway component=api-gateway request_id=req-267233 trace_id=trace-45040338 user_id=user-6298 status_code=200 latency_ms=281 message="Response sent"
2026-09-20 08:10:53 INFO api-gateway Request routed successfully
2026-09-20 08:10:54 level=INFO service=notification-service component=notification-service request_id=req-538663 trace_id=trace-10809415 user_id=user-8203 status_code=200 latency_ms=116 message="Push notification sent"
2026-09-20 08:10:55 INFO order-service Order created
2026-09-20 08:10:56 level=INFO service=api-gateway component=api-gateway request_id=req-311973 trace_id=trace-98683286 user_id=user-2315 status_code=200 latency_ms=180 message="Rate limit check passed"
2026-09-20 08:10:57 INFO user-service User profile fetched
2026-09-20 08:10:58 level=WARNING service=auth-service component=auth-service request_id=req-413701 trace_id=trace-19296436 user_id=user-9057 status_code=200 latency_ms=192 message="Logout successful"
2026-09-20 08:10:59 level=INFO service=inventory-service component=inventory-service request_id=req-570948 trace_id=trace-92417639 user_id=user-1592 status_code=200 latency_ms=141 message="Stock level checked"
2026-09-20 08:11:00 INFO inventory-service Inventory reserved
2026-09-20 08:11:01 INFO redis-service Cache set
2026-09-20 08:11:02 INFO user-service Profile cache warmed
2026-09-20 08:11:03 level=DEBUG service=payment-service component=payment-service request_id=req-783381 trace_id=trace-98712431 user_id=user-6799 status_code=200 latency_ms=231 message="Payment gateway responded 200"
2026-09-20 08:11:04 WARNING notification-service Email queued
2026-09-20 08:11:05 INFO monitoring-service Health probe OK
2026-09-20 08:11:06 INFO order-service Order status updated
2026-09-20 08:11:07 INFO database-service Transaction committed
2026-09-20 08:11:08 INFO inventory-service Inventory released
2026-09-20 08:11:09 level=INFO service=inventory-service component=inventory-service request_id=req-359851 trace_id=trace-86986290 user_id=user-3543 status_code=200 latency_ms=171 message="Inventory released"
2026-09-20 08:11:10 INFO inventory-service Stock level checked
2026-09-20 08:11:11 INFO search-service Query results returned
2026-09-20 08:11:12 INFO api-gateway Rate limit check passed
2026-09-20 08:11:13 level=INFO service=monitoring-service component=monitoring-service request_id=req-437991 trace_id=trace-54770076 user_id=user-3309 status_code=200 latency_ms=93 message="Health probe OK"
2026-09-20 08:11:14 INFO api-gateway TLS handshake completed
2026-09-20 08:11:15 INFO redis-service Key expired normally
2026-09-20 08:11:16 INFO payment-service Payment request received
2026-09-20 08:11:17 level=INFO service=search-service component=search-service request_id=req-294695 trace_id=trace-81146587 user_id=user-4361 status_code=200 latency_ms=193 message="Query results returned"
2026-09-20 08:11:18 INFO monitoring-service Metrics scraped
2026-09-20 08:11:19 INFO inventory-service Inventory reserved
2026-09-20 08:11:20 level=INFO service=api-gateway component=api-gateway request_id=req-338023 trace_id=trace-85432029 user_id=user-9639 status_code=200 latency_ms=42 message="Response sent"
2026-09-20 08:11:21 DEBUG order-service Order status updated
2026-09-20 08:11:22 INFO database-service Connection acquired from pool
2026-09-20 08:11:23 INFO payment-service Payment request received
2026-09-20 08:11:24 DEBUG inventory-service Inventory reserved
2026-09-20 08:11:25 INFO search-service Query results returned
2026-09-20 08:11:26 INFO database-service Transaction committed
2026-09-20 08:11:27 INFO scheduler-service Scheduled job completed
2026-09-20 08:11:28 INFO payment-service Payment authorized
2026-09-20 08:11:29 INFO monitoring-service Metrics scraped
2026-09-20 08:11:30 INFO order-service Order shipped
2026-09-20 08:11:31 INFO inventory-service Inventory reserved
2026-09-20 08:11:32 level=INFO service=search-service component=search-service request_id=req-288802 trace_id=trace-64886627 user_id=user-4712 status_code=200 latency_ms=208 message="Query results returned"
2026-09-20 08:11:33 level=INFO service=auth-service component=auth-service request_id=req-339454 trace_id=trace-75636143 user_id=user-1702 status_code=200 latency_ms=150 message="Token issued"
2026-09-20 08:11:34 INFO user-service User profile fetched
2026-09-20 08:11:35 INFO api-gateway Incoming request accepted
2026-09-20 08:11:36 INFO worker-service Job picked up
2026-09-20 08:11:37 INFO order-service Order confirmed
2026-09-20 08:11:38 INFO api-gateway Incoming request accepted
2026-09-20 08:11:39 INFO user-service Profile cache warmed
2026-09-20 08:11:40 INFO scheduler-service Cron tick processed
2026-09-20 08:11:41 DEBUG notification-service Push notification sent
2026-09-20 08:11:42 INFO worker-service Job picked up
2026-09-20 08:11:43 level=INFO service=api-gateway component=api-gateway request_id=req-548538 trace_id=trace-42254534 user_id=user-8232 status_code=200 latency_ms=136 message="Rate limit check passed"
2026-09-20 08:11:44 INFO order-service Order confirmed
2026-09-20 08:11:45 DEBUG redis-service Cache set
2026-09-20 08:11:46 WARNING redis-service Cache set
2026-09-20 08:11:47 INFO user-service Profile cache warmed
2026-09-20 08:11:48 level=INFO service=monitoring-service component=monitoring-service request_id=req-168555 trace_id=trace-24583148 user_id=user-5701 status_code=200 latency_ms=78 message="Alert evaluated: no action"
2026-09-20 08:11:49 level=INFO service=database-service component=database-service request_id=req-367741 trace_id=trace-71909709 user_id=user-9825 status_code=200 latency_ms=119 message="Connection acquired from pool"
2026-09-20 08:11:50 INFO database-service Connection acquired from pool
2026-09-20 08:11:51 INFO order-service Order shipped
2026-09-20 08:11:52 INFO monitoring-service Health probe OK
2026-09-20 08:11:53 INFO user-service User profile fetched
2026-09-20 08:11:54 INFO redis-service Cache set
2026-09-20 08:11:55 level=INFO service=user-service component=user-service request_id=req-733778 trace_id=trace-46042076 user_id=user-4663 status_code=200 latency_ms=282 message="User profile fetched"
2026-09-20 08:11:56 INFO redis-service Cache hit
2026-09-20 08:11:57 INFO worker-service Worker heartbeat OK
2026-09-20 08:11:58 level=INFO service=payment-service component=payment-service request_id=req-149534 trace_id=trace-45514329 user_id=user-2122 status_code=200 latency_ms=286 message="Refund processed successfully"
2026-09-20 08:11:59 INFO redis-service Cache hit
2026-09-20 08:12:00 INFO worker-service Job completed successfully
2026-09-20 08:12:01 INFO monitoring-service Alert evaluated: no action
2026-09-20 08:12:02 level=INFO service=auth-service component=auth-service request_id=req-135635 trace_id=trace-83163118 user_id=user-8495 status_code=200 latency_ms=208 message="Session created"
2026-09-20 08:12:03 INFO user-service Profile cache warmed
2026-09-20 08:12:04 INFO payment-service Payment authorized
2026-09-20 08:12:05 INFO redis-service Cache warmed
2026-09-20 08:12:06 level=INFO service=monitoring-service component=monitoring-service request_id=req-420370 trace_id=trace-55548514 user_id=user-1110 status_code=200 latency_ms=18 message="Alert evaluated: no action"
2026-09-20 08:12:07 INFO worker-service Worker heartbeat OK
2026-09-20 08:12:08 level=INFO service=scheduler-service component=scheduler-service request_id=req-521360 trace_id=trace-48416924 user_id=user-9029 status_code=200 latency_ms=56 message="Cron tick processed"
2026-09-20 08:12:09 INFO notification-service Email queued
2026-09-20 08:12:10 INFO user-service Profile cache warmed
2026-09-20 08:12:11 INFO payment-service Payment authorized
2026-09-20 08:12:12 INFO database-service Connection acquired from pool
2026-09-20 08:12:13 level=INFO service=monitoring-service component=monitoring-service request_id=req-481449 trace_id=trace-56352804 user_id=user-4400 status_code=200 latency_ms=53 message="Alert evaluated: no action"
2026-09-20 08:12:14 INFO worker-service Job completed successfully
2026-09-20 08:12:15 level=INFO service=redis-service component=redis-service request_id=req-610323 trace_id=trace-18517411 user_id=user-7686 status_code=200 latency_ms=218 message="Cache set"
2026-09-20 08:12:16 INFO api-gateway Health check OK
2026-09-20 08:12:17 INFO payment-service Refund processed successfully
2026-09-20 08:12:18 INFO database-service Connection acquired from pool
2026-09-20 08:12:19 INFO order-service Order created
2026-09-20 08:12:20 INFO notification-service SMS delivered
2026-09-20 08:12:21 INFO redis-service Key expired normally
2026-09-20 08:12:22 INFO user-service Profile cache warmed
2026-09-20 08:12:23 INFO payment-service Payment gateway responded 200
2026-09-20 08:12:24 INFO database-service Connection acquired from pool
2026-09-20 08:12:25 INFO redis-service Cache set
2026-09-20 08:12:26 INFO api-gateway Health check OK
2026-09-20 08:12:27 INFO monitoring-service Health probe OK
2026-09-20 08:12:28 INFO redis-service Cache warmed
2026-09-20 08:12:29 INFO user-service User preferences updated
2026-09-20 08:12:30 level=INFO service=notification-service component=notification-service request_id=req-144813 trace_id=trace-68877449 user_id=user-3742 status_code=200 latency_ms=104 message="SMS delivered"
2026-09-20 08:12:31 INFO worker-service Worker heartbeat OK
2026-09-20 08:12:32 INFO worker-service Job completed successfully
2026-09-20 08:12:33 level=INFO service=worker-service component=worker-service request_id=req-957313 trace_id=trace-62184230 user_id=user-9164 status_code=200 latency_ms=41 message="Job picked up"
2026-09-20 08:12:34 DEBUG redis-service Key expired normally
2026-09-20 08:12:35 WARNING api-gateway Rate limit check passed
2026-09-20 08:12:36 INFO payment-service Payment gateway responded 200
2026-09-20 08:12:37 level=INFO service=api-gateway component=api-gateway request_id=req-138952 trace_id=trace-85409053 user_id=user-4302 status_code=200 latency_ms=96 message="Incoming request accepted"
2026-09-20 08:12:38 INFO monitoring-service Health probe OK
2026-09-20 08:12:39 level=INFO service=order-service component=order-service request_id=req-670989 trace_id=trace-96777171 user_id=user-7975 status_code=200 latency_ms=244 message="Order status updated"
2026-09-20 08:12:40 INFO scheduler-service Scheduled job started
2026-09-20 08:12:41 INFO auth-service Session created
2026-09-20 08:12:42 INFO api-gateway Health check OK
2026-09-20 08:12:43 level=INFO service=worker-service component=worker-service request_id=req-527440 trace_id=trace-84803804 user_id=user-1806 status_code=200 latency_ms=137 message="Worker heartbeat OK"
2026-09-20 08:12:44 INFO notification-service Push notification sent
2026-09-20 08:12:45 INFO scheduler-service Cron tick processed
2026-09-20 08:12:46 WARNING user-service Profile cache warmed
2026-09-20 08:12:47 INFO scheduler-service Scheduled job started
2026-09-20 08:12:48 INFO inventory-service Stock level checked
2026-09-20 08:12:49 INFO redis-service Cache set
2026-09-20 08:12:50 INFO database-service Index scan completed
2026-09-20 08:12:51 INFO inventory-service Inventory released
2026-09-20 08:12:52 level=INFO service=inventory-service component=inventory-service request_id=req-831755 trace_id=trace-35749854 user_id=user-8205 status_code=200 latency_ms=277 message="Inventory reserved"
2026-09-20 08:12:53 level=INFO service=order-service component=order-service request_id=req-139354 trace_id=trace-47855818 user_id=user-3138 status_code=200 latency_ms=208 message="Order confirmed"
2026-09-20 08:12:54 level=INFO service=order-service component=order-service request_id=req-620651 trace_id=trace-95957290 user_id=user-2019 status_code=200 latency_ms=214 message="Order created"
2026-09-20 08:12:55 INFO auth-service Session created
2026-09-20 08:12:56 INFO auth-service Logout successful
2026-09-20 08:12:57 INFO payment-service Payment request received
2026-09-20 08:12:58 level=INFO service=user-service component=user-service request_id=req-717716 trace_id=trace-49158370 user_id=user-1041 status_code=200 latency_ms=97 message="Profile cache warmed"
2026-09-20 08:12:59 INFO user-service User profile fetched
2026-09-20 08:13:00 INFO database-service Connection acquired from pool
2026-09-20 08:13:01 INFO redis-service Cache warmed
2026-09-20 08:13:02 DEBUG payment-service Refund processed successfully
2026-09-20 08:13:03 INFO payment-service Payment gateway responded 200
2026-09-20 08:13:04 INFO api-gateway TLS handshake completed
2026-09-20 08:13:05 INFO user-service User preferences updated
2026-09-20 08:13:06 level=INFO service=user-service component=user-service request_id=req-932927 trace_id=trace-59276962 user_id=user-5766 status_code=200 latency_ms=256 message="User created"
2026-09-20 08:13:07 level=INFO service=auth-service component=auth-service request_id=req-491622 trace_id=trace-70171070 user_id=user-6971 status_code=200 latency_ms=221 message="User authenticated successfully"
2026-09-20 08:13:08 INFO inventory-service Inventory reserved
2026-09-20 08:13:09 INFO user-service User profile fetched
2026-09-20 08:13:10 INFO worker-service Job completed successfully
2026-09-20 08:13:11 DEBUG monitoring-service Health probe OK
2026-09-20 08:13:12 level=WARNING service=inventory-service component=inventory-service request_id=req-221422 trace_id=trace-16817369 user_id=user-7631 status_code=200 latency_ms=160 message="Inventory reserved"
2026-09-20 08:13:13 INFO api-gateway TLS handshake completed
2026-09-20 08:13:14 INFO notification-service Push notification sent
2026-09-20 08:13:15 INFO monitoring-service Metrics scraped
2026-09-20 08:13:16 WARNING user-service Profile cache warmed
2026-09-20 08:13:17 INFO api-gateway Health check OK
2026-09-20 08:13:18 INFO scheduler-service Cron tick processed
2026-09-20 08:13:19 INFO search-service Search query executed
2026-09-20 08:13:20 INFO user-service Profile cache warmed
2026-09-20 08:13:21 INFO database-service Transaction committed
2026-09-20 08:13:22 INFO inventory-service Stock level checked
2026-09-20 08:13:23 INFO user-service User preferences updated
2026-09-20 08:13:24 INFO inventory-service Inventory released
2026-09-20 08:13:25 INFO worker-service Worker heartbeat OK
2026-09-20 08:13:26 INFO notification-service Push notification sent
2026-09-20 08:13:27 INFO redis-service Cache hit
2026-09-20 08:13:28 level=INFO service=monitoring-service component=monitoring-service request_id=req-403170 trace_id=trace-95822144 user_id=user-1321 status_code=200 latency_ms=70 message="Alert evaluated: no action"
2026-09-20 08:13:29 INFO user-service User preferences updated
2026-09-20 08:13:30 level=INFO service=redis-service component=redis-service request_id=req-226814 trace_id=trace-85666029 user_id=user-4950 status_code=200 latency_ms=214 message="Key expired normally"
2026-09-20 08:13:31 level=INFO service=database-service component=database-service request_id=req-123089 trace_id=trace-90619291 user_id=user-5771 status_code=200 latency_ms=121 message="Connection acquired from pool"
2026-09-20 08:13:32 INFO order-service Order created
2026-09-20 08:13:33 INFO payment-service Payment captured
2026-09-20 08:13:34 INFO scheduler-service Scheduled job completed
2026-09-20 08:13:35 DEBUG search-service Search query executed
2026-09-20 08:13:36 INFO inventory-service Inventory released
2026-09-20 08:13:37 INFO user-service User preferences updated
2026-09-20 08:13:38 INFO inventory-service Inventory released
2026-09-20 08:13:39 level=INFO service=database-service component=database-service request_id=req-398653 trace_id=trace-23293407 user_id=user-4868 status_code=200 latency_ms=41 message="Transaction committed"
2026-09-20 08:13:40 INFO notification-service Push notification sent
2026-09-20 08:13:41 INFO database-service Connection acquired from pool
2026-09-20 08:13:42 WARNING scheduler-service Scheduled job completed
2026-09-20 08:13:43 level=INFO service=notification-service component=notification-service request_id=req-594563 trace_id=trace-52091721 user_id=user-6381 status_code=200 latency_ms=230 message="Push notification sent"
2026-09-20 08:13:44 INFO monitoring-service Metrics scraped
2026-09-20 08:13:45 INFO api-gateway Rate limit check passed
2026-09-20 08:13:46 DEBUG worker-service Job picked up
2026-09-20 08:13:47 INFO search-service Index refreshed
2026-09-20 08:13:48 INFO user-service User preferences updated
2026-09-20 08:13:49 INFO search-service Query results returned
2026-09-20 08:13:50 INFO payment-service Refund processed successfully
2026-09-20 08:13:51 INFO order-service Order status updated
2026-09-20 08:13:52 WARNING search-service Index refreshed
2026-09-20 08:13:53 INFO api-gateway Incoming request accepted
2026-09-20 08:13:54 INFO user-service User profile fetched
2026-09-20 08:13:55 INFO order-service Order confirmed
2026-09-20 08:13:56 INFO api-gateway Response sent
2026-09-20 08:13:57 INFO api-gateway Rate limit check passed
2026-09-20 08:13:58 INFO order-service Order created
2026-09-20 08:13:59 INFO inventory-service Inventory reserved
2026-09-20 08:14:00 level=INFO service=database-service component=database-service request_id=req-364812 trace_id=trace-71749132 user_id=user-3672 status_code=200 latency_ms=186 message="Query executed successfully"
2026-09-20 08:14:01 INFO redis-service Cache hit
2026-09-20 08:14:02 INFO payment-service Payment authorized
2026-09-20 08:14:03 level=INFO service=order-service component=order-service request_id=req-276517 trace_id=trace-85007742 user_id=user-1507 status_code=200 latency_ms=294 message="Order created"
2026-09-20 08:14:04 INFO user-service User profile fetched
2026-09-20 08:14:05 INFO api-gateway TLS handshake completed
2026-09-20 08:14:06 INFO database-service Query executed successfully
2026-09-20 08:14:07 level=INFO service=database-service component=database-service request_id=req-978747 trace_id=trace-90615241 user_id=user-3840 status_code=200 latency_ms=125 message="Query executed successfully"
2026-09-20 08:14:08 INFO inventory-service Inventory reserved
2026-09-20 08:14:09 INFO database-service Transaction committed
2026-09-20 08:14:10 level=INFO service=monitoring-service component=monitoring-service request_id=req-915484 trace_id=trace-74744964 user_id=user-2098 status_code=200 latency_ms=260 message="Metrics scraped"
2026-09-20 08:14:11 INFO redis-service Cache warmed
2026-09-20 08:14:12 level=INFO service=database-service component=database-service request_id=req-934174 trace_id=trace-40395328 user_id=user-7427 status_code=200 latency_ms=134 message="Index scan completed"
2026-09-20 08:14:13 level=INFO service=user-service component=user-service request_id=req-249331 trace_id=trace-65039280 user_id=user-3127 status_code=200 latency_ms=116 message="User profile fetched"
2026-09-20 08:14:14 INFO order-service Order status updated
2026-09-20 08:14:15 INFO search-service Index refreshed
2026-09-20 08:14:16 level=INFO service=order-service component=order-service request_id=req-335927 trace_id=trace-62901560 user_id=user-5865 status_code=200 latency_ms=175 message="Order status updated"
2026-09-20 08:14:17 WARNING order-service Order confirmed
2026-09-20 08:14:18 level=INFO service=search-service component=search-service request_id=req-784464 trace_id=trace-72421642 user_id=user-7230 status_code=200 latency_ms=70 message="Index refreshed"
2026-09-20 08:14:19 DEBUG auth-service Logout successful
2026-09-20 08:14:20 INFO payment-service Payment gateway responded 200
2026-09-20 08:14:21 INFO order-service Order confirmed
2026-09-20 08:14:22 level=INFO service=api-gateway component=api-gateway request_id=req-472611 trace_id=trace-43030347 user_id=user-7313 status_code=200 latency_ms=24 message="Response sent"
2026-09-20 08:14:23 DEBUG inventory-service Inventory released
2026-09-20 08:14:24 INFO redis-service Cache warmed
2026-09-20 08:14:25 level=INFO service=api-gateway component=api-gateway request_id=req-297282 trace_id=trace-22009003 user_id=user-6179 status_code=200 latency_ms=126 message="Response sent"
2026-09-20 08:14:26 INFO auth-service User authenticated successfully
2026-09-20 08:14:27 INFO payment-service Refund processed successfully
2026-09-20 08:14:28 INFO scheduler-service Scheduled job started
2026-09-20 08:14:29 INFO redis-service Cache hit
2026-09-20 08:14:30 INFO auth-service Logout successful
2026-09-20 08:14:31 level=INFO service=user-service component=user-service request_id=req-557063 trace_id=trace-92617998 user_id=user-6090 status_code=200 latency_ms=183 message="User preferences updated"
2026-09-20 08:14:32 DEBUG auth-service Logout successful
2026-09-20 08:14:33 INFO monitoring-service Health probe OK
2026-09-20 08:14:34 INFO payment-service Payment authorized
2026-09-20 08:14:35 INFO scheduler-service Scheduled job started
2026-09-20 08:14:36 level=INFO service=order-service component=order-service request_id=req-166056 trace_id=trace-95404832 user_id=user-8976 status_code=200 latency_ms=172 message="Order confirmed"
2026-09-20 08:14:37 INFO user-service Profile cache warmed
2026-09-20 08:14:38 INFO auth-service Session created
2026-09-20 08:14:39 level=INFO service=inventory-service component=inventory-service request_id=req-331086 trace_id=trace-82698101 user_id=user-5594 status_code=200 latency_ms=46 message="Inventory released"
2026-09-20 08:14:40 WARNING scheduler-service Scheduled job completed
2026-09-20 08:14:41 level=INFO service=notification-service component=notification-service request_id=req-747655 trace_id=trace-33204251 user_id=user-9358 status_code=200 latency_ms=277 message="SMS delivered"
2026-09-20 08:14:42 INFO search-service Index refreshed
2026-09-20 08:14:43 WARNING inventory-service Inventory reserved
2026-09-20 08:14:44 INFO worker-service Job picked up
2026-09-20 08:14:45 level=WARNING service=scheduler-service component=scheduler-service request_id=req-800817 trace_id=trace-66752122 user_id=user-1038 status_code=200 latency_ms=287 message="Scheduled job completed"
2026-09-20 08:14:46 INFO database-service Query executed successfully
2026-09-20 08:14:47 INFO user-service User created
2026-09-20 08:14:48 level=INFO service=database-service component=database-service request_id=req-912246 trace_id=trace-15820679 user_id=user-8589 status_code=200 latency_ms=146 message="Query executed successfully"
2026-09-20 08:14:49 INFO worker-service Job picked up
2026-09-20 08:14:50 INFO scheduler-service Scheduled job completed
2026-09-20 08:14:51 INFO redis-service Cache set
2026-09-20 08:14:52 INFO api-gateway TLS handshake completed
2026-09-20 08:14:53 INFO monitoring-service Alert evaluated: no action
2026-09-20 08:14:54 level=INFO service=auth-service component=auth-service request_id=req-213927 trace_id=trace-22846161 user_id=user-6714 status_code=200 latency_ms=235 message="Logout successful"
2026-09-20 08:14:55 INFO monitoring-service Metrics scraped
2026-09-20 08:14:56 level=INFO service=auth-service component=auth-service request_id=req-661140 trace_id=trace-46624206 user_id=user-7202 status_code=200 latency_ms=176 message="User authenticated successfully"
2026-09-20 08:14:57 INFO order-service Order shipped
2026-09-20 08:14:58 INFO monitoring-service Metrics scraped
2026-09-20 08:14:59 INFO order-service Order created
2026-09-20 08:15:00 level=INFO service=auth-service component=auth-service request_id=req-150154 trace_id=trace-73374043 user_id=user-9134 status_code=200 latency_ms=196 message="Token issued"
2026-09-20 08:15:01 DEBUG user-service User created
2026-09-20 08:15:02 level=DEBUG service=search-service component=search-service request_id=req-764816 trace_id=trace-94886032 user_id=user-4427 status_code=200 latency_ms=154 message="Search query executed"
2026-09-20 08:15:03 INFO auth-service Token issued
2026-09-20 08:15:04 DEBUG auth-service Token refreshed
2026-09-20 08:15:05 INFO monitoring-service Alert evaluated: no action
2026-09-20 08:15:06 WARNING scheduler-service Scheduled job started
2026-09-20 08:15:07 INFO order-service Order shipped
2026-09-20 08:15:08 INFO inventory-service Inventory reserved
2026-09-20 08:15:09 INFO user-service User preferences updated
2026-09-20 08:15:10 level=INFO service=search-service component=search-service request_id=req-706446 trace_id=trace-57124319 user_id=user-2301 status_code=200 latency_ms=30 message="Index refreshed"
2026-09-20 08:15:11 INFO redis-service Key expired normally
2026-09-20 08:15:12 INFO redis-service Cache set
2026-09-20 08:15:13 INFO redis-service Cache hit
2026-09-20 08:15:14 INFO search-service Search query executed
2026-09-20 08:15:15 INFO redis-service Cache warmed
2026-09-20 08:15:16 INFO api-gateway Request routed successfully
2026-09-20 08:15:17 INFO redis-service Key expired normally
2026-09-20 08:15:18 INFO search-service Query results returned
2026-09-20 08:15:19 INFO notification-service SMS delivered
2026-09-20 08:15:20 INFO api-gateway Rate limit check passed
2026-09-20 08:15:21 INFO notification-service Push notification sent
2026-09-20 08:15:22 INFO notification-service Email queued
2026-09-20 08:15:23 INFO auth-service Logout successful
2026-09-20 08:15:24 INFO redis-service Cache warmed
2026-09-20 08:15:25 INFO api-gateway Response sent
2026-09-20 08:15:26 INFO worker-service Job completed successfully
2026-09-20 08:15:27 INFO worker-service Job picked up
2026-09-20 08:15:28 INFO monitoring-service Metrics scraped
2026-09-20 08:15:29 INFO order-service Order created
2026-09-20 08:15:30 INFO order-service Order shipped
2026-09-20 08:15:31 level=INFO service=database-service component=database-service request_id=req-759680 trace_id=trace-44279242 user_id=user-5405 status_code=200 latency_ms=167 message="Connection acquired from pool"
2026-09-20 08:15:32 INFO api-gateway Health check OK
2026-09-20 08:15:33 INFO search-service Query results returned
2026-09-20 08:15:34 level=INFO service=scheduler-service component=scheduler-service request_id=req-894076 trace_id=trace-36287663 user_id=user-7513 status_code=200 latency_ms=44 message="Scheduled job started"
2026-09-20 08:15:35 INFO database-service Query executed successfully
2026-09-20 08:15:36 INFO search-service Index refreshed
2026-09-20 08:15:37 INFO notification-service SMS delivered
2026-09-20 08:15:38 INFO notification-service Push notification sent
2026-09-20 08:15:39 WARNING payment-service Refund processed successfully
2026-09-20 08:15:40 INFO user-service Profile cache warmed
2026-09-20 08:15:41 INFO inventory-service Inventory released
2026-09-20 08:15:42 level=INFO service=redis-service component=redis-service request_id=req-178889 trace_id=trace-61842438 user_id=user-2311 status_code=200 latency_ms=17 message="Cache set"
2026-09-20 08:15:43 level=INFO service=worker-service component=worker-service request_id=req-266029 trace_id=trace-86335028 user_id=user-1765 status_code=200 latency_ms=184 message="Job picked up"
2026-09-20 08:15:44 INFO api-gateway Incoming request accepted
2026-09-20 08:15:45 INFO monitoring-service Health probe OK
2026-09-20 08:15:46 INFO order-service Order created
2026-09-20 08:15:47 INFO api-gateway Health check OK
2026-09-20 08:15:48 INFO worker-service Job completed successfully
2026-09-20 08:15:49 INFO user-service User created
2026-09-20 08:15:50 INFO scheduler-service Scheduled job completed
2026-09-20 08:15:51 level=INFO service=api-gateway component=api-gateway request_id=req-775173 trace_id=trace-41795833 user_id=user-9051 status_code=200 latency_ms=247 message="Incoming request accepted"
2026-09-20 08:15:52 level=INFO service=database-service component=database-service request_id=req-669779 trace_id=trace-25821357 user_id=user-1644 status_code=200 latency_ms=77 message="Connection acquired from pool"
2026-09-20 08:15:53 level=INFO service=api-gateway component=api-gateway request_id=req-593799 trace_id=trace-93302663 user_id=user-9733 status_code=200 latency_ms=146 message="Response sent"
2026-09-20 08:15:54 DEBUG scheduler-service Scheduled job started
2026-09-20 08:15:55 INFO database-service Transaction committed
2026-09-20 08:15:56 INFO order-service Order status updated
2026-09-20 08:15:57 INFO redis-service Cache warmed
2026-09-20 08:15:58 INFO database-service Connection acquired from pool
2026-09-20 08:15:59 INFO user-service Profile cache warmed
2026-09-20 08:16:00 INFO inventory-service Inventory released
2026-09-20 08:16:01 INFO monitoring-service Alert evaluated: no action
2026-09-20 08:16:02 INFO api-gateway Response sent
2026-09-20 08:16:03 INFO search-service Search query executed
2026-09-20 08:16:04 INFO database-service Index scan completed
2026-09-20 08:16:05 INFO user-service User profile fetched
2026-09-20 08:16:06 level=INFO service=user-service component=user-service request_id=req-282554 trace_id=trace-13495099 user_id=user-8585 status_code=200 latency_ms=293 message="User preferences updated"
2026-09-20 08:16:07 DEBUG api-gateway Health check OK
2026-09-20 08:16:08 INFO monitoring-service Health probe OK
2026-09-20 08:16:09 INFO inventory-service Inventory released
2026-09-20 08:16:10 level=INFO service=notification-service component=notification-service request_id=req-321059 trace_id=trace-81001657 user_id=user-3285 status_code=200 latency_ms=232 message="SMS delivered"
2026-09-20 08:16:11 INFO inventory-service Inventory reserved
2026-09-20 08:16:12 level=INFO service=auth-service component=auth-service request_id=req-631583 trace_id=trace-31992107 user_id=user-2470 status_code=200 latency_ms=193 message="Token issued"
2026-09-20 08:16:13 INFO database-service Connection acquired from pool
2026-09-20 08:16:14 INFO user-service User profile fetched
2026-09-20 08:16:15 INFO api-gateway TLS handshake completed
2026-09-20 08:16:16 INFO redis-service Cache hit
2026-09-20 08:16:17 INFO scheduler-service Scheduled job completed
2026-09-20 08:16:18 INFO payment-service Payment captured
2026-09-20 08:16:19 level=INFO service=order-service component=order-service request_id=req-814518 trace_id=trace-72334125 user_id=user-8925 status_code=200 latency_ms=178 message="Order confirmed"
2026-09-20 08:16:20 INFO auth-service Token issued
2026-09-20 08:16:21 level=INFO service=scheduler-service component=scheduler-service request_id=req-199355 trace_id=trace-98517599 user_id=user-8436 status_code=200 latency_ms=286 message="Scheduled job started"
2026-09-20 08:16:22 INFO notification-service Email queued
2026-09-20 08:16:23 INFO auth-service Token issued
2026-09-20 08:16:24 level=INFO service=database-service component=database-service request_id=req-573956 trace_id=trace-10881835 user_id=user-7470 status_code=200 latency_ms=21 message="Index scan completed"
2026-09-20 08:16:25 INFO redis-service Cache warmed
2026-09-20 08:16:26 INFO scheduler-service Scheduled job started
2026-09-20 08:16:27 INFO user-service User created
2026-09-20 08:16:28 INFO search-service Query results returned
2026-09-20 08:16:29 INFO auth-service Token refreshed
2026-09-20 08:16:30 INFO notification-service SMS delivered
2026-09-20 08:16:31 INFO database-service Connection acquired from pool
2026-09-20 08:16:32 INFO search-service Index refreshed
2026-09-20 08:16:33 level=DEBUG service=notification-service component=notification-service request_id=req-788481 trace_id=trace-74481042 user_id=user-1493 status_code=200 latency_ms=142 message="SMS delivered"
2026-09-20 08:16:34 INFO payment-service Payment request received
2026-09-20 08:16:35 INFO inventory-service Stock level checked
2026-09-20 08:16:36 INFO monitoring-service Metrics scraped
2026-09-20 08:16:37 INFO monitoring-service Alert evaluated: no action
2026-09-20 08:16:38 level=INFO service=scheduler-service component=scheduler-service request_id=req-160769 trace_id=trace-97308644 user_id=user-6029 status_code=200 latency_ms=129 message="Cron tick processed"
2026-09-20 08:16:39 INFO database-service Connection acquired from pool
2026-09-20 08:16:40 level=INFO service=search-service component=search-service request_id=req-820055 trace_id=trace-94415276 user_id=user-4767 status_code=200 latency_ms=191 message="Query results returned"
2026-09-20 08:16:41 level=INFO service=user-service component=user-service request_id=req-893522 trace_id=trace-87801254 user_id=user-1283 status_code=200 latency_ms=79 message="User created"
2026-09-20 08:16:42 INFO notification-service SMS delivered
2026-09-20 08:16:43 INFO payment-service Refund processed successfully
2026-09-20 08:16:44 level=INFO service=worker-service component=worker-service request_id=req-160801 trace_id=trace-57158624 user_id=user-2373 status_code=200 latency_ms=288 message="Job picked up"
2026-09-20 08:16:45 INFO worker-service Job completed successfully
2026-09-20 08:16:46 INFO order-service Order confirmed
2026-09-20 08:16:47 INFO inventory-service Stock level checked
2026-09-20 08:16:48 INFO redis-service Cache set
2026-09-20 08:16:49 level=INFO service=auth-service component=auth-service request_id=req-586292 trace_id=trace-62028219 user_id=user-3363 status_code=200 latency_ms=232 message="Token refreshed"
2026-09-20 08:16:50 INFO payment-service Refund processed successfully
2026-09-20 08:16:51 DEBUG user-service Profile cache warmed
2026-09-20 08:16:52 level=INFO service=order-service component=order-service request_id=req-347733 trace_id=trace-50511614 user_id=user-9560 status_code=200 latency_ms=285 message="Order confirmed"
2026-09-20 08:16:53 DEBUG database-service Connection acquired from pool
2026-09-20 08:16:54 level=INFO service=inventory-service component=inventory-service request_id=req-683519 trace_id=trace-51898647 user_id=user-6708 status_code=200 latency_ms=35 message="Inventory released"
2026-09-20 08:16:55 INFO order-service Order confirmed
2026-09-20 08:16:56 level=INFO service=database-service component=database-service request_id=req-454019 trace_id=trace-79955614 user_id=user-2575 status_code=200 latency_ms=110 message="Connection acquired from pool"
2026-09-20 08:16:57 INFO auth-service Logout successful
2026-09-20 08:16:58 WARNING notification-service Email queued
2026-09-20 08:16:59 INFO order-service Order status updated
2026-09-20 08:17:00 INFO scheduler-service Scheduled job completed
2026-09-20 08:17:01 INFO scheduler-service Scheduled job started
2026-09-20 08:17:02 INFO search-service Index refreshed
2026-09-20 08:17:03 level=INFO service=payment-service component=payment-service request_id=req-175655 trace_id=trace-71924700 user_id=user-2709 status_code=200 latency_ms=204 message="Payment authorized"
2026-09-20 08:17:04 INFO user-service User preferences updated
2026-09-20 08:17:05 level=INFO service=order-service component=order-service request_id=req-107450 trace_id=trace-93968775 user_id=user-1376 status_code=200 latency_ms=182 message="Order status updated"
2026-09-20 08:17:06 INFO inventory-service Inventory reserved
2026-09-20 08:17:07 INFO inventory-service Stock level checked
2026-09-20 08:17:08 INFO notification-service Push notification sent
2026-09-20 08:17:09 level=INFO service=payment-service component=payment-service request_id=req-556872 trace_id=trace-16236118 user_id=user-9116 status_code=200 latency_ms=248 message="Payment authorized"
2026-09-20 08:17:10 INFO redis-service Cache set
2026-09-20 08:17:11 INFO order-service Order confirmed
2026-09-20 08:17:12 INFO inventory-service Inventory released
2026-09-20 08:17:13 level=INFO service=notification-service component=notification-service request_id=req-946122 trace_id=trace-43328738 user_id=user-6066 status_code=200 latency_ms=201 message="SMS delivered"
2026-09-20 08:17:14 INFO payment-service Payment captured
2026-09-20 08:17:15 level=INFO service=payment-service component=payment-service request_id=req-134186 trace_id=trace-97794901 user_id=user-2635 status_code=200 latency_ms=70 message="Payment request received"
2026-09-20 08:17:16 INFO order-service Order status updated
2026-09-20 08:17:17 INFO search-service Query results returned
2026-09-20 08:17:18 INFO worker-service Worker heartbeat OK
2026-09-20 08:17:19 INFO worker-service Job completed successfully
2026-09-20 08:17:20 INFO order-service Order created
2026-09-20 08:17:21 level=INFO service=auth-service component=auth-service request_id=req-613632 trace_id=trace-24107655 user_id=user-6270 status_code=200 latency_ms=241 message="User authenticated successfully"
2026-09-20 08:17:22 level=INFO service=notification-service component=notification-service request_id=req-973531 trace_id=trace-89274842 user_id=user-2574 status_code=200 latency_ms=17 message="Push notification sent"
2026-09-20 08:17:23 INFO worker-service Job completed successfully
2026-09-20 08:17:24 DEBUG order-service Order created
2026-09-20 08:17:25 INFO api-gateway Response sent
2026-09-20 08:17:26 INFO auth-service User authenticated successfully
2026-09-20 08:17:27 INFO order-service Order status updated
2026-09-20 08:17:28 INFO scheduler-service Scheduled job started
2026-09-20 08:17:29 INFO user-service User created
2026-09-20 08:17:30 INFO notification-service SMS delivered
2026-09-20 08:17:31 level=INFO service=auth-service component=auth-service request_id=req-435803 trace_id=trace-66342115 user_id=user-3923 status_code=200 latency_ms=212 message="Token issued"
2026-09-20 08:17:32 DEBUG notification-service Email queued
2026-09-20 08:17:33 INFO inventory-service Stock level checked
2026-09-20 08:17:34 INFO payment-service Payment gateway responded 200
2026-09-20 08:17:35 level=INFO service=api-gateway component=api-gateway request_id=req-578218 trace_id=trace-82219803 user_id=user-3519 status_code=200 latency_ms=114 message="Request routed successfully"
2026-09-20 08:17:36 WARNING redis-service Cache warmed
2026-09-20 08:17:37 level=INFO service=monitoring-service component=monitoring-service request_id=req-110570 trace_id=trace-70975567 user_id=user-2155 status_code=200 latency_ms=112 message="Alert evaluated: no action"
2026-09-20 08:17:38 level=WARNING service=api-gateway component=api-gateway request_id=req-698845 trace_id=trace-32824436 user_id=user-3724 status_code=200 latency_ms=232 message="Response sent"
2026-09-20 08:17:39 INFO user-service Profile cache warmed
2026-09-20 08:17:40 INFO worker-service Job picked up
2026-09-20 08:17:41 INFO payment-service Payment request received
2026-09-20 08:17:42 INFO redis-service Cache hit
2026-09-20 08:17:43 INFO worker-service Job completed successfully
2026-09-20 08:17:44 INFO search-service Query results returned
2026-09-20 08:17:45 level=INFO service=auth-service component=auth-service request_id=req-906261 trace_id=trace-41905042 user_id=user-6019 status_code=200 latency_ms=290 message="Session created"
2026-09-20 08:17:46 level=INFO service=search-service component=search-service request_id=req-611000 trace_id=trace-96552357 user_id=user-5412 status_code=200 latency_ms=291 message="Index refreshed"
2026-09-20 08:17:47 level=INFO service=search-service component=search-service request_id=req-908712 trace_id=trace-40829947 user_id=user-4928 status_code=200 latency_ms=87 message="Query results returned"
2026-09-20 08:17:48 INFO inventory-service Inventory released
2026-09-20 08:17:49 INFO database-service Connection acquired from pool
2026-09-20 08:17:50 INFO worker-service Job completed successfully
2026-09-20 08:17:51 level=INFO service=worker-service component=worker-service request_id=req-185610 trace_id=trace-98934278 user_id=user-1438 status_code=200 latency_ms=237 message="Worker heartbeat OK"
2026-09-20 08:17:52 INFO inventory-service Inventory released
2026-09-20 08:17:53 DEBUG user-service User preferences updated
2026-09-20 08:17:54 INFO payment-service Payment gateway responded 200
2026-09-20 08:17:55 INFO monitoring-service Alert evaluated: no action
2026-09-20 08:17:56 INFO search-service Index refreshed
2026-09-20 08:17:57 INFO inventory-service Stock level checked
2026-09-20 08:17:58 INFO auth-service Logout successful
2026-09-20 08:17:59 INFO scheduler-service Scheduled job completed
2026-09-20 08:18:00 INFO order-service Order created
2026-09-20 08:18:01 WARNING redis-service Cache hit
2026-09-20 08:18:02 INFO auth-service Token refreshed
2026-09-20 08:18:03 INFO order-service Order status updated
2026-09-20 08:18:04 DEBUG order-service Order created
2026-09-20 08:18:05 INFO auth-service Logout successful
2026-09-20 08:18:06 WARNING redis-service Key expired normally
2026-09-20 08:18:07 WARNING api-gateway Incoming request accepted
2026-09-20 08:18:08 INFO api-gateway Response sent
2026-09-20 08:18:09 level=INFO service=api-gateway component=api-gateway request_id=req-399079 trace_id=trace-38228860 user_id=user-6272 status_code=200 latency_ms=269 message="Request routed successfully"
2026-09-20 08:18:10 INFO database-service Connection acquired from pool
2026-09-20 08:18:11 INFO search-service Index refreshed
2026-09-20 08:18:12 INFO scheduler-service Cron tick processed
2026-09-20 08:18:13 INFO api-gateway Response sent
2026-09-20 08:18:14 level=INFO service=search-service component=search-service request_id=req-233917 trace_id=trace-38328517 user_id=user-7228 status_code=200 latency_ms=71 message="Search query executed"
2026-09-20 08:18:15 INFO auth-service Token issued
2026-09-20 08:18:16 WARNING worker-service Job completed successfully
2026-09-20 08:18:17 DEBUG worker-service Job picked up
2026-09-20 08:18:18 level=INFO service=inventory-service component=inventory-service request_id=req-245731 trace_id=trace-51374658 user_id=user-5412 status_code=200 latency_ms=244 message="Inventory released"
2026-09-20 08:18:19 INFO monitoring-service Alert evaluated: no action
2026-09-20 08:18:20 WARNING monitoring-service Alert evaluated: no action
2026-09-20 08:18:21 INFO auth-service Logout successful
2026-09-20 08:18:22 INFO order-service Order confirmed
2026-09-20 08:18:23 level=INFO service=api-gateway component=api-gateway request_id=req-238444 trace_id=trace-99840401 user_id=user-9791 status_code=200 latency_ms=240 message="Response sent"
2026-09-20 08:18:24 level=DEBUG service=search-service component=search-service request_id=req-138748 trace_id=trace-66045185 user_id=user-5093 status_code=200 latency_ms=44 message="Query results returned"
2026-09-20 08:18:25 INFO order-service Order shipped
2026-09-20 08:18:26 INFO worker-service Job picked up
2026-09-20 08:18:27 level=INFO service=monitoring-service component=monitoring-service request_id=req-116158 trace_id=trace-52417035 user_id=user-8810 status_code=200 latency_ms=114 message="Alert evaluated: no action"
2026-09-20 08:18:28 INFO inventory-service Stock level checked
2026-09-20 08:18:29 WARNING notification-service SMS delivered
2026-09-20 08:18:30 INFO redis-service Cache warmed
2026-09-20 08:18:31 INFO database-service Transaction committed
2026-09-20 08:18:32 INFO inventory-service Inventory released
2026-09-20 08:18:33 level=INFO service=notification-service component=notification-service request_id=req-899229 trace_id=trace-61608757 user_id=user-5380 status_code=200 latency_ms=233 message="Push notification sent"
2026-09-20 08:18:34 INFO redis-service Cache set
2026-09-20 08:18:35 level=INFO service=order-service component=order-service request_id=req-153762 trace_id=trace-17214306 user_id=user-3879 status_code=200 latency_ms=38 message="Order status updated"
2026-09-20 08:18:36 INFO inventory-service Inventory reserved
2026-09-20 08:18:37 INFO inventory-service Stock level checked
2026-09-20 08:18:38 INFO search-service Search query executed
2026-09-20 08:18:39 INFO worker-service Worker heartbeat OK
2026-09-20 08:18:40 DEBUG database-service Query executed successfully
2026-09-20 08:18:41 INFO order-service Order shipped
2026-09-20 08:18:42 INFO notification-service Email queued
2026-09-20 08:18:43 INFO notification-service Push notification sent
2026-09-20 08:18:44 INFO payment-service Payment gateway responded 200
2026-09-20 08:18:45 INFO payment-service Refund processed successfully
2026-09-20 08:18:46 INFO inventory-service Inventory reserved
2026-09-20 08:18:47 INFO order-service Order created
2026-09-20 08:18:48 INFO user-service User preferences updated
2026-09-20 08:18:49 INFO search-service Index refreshed
2026-09-20 08:18:50 INFO database-service Query executed successfully
2026-09-20 08:18:51 INFO payment-service Refund processed successfully
2026-09-20 08:18:52 INFO monitoring-service Metrics scraped
2026-09-20 08:18:53 INFO order-service Order created
2026-09-20 08:18:54 INFO redis-service Cache set
2026-09-20 08:18:55 INFO order-service Order status updated
2026-09-20 08:18:56 INFO order-service Order confirmed
2026-09-20 08:18:57 INFO order-service Order status updated
2026-09-20 08:18:58 INFO redis-service Cache set
2026-09-20 08:18:59 INFO notification-service SMS delivered
2026-09-20 08:19:00 INFO scheduler-service Cron tick processed
2026-09-20 08:19:01 INFO database-service Transaction committed
2026-09-20 08:19:02 level=INFO service=api-gateway component=api-gateway request_id=req-765299 trace_id=trace-52690255 user_id=user-3663 status_code=200 latency_ms=227 message="Health check OK"
2026-09-20 08:19:03 INFO scheduler-service Cron tick processed
2026-09-20 08:19:04 INFO search-service Query results returned
2026-09-20 08:19:05 level=INFO service=inventory-service component=inventory-service request_id=req-120801 trace_id=trace-59728926 user_id=user-6219 status_code=200 latency_ms=229 message="Stock level checked"
2026-09-20 08:19:06 level=INFO service=scheduler-service component=scheduler-service request_id=req-889053 trace_id=trace-50532818 user_id=user-6505 status_code=200 latency_ms=287 message="Scheduled job completed"
2026-09-20 08:19:07 INFO search-service Index refreshed
2026-09-20 08:19:08 INFO inventory-service Stock level checked
2026-09-20 08:19:09 level=INFO service=notification-service component=notification-service request_id=req-353515 trace_id=trace-70535116 user_id=user-4435 status_code=200 latency_ms=280 message="Email queued"
2026-09-20 08:19:10 INFO payment-service Payment authorized
2026-09-20 08:19:11 INFO order-service Order confirmed
2026-09-20 08:19:12 level=INFO service=order-service component=order-service request_id=req-826701 trace_id=trace-79300905 user_id=user-1914 status_code=200 latency_ms=204 message="Order confirmed"
2026-09-20 08:19:13 INFO scheduler-service Scheduled job completed
2026-09-20 08:19:14 INFO database-service Query executed successfully
2026-09-20 08:19:15 INFO auth-service Session created
2026-09-20 08:19:16 INFO user-service User created
2026-09-20 08:19:17 level=INFO service=redis-service component=redis-service request_id=req-261332 trace_id=trace-37586340 user_id=user-2632 status_code=200 latency_ms=43 message="Cache set"
2026-09-20 08:19:18 level=INFO service=database-service component=database-service request_id=req-146631 trace_id=trace-61048256 user_id=user-1047 status_code=200 latency_ms=53 message="Query executed successfully"
2026-09-20 08:19:19 INFO monitoring-service Health probe OK
2026-09-20 08:19:20 INFO order-service Order confirmed
2026-09-20 08:19:21 DEBUG notification-service SMS delivered
2026-09-20 08:19:22 level=INFO service=scheduler-service component=scheduler-service request_id=req-517416 trace_id=trace-47276573 user_id=user-2209 status_code=200 latency_ms=202 message="Scheduled job started"
2026-09-20 08:19:23 INFO scheduler-service Scheduled job started
2026-09-20 08:19:24 level=INFO service=redis-service component=redis-service request_id=req-446841 trace_id=trace-30233001 user_id=user-2550 status_code=200 latency_ms=102 message="Cache warmed"
2026-09-20 08:19:25 INFO inventory-service Stock level checked
2026-09-20 08:19:26 WARNING worker-service Job picked up
2026-09-20 08:19:27 INFO payment-service Payment authorized
2026-09-20 08:19:28 INFO redis-service Key expired normally
2026-09-20 08:19:29 INFO monitoring-service Alert evaluated: no action
2026-09-20 08:19:30 INFO notification-service Email queued
2026-09-20 08:19:31 level=INFO service=user-service component=user-service request_id=req-368928 trace_id=trace-14768954 user_id=user-6235 status_code=200 latency_ms=101 message="Profile cache warmed"
2026-09-20 08:19:32 level=INFO service=scheduler-service component=scheduler-service request_id=req-180592 trace_id=trace-25559073 user_id=user-4697 status_code=200 latency_ms=222 message="Scheduled job started"
2026-09-20 08:19:33 DEBUG search-service Index refreshed
2026-09-20 08:19:34 INFO redis-service Cache set
2026-09-20 08:19:35 level=INFO service=worker-service component=worker-service request_id=req-137497 trace_id=trace-60203797 user_id=user-7862 status_code=200 latency_ms=266 message="Job completed successfully"
2026-09-20 08:19:36 level=INFO service=redis-service component=redis-service request_id=req-475086 trace_id=trace-63934737 user_id=user-4929 status_code=200 latency_ms=202 message="Cache set"
2026-09-20 08:19:37 INFO redis-service Cache hit
2026-09-20 08:19:38 INFO auth-service Token issued
2026-09-20 08:19:39 INFO monitoring-service Alert evaluated: no action
2026-09-20 08:19:40 INFO search-service Search query executed
2026-09-20 08:19:41 INFO scheduler-service Cron tick processed
2026-09-20 08:19:42 INFO user-service User profile fetched
2026-09-20 08:19:43 WARNING scheduler-service Scheduled job completed
2026-09-20 08:19:44 level=INFO service=api-gateway component=api-gateway request_id=req-578099 trace_id=trace-59696885 user_id=user-1429 status_code=200 latency_ms=143 message="Rate limit check passed"
2026-09-20 08:19:45 level=INFO service=payment-service component=payment-service request_id=req-812410 trace_id=trace-62570183 user_id=user-6685 status_code=200 latency_ms=226 message="Payment captured"
2026-09-20 08:19:46 INFO monitoring-service Alert evaluated: no action
2026-09-20 08:19:47 WARNING worker-service Job picked up
2026-09-20 08:19:48 INFO inventory-service Inventory reserved
2026-09-20 08:19:49 level=INFO service=database-service component=database-service request_id=req-403534 trace_id=trace-34384883 user_id=user-1690 status_code=200 latency_ms=101 message="Connection acquired from pool"
2026-09-20 08:19:50 INFO order-service Order created
2026-09-20 08:19:51 INFO scheduler-service Scheduled job started
2026-09-20 08:19:52 INFO notification-service Push notification sent
2026-09-20 08:19:53 INFO payment-service Payment authorized
2026-09-20 08:19:54 INFO user-service User profile fetched
2026-09-20 08:19:55 INFO monitoring-service Health probe OK
2026-09-20 08:19:56 INFO auth-service Token issued
2026-09-20 08:19:57 level=INFO service=payment-service component=payment-service request_id=req-531129 trace_id=trace-26188579 user_id=user-5416 status_code=200 latency_ms=298 message="Payment authorized"
2026-09-20 08:19:58 INFO api-gateway Health check OK
2026-09-20 08:19:59 INFO inventory-service Stock level checked
2026-09-20 08:20:00 level=INFO service=search-service component=search-service request_id=req-342683 trace_id=trace-27649760 user_id=user-1913 status_code=200 latency_ms=91 message="Index refreshed"
2026-09-20 08:20:01 level=DEBUG service=api-gateway component=api-gateway request_id=req-732923 trace_id=trace-32991438 user_id=user-9922 status_code=200 latency_ms=284 message="Health check OK"
2026-09-20 08:20:02 INFO worker-service Job completed successfully
2026-09-20 08:20:03 INFO inventory-service Inventory released
2026-09-20 08:20:04 INFO search-service Search query executed
2026-09-20 08:20:05 INFO monitoring-service Health probe OK
2026-09-20 08:20:06 INFO payment-service Refund processed successfully
2026-09-20 08:20:07 INFO auth-service Logout successful
2026-09-20 08:20:08 INFO scheduler-service Scheduled job completed
2026-09-20 08:20:09 INFO monitoring-service Alert evaluated: no action
2026-09-20 08:20:10 level=INFO service=database-service component=database-service request_id=req-388432 trace_id=trace-10466556 user_id=user-4100 status_code=200 latency_ms=50 message="Transaction committed"
2026-09-20 08:20:11 INFO api-gateway Request routed successfully
2026-09-20 08:20:12 INFO notification-service Email queued
2026-09-20 08:20:13 INFO auth-service Token issued
2026-09-20 08:20:14 WARNING scheduler-service Scheduled job completed
2026-09-20 08:20:15 INFO scheduler-service Scheduled job started
2026-09-20 08:20:16 INFO monitoring-service Metrics scraped
2026-09-20 08:20:17 INFO order-service Order status updated
2026-09-20 08:20:18 INFO database-service Connection acquired from pool
2026-09-20 08:20:19 level=INFO service=user-service component=user-service request_id=req-274248 trace_id=trace-89726391 user_id=user-3621 status_code=200 latency_ms=236 message="User preferences updated"
2026-09-20 08:20:20 INFO auth-service Token issued
2026-09-20 08:20:21 level=INFO service=user-service component=user-service request_id=req-285180 trace_id=trace-31923013 user_id=user-4563 status_code=200 latency_ms=181 message="User profile fetched"
2026-09-20 08:20:22 INFO inventory-service Stock level checked
2026-09-20 08:20:23 INFO database-service Transaction committed
2026-09-20 08:20:24 level=INFO service=api-gateway component=api-gateway request_id=req-413832 trace_id=trace-19987171 user_id=user-3814 status_code=200 latency_ms=157 message="TLS handshake completed"
2026-09-20 08:20:25 level=INFO service=order-service component=order-service request_id=req-363863 trace_id=trace-59617744 user_id=user-7354 status_code=200 latency_ms=94 message="Order confirmed"
2026-09-20 08:20:26 INFO database-service Connection acquired from pool
2026-09-20 08:20:27 level=INFO service=user-service component=user-service request_id=req-263859 trace_id=trace-92357034 user_id=user-4099 status_code=200 latency_ms=227 message="User created"
2026-09-20 08:20:28 INFO user-service Profile cache warmed
2026-09-20 08:20:29 INFO inventory-service Inventory reserved
2026-09-20 08:20:30 level=INFO service=monitoring-service component=monitoring-service request_id=req-568482 trace_id=trace-78244930 user_id=user-6983 status_code=200 latency_ms=282 message="Metrics scraped"
2026-09-20 08:20:31 INFO monitoring-service Alert evaluated: no action
2026-09-20 08:20:32 DEBUG search-service Search query executed
2026-09-20 08:20:33 INFO search-service Index refreshed
2026-09-20 08:20:34 level=INFO service=database-service component=database-service request_id=req-462140 trace_id=trace-74021834 user_id=user-3115 status_code=200 latency_ms=109 message="Transaction committed"
2026-09-20 08:20:35 level=INFO service=user-service component=user-service request_id=req-104696 trace_id=trace-85102704 user_id=user-7903 status_code=200 latency_ms=261 message="User preferences updated"
2026-09-20 08:20:36 INFO payment-service Payment gateway responded 200
2026-09-20 08:20:37 INFO redis-service Cache warmed
2026-09-20 08:20:38 level=INFO service=order-service component=order-service request_id=req-381938 trace_id=trace-83512697 user_id=user-5089 status_code=200 latency_ms=65 message="Order shipped"
2026-09-20 08:20:39 INFO scheduler-service Cron tick processed
2026-09-20 08:20:40 DEBUG inventory-service Inventory released
2026-09-20 08:20:41 INFO search-service Search query executed
2026-09-20 08:20:42 DEBUG worker-service Job picked up
2026-09-20 08:20:43 INFO auth-service Token refreshed
2026-09-20 08:20:44 INFO worker-service Job completed successfully
2026-09-20 08:20:45 INFO payment-service Payment request received
2026-09-20 08:20:46 level=INFO service=inventory-service component=inventory-service request_id=req-175190 trace_id=trace-29170948 user_id=user-7927 status_code=200 latency_ms=170 message="Inventory reserved"
2026-09-20 08:20:47 INFO worker-service Job completed successfully
2026-09-20 08:20:48 DEBUG redis-service Key expired normally
2026-09-20 08:20:49 INFO scheduler-service Scheduled job completed
2026-09-20 08:20:50 INFO api-gateway Incoming request accepted
2026-09-20 08:20:51 INFO auth-service Token refreshed
2026-09-20 08:20:52 INFO scheduler-service Scheduled job completed
2026-09-20 08:20:53 INFO scheduler-service Scheduled job started
2026-09-20 08:20:54 INFO worker-service Job picked up
2026-09-20 08:20:55 INFO api-gateway Health check OK
2026-09-20 08:20:56 INFO inventory-service Inventory released
2026-09-20 08:20:57 level=INFO service=monitoring-service component=monitoring-service request_id=req-659411 trace_id=trace-43213304 user_id=user-1494 status_code=200 latency_ms=225 message="Alert evaluated: no action"
2026-09-20 08:20:58 INFO search-service Query results returned
2026-09-20 08:20:59 WARNING scheduler-service Scheduled job started
2026-09-20 08:21:00 level=INFO service=auth-service component=auth-service request_id=req-389024 trace_id=trace-88713694 user_id=user-8278 status_code=200 latency_ms=220 message="Token refreshed"
2026-09-20 08:21:01 level=INFO service=order-service component=order-service request_id=req-782125 trace_id=trace-94029541 user_id=user-7247 status_code=200 latency_ms=239 message="Order status updated"
2026-09-20 08:21:02 INFO order-service Order status updated
2026-09-20 08:21:03 DEBUG user-service User profile fetched
2026-09-20 08:21:04 INFO payment-service Payment request received
2026-09-20 08:21:05 INFO payment-service Payment captured
2026-09-20 08:21:06 INFO api-gateway Response sent
2026-09-20 08:21:07 INFO auth-service Logout successful
2026-09-20 08:21:08 level=INFO service=scheduler-service component=scheduler-service request_id=req-712549 trace_id=trace-19338435 user_id=user-1895 status_code=200 latency_ms=146 message="Scheduled job started"
2026-09-20 08:21:09 level=WARNING service=worker-service component=worker-service request_id=req-832568 trace_id=trace-35815774 user_id=user-2169 status_code=200 latency_ms=101 message="Worker heartbeat OK"
2026-09-20 08:21:10 INFO scheduler-service Scheduled job completed
2026-09-20 08:21:11 WARNING auth-service Token refreshed
2026-09-20 08:21:12 DEBUG user-service Profile cache warmed
2026-09-20 08:21:13 level=INFO service=order-service component=order-service request_id=req-803851 trace_id=trace-46842387 user_id=user-4390 status_code=200 latency_ms=35 message="Order created"
2026-09-20 08:21:14 DEBUG payment-service Payment captured
2026-09-20 08:21:15 INFO api-gateway Rate limit check passed
2026-09-20 08:21:16 level=INFO service=redis-service component=redis-service request_id=req-116168 trace_id=trace-67801244 user_id=user-8288 status_code=200 latency_ms=227 message="Key expired normally"
2026-09-20 08:21:17 INFO monitoring-service Metrics scraped
2026-09-20 08:21:18 INFO order-service Order shipped
2026-09-20 08:21:19 INFO inventory-service Inventory released
2026-09-20 08:21:20 INFO order-service Order status updated
2026-09-20 08:21:21 INFO worker-service Job completed successfully
2026-09-20 08:21:22 INFO redis-service Cache hit
2026-09-20 08:21:23 level=INFO service=payment-service component=payment-service request_id=req-987168 trace_id=trace-22913748 user_id=user-5195 status_code=200 latency_ms=256 message="Refund processed successfully"
2026-09-20 08:21:24 INFO user-service User preferences updated
2026-09-20 08:21:25 INFO api-gateway TLS handshake completed
2026-09-20 08:21:26 DEBUG inventory-service Inventory reserved
2026-09-20 08:21:27 INFO database-service Transaction committed
2026-09-20 08:21:28 INFO payment-service Payment request received
2026-09-20 08:21:29 level=INFO service=database-service component=database-service request_id=req-252076 trace_id=trace-53205720 user_id=user-1521 status_code=200 latency_ms=239 message="Connection acquired from pool"
2026-09-20 08:21:30 INFO redis-service Key expired normally
2026-09-20 08:21:31 INFO scheduler-service Scheduled job completed
2026-09-20 08:21:32 INFO redis-service Cache hit
2026-09-20 08:21:33 INFO notification-service Email queued
2026-09-20 08:21:34 level=INFO service=user-service component=user-service request_id=req-710606 trace_id=trace-97897588 user_id=user-4892 status_code=200 latency_ms=22 message="Profile cache warmed"
2026-09-20 08:21:35 INFO monitoring-service Alert evaluated: no action
2026-09-20 08:21:36 INFO monitoring-service Health probe OK
2026-09-20 08:21:37 INFO api-gateway Response sent
2026-09-20 08:21:38 INFO payment-service Payment gateway responded 200
2026-09-20 08:21:39 level=INFO service=scheduler-service component=scheduler-service request_id=req-641430 trace_id=trace-79898877 user_id=user-8331 status_code=200 latency_ms=109 message="Cron tick processed"
2026-09-20 08:21:40 INFO order-service Order shipped
2026-09-20 08:21:41 INFO order-service Order shipped
2026-09-20 08:21:42 INFO user-service User created
2026-09-20 08:21:43 INFO auth-service Token refreshed
2026-09-20 08:21:44 INFO database-service Index scan completed
2026-09-20 08:21:45 INFO notification-service Push notification sent
2026-09-20 08:21:46 DEBUG payment-service Payment request received
2026-09-20 08:21:47 INFO auth-service Token issued
2026-09-20 08:21:48 level=INFO service=database-service component=database-service request_id=req-616642 trace_id=trace-73182488 user_id=user-9154 status_code=200 latency_ms=233 message="Transaction committed"
2026-09-20 08:21:49 INFO search-service Query results returned
2026-09-20 08:21:50 INFO database-service Query executed successfully
2026-09-20 08:21:51 INFO redis-service Cache set
2026-09-20 08:21:52 INFO api-gateway Health check OK
2026-09-20 08:21:53 level=INFO service=payment-service component=payment-service request_id=req-472732 trace_id=trace-70989234 user_id=user-3923 status_code=200 latency_ms=64 message="Payment authorized"
2026-09-20 08:21:54 level=INFO service=api-gateway component=api-gateway request_id=req-504063 trace_id=trace-21260418 user_id=user-7346 status_code=200 latency_ms=236 message="TLS handshake completed"
2026-09-20 08:21:55 INFO worker-service Job picked up
2026-09-20 08:21:56 INFO auth-service Token refreshed
2026-09-20 08:21:57 INFO worker-service Worker heartbeat OK
2026-09-20 08:21:58 INFO notification-service SMS delivered
2026-09-20 08:21:59 WARNING notification-service Push notification sent
2026-09-20 08:22:00 INFO payment-service Payment request received
2026-09-20 08:22:01 level=INFO service=api-gateway component=api-gateway request_id=req-790266 trace_id=trace-97939633 user_id=user-8823 status_code=200 latency_ms=107 message="Response sent"
2026-09-20 08:22:02 INFO notification-service Email queued
2026-09-20 08:22:03 level=INFO service=api-gateway component=api-gateway request_id=req-329159 trace_id=trace-88277785 user_id=user-6676 status_code=200 latency_ms=120 message="Incoming request accepted"
2026-09-20 08:22:04 INFO api-gateway TLS handshake completed
2026-09-20 08:22:05 INFO database-service Transaction committed
2026-09-20 08:22:06 INFO redis-service Cache hit
2026-09-20 08:22:07 INFO api-gateway Request routed successfully
2026-09-20 08:22:08 level=INFO service=api-gateway component=api-gateway request_id=req-825448 trace_id=trace-89260909 user_id=user-9274 status_code=200 latency_ms=39 message="Response sent"
2026-09-20 08:22:09 INFO api-gateway Rate limit check passed
2026-09-20 08:22:10 INFO order-service Order created
2026-09-20 08:22:11 INFO scheduler-service Scheduled job started
2026-09-20 08:22:12 INFO order-service Order created
2026-09-20 08:22:13 DEBUG inventory-service Stock level checked
2026-09-20 08:22:14 WARNING monitoring-service Alert evaluated: no action
2026-09-20 08:22:15 INFO database-service Query executed successfully
2026-09-20 08:22:16 INFO redis-service Key expired normally
2026-09-20 08:22:17 INFO redis-service Cache warmed
2026-09-20 08:22:18 DEBUG search-service Search query executed
2026-09-20 08:22:19 INFO payment-service Payment captured
2026-09-20 08:22:20 INFO scheduler-service Scheduled job started
2026-09-20 08:22:21 level=INFO service=notification-service component=notification-service request_id=req-392633 trace_id=trace-35269861 user_id=user-9088 status_code=200 latency_ms=35 message="Push notification sent"
2026-09-20 08:22:22 INFO inventory-service Stock level checked
2026-09-20 08:22:23 INFO payment-service Refund processed successfully
2026-09-20 08:22:24 INFO worker-service Job picked up
2026-09-20 08:22:25 INFO api-gateway Health check OK
2026-09-20 08:22:26 DEBUG notification-service Email queued
2026-09-20 08:22:27 INFO api-gateway Incoming request accepted
2026-09-20 08:22:28 INFO notification-service Push notification sent
2026-09-20 08:22:29 WARNING database-service Connection acquired from pool
2026-09-20 08:22:30 level=INFO service=inventory-service component=inventory-service request_id=req-398272 trace_id=trace-37103863 user_id=user-3238 status_code=200 latency_ms=267 message="Inventory reserved"
2026-09-20 08:22:31 level=DEBUG service=database-service component=database-service request_id=req-672197 trace_id=trace-16008239 user_id=user-1422 status_code=200 latency_ms=249 message="Query executed successfully"
2026-09-20 08:22:32 INFO user-service User profile fetched
2026-09-20 08:22:33 DEBUG payment-service Payment authorized
2026-09-20 08:22:34 INFO api-gateway Health check OK
2026-09-20 08:22:35 level=INFO service=payment-service component=payment-service request_id=req-704821 trace_id=trace-72282149 user_id=user-6693 status_code=200 latency_ms=27 message="Refund processed successfully"
2026-09-20 08:22:36 level=INFO service=database-service component=database-service request_id=req-517947 trace_id=trace-21323629 user_id=user-1302 status_code=200 latency_ms=220 message="Transaction committed"
2026-09-20 08:22:37 INFO database-service Transaction committed
2026-09-20 08:22:38 DEBUG search-service Search query executed
2026-09-20 08:22:39 INFO order-service Order status updated
2026-09-20 08:22:40 level=WARNING service=notification-service component=notification-service request_id=req-588886 trace_id=trace-69580659 user_id=user-3166 status_code=200 latency_ms=101 message="Email queued"
2026-09-20 08:22:41 INFO notification-service Push notification sent
2026-09-20 08:22:42 level=INFO service=worker-service component=worker-service request_id=req-120266 trace_id=trace-34169934 user_id=user-9572 status_code=200 latency_ms=210 message="Job picked up"
2026-09-20 08:22:43 INFO worker-service Job completed successfully
2026-09-20 08:22:44 INFO inventory-service Stock level checked
2026-09-20 08:22:45 INFO search-service Query results returned
2026-09-20 08:22:46 INFO notification-service SMS delivered
2026-09-20 08:22:47 INFO user-service Profile cache warmed
2026-09-20 08:22:48 INFO inventory-service Inventory released
2026-09-20 08:22:49 DEBUG redis-service Cache set
2026-09-20 08:22:50 INFO redis-service Cache hit
2026-09-20 08:22:51 INFO order-service Order confirmed
2026-09-20 08:22:52 INFO user-service Profile cache warmed
2026-09-20 08:22:53 level=INFO service=notification-service component=notification-service request_id=req-636965 trace_id=trace-54196320 user_id=user-8182 status_code=200 latency_ms=46 message="SMS delivered"
2026-09-20 08:22:54 INFO inventory-service Inventory released
2026-09-20 08:22:55 level=INFO service=order-service component=order-service request_id=req-785689 trace_id=trace-44215768 user_id=user-3944 status_code=200 latency_ms=126 message="Order confirmed"
2026-09-20 08:22:56 level=INFO service=scheduler-service component=scheduler-service request_id=req-773480 trace_id=trace-75391137 user_id=user-9801 status_code=200 latency_ms=99 message="Scheduled job started"
2026-09-20 08:22:57 INFO monitoring-service Metrics scraped
2026-09-20 08:22:58 WARNING scheduler-service Scheduled job started
2026-09-20 08:22:59 level=WARNING service=monitoring-service component=monitoring-service request_id=req-615835 trace_id=trace-64122217 user_id=user-1074 status_code=200 latency_ms=233 message="Metrics scraped"
2026-09-20 08:23:00 level=INFO service=redis-service component=redis-service request_id=req-496460 trace_id=trace-67337518 user_id=user-6199 status_code=200 latency_ms=25 message="Cache warmed"
2026-09-20 08:23:01 INFO redis-service Cache warmed
2026-09-20 08:23:02 INFO auth-service Token issued
2026-09-20 08:23:03 INFO notification-service Email queued
2026-09-20 08:23:04 INFO user-service User created
2026-09-20 08:23:05 INFO worker-service Worker heartbeat OK
2026-09-20 08:23:06 level=INFO service=scheduler-service component=scheduler-service request_id=req-702156 trace_id=trace-83891526 user_id=user-7543 status_code=200 latency_ms=134 message="Scheduled job completed"
2026-09-20 08:23:07 INFO user-service User preferences updated
2026-09-20 08:23:08 WARNING notification-service Push notification sent
2026-09-20 08:23:09 INFO api-gateway Rate limit check passed
2026-09-20 08:23:10 level=INFO service=redis-service component=redis-service request_id=req-932208 trace_id=trace-54391342 user_id=user-4688 status_code=200 latency_ms=222 message="Cache hit"
2026-09-20 08:23:11 INFO auth-service Token issued
2026-09-20 08:23:12 level=INFO service=inventory-service component=inventory-service request_id=req-588946 trace_id=trace-90654618 user_id=user-2710 status_code=200 latency_ms=23 message="Stock level checked"
2026-09-20 08:23:13 DEBUG search-service Index refreshed
2026-09-20 08:23:14 INFO scheduler-service Scheduled job completed
2026-09-20 08:23:15 INFO payment-service Payment gateway responded 200
2026-09-20 08:23:16 INFO worker-service Job picked up
2026-09-20 08:23:17 level=INFO service=order-service component=order-service request_id=req-256203 trace_id=trace-90919572 user_id=user-5120 status_code=200 latency_ms=285 message="Order created"
2026-09-20 08:23:18 INFO inventory-service Stock level checked
2026-09-20 08:23:19 INFO user-service User profile fetched
2026-09-20 08:23:20 level=INFO service=database-service component=database-service request_id=req-124783 trace_id=trace-71452419 user_id=user-6054 status_code=200 latency_ms=194 message="Transaction committed"
2026-09-20 08:23:21 level=INFO service=user-service component=user-service request_id=req-723727 trace_id=trace-57720580 user_id=user-1975 status_code=200 latency_ms=117 message="User preferences updated"
2026-09-20 08:23:22 INFO worker-service Job picked up
2026-09-20 08:23:23 INFO notification-service Push notification sent
2026-09-20 08:23:24 INFO api-gateway Health check OK
2026-09-20 08:23:25 INFO inventory-service Inventory released
2026-09-20 08:23:26 level=INFO service=notification-service component=notification-service request_id=req-319129 trace_id=trace-39162415 user_id=user-7374 status_code=200 latency_ms=246 message="SMS delivered"
2026-09-20 08:23:27 INFO payment-service Payment captured
2026-09-20 08:23:28 WARNING payment-service Payment request received
2026-09-20 08:23:29 INFO scheduler-service Cron tick processed
2026-09-20 08:23:30 INFO notification-service SMS delivered
2026-09-20 08:23:31 level=INFO service=monitoring-service component=monitoring-service request_id=req-784282 trace_id=trace-42491032 user_id=user-7825 status_code=200 latency_ms=150 message="Alert evaluated: no action"
2026-09-20 08:23:32 INFO order-service Order created
2026-09-20 08:23:33 INFO auth-service Token refreshed
2026-09-20 08:23:34 level=INFO service=database-service component=database-service request_id=req-130914 trace_id=trace-20740878 user_id=user-9070 status_code=200 latency_ms=215 message="Index scan completed"
2026-09-20 08:23:35 INFO worker-service Job picked up
2026-09-20 08:23:36 level=DEBUG service=order-service component=order-service request_id=req-443307 trace_id=trace-65340518 user_id=user-9368 status_code=200 latency_ms=94 message="Order created"
2026-09-20 08:23:37 INFO monitoring-service Alert evaluated: no action
2026-09-20 08:23:38 INFO search-service Index refreshed
2026-09-20 08:23:39 INFO database-service Index scan completed
2026-09-20 08:23:40 level=INFO service=notification-service component=notification-service request_id=req-593982 trace_id=trace-26295077 user_id=user-5638 status_code=200 latency_ms=167 message="Email queued"
2026-09-20 08:23:41 INFO inventory-service Stock level checked
2026-09-20 08:23:42 INFO worker-service Job picked up
2026-09-20 08:23:43 INFO monitoring-service Health probe OK
2026-09-20 08:23:44 level=INFO service=worker-service component=worker-service request_id=req-800058 trace_id=trace-60523107 user_id=user-8842 status_code=200 latency_ms=129 message="Job completed successfully"
2026-09-20 08:23:45 INFO inventory-service Inventory reserved
2026-09-20 08:23:46 level=INFO service=order-service component=order-service request_id=req-712521 trace_id=trace-95079958 user_id=user-9358 status_code=200 latency_ms=171 message="Order shipped"
2026-09-20 08:23:47 level=WARNING service=monitoring-service component=monitoring-service request_id=req-478796 trace_id=trace-93238446 user_id=user-6865 status_code=200 latency_ms=244 message="Alert evaluated: no action"
2026-09-20 08:23:48 INFO inventory-service Inventory released
2026-09-20 08:23:49 INFO auth-service User authenticated successfully
2026-09-20 08:23:50 INFO order-service Order shipped
2026-09-20 08:23:51 INFO order-service Order status updated
2026-09-20 08:23:52 INFO scheduler-service Cron tick processed
2026-09-20 08:23:53 level=INFO service=monitoring-service component=monitoring-service request_id=req-503796 trace_id=trace-91427314 user_id=user-3693 status_code=200 latency_ms=254 message="Metrics scraped"
2026-09-20 08:23:54 INFO database-service Connection acquired from pool
2026-09-20 08:23:55 INFO inventory-service Stock level checked
2026-09-20 08:23:56 INFO redis-service Key expired normally
2026-09-20 08:23:57 level=INFO service=redis-service component=redis-service request_id=req-962945 trace_id=trace-88249308 user_id=user-8637 status_code=200 latency_ms=82 message="Key expired normally"
2026-09-20 08:23:58 INFO scheduler-service Scheduled job completed
2026-09-20 08:23:59 level=INFO service=auth-service component=auth-service request_id=req-959969 trace_id=trace-81889391 user_id=user-1121 status_code=200 latency_ms=147 message="User authenticated successfully"
2026-09-20 08:24:00 INFO order-service Order status updated
2026-09-20 08:24:01 INFO worker-service Worker heartbeat OK
2026-09-20 08:24:02 INFO api-gateway Incoming request accepted
2026-09-20 08:24:03 INFO order-service Order confirmed
2026-09-20 08:24:04 level=INFO service=order-service component=order-service request_id=req-567068 trace_id=trace-83802396 user_id=user-8472 status_code=200 latency_ms=194 message="Order status updated"
2026-09-20 08:24:05 INFO user-service User profile fetched
2026-09-20 08:24:06 level=INFO service=notification-service component=notification-service request_id=req-321907 trace_id=trace-60745821 user_id=user-8761 status_code=200 latency_ms=265 message="Push notification sent"
2026-09-20 08:24:07 INFO payment-service Payment gateway responded 200
2026-09-20 08:24:08 INFO user-service User profile fetched
2026-09-20 08:24:09 INFO user-service User profile fetched
2026-09-20 08:24:10 level=INFO service=notification-service component=notification-service request_id=req-425808 trace_id=trace-98718130 user_id=user-7506 status_code=200 latency_ms=101 message="SMS delivered"
2026-09-20 08:24:11 INFO search-service Query results returned
2026-09-20 08:24:12 INFO worker-service Job completed successfully
2026-09-20 08:24:13 level=INFO service=notification-service component=notification-service request_id=req-288908 trace_id=trace-51878669 user_id=user-8609 status_code=200 latency_ms=85 message="SMS delivered"
2026-09-20 08:24:14 level=WARNING service=search-service component=search-service request_id=req-618033 trace_id=trace-64333873 user_id=user-7940 status_code=200 latency_ms=146 message="Query results returned"
2026-09-20 08:24:15 level=DEBUG service=database-service component=database-service request_id=req-196471 trace_id=trace-95612814 user_id=user-5385 status_code=200 latency_ms=241 message="Index scan completed"
2026-09-20 08:24:16 INFO redis-service Key expired normally
2026-09-20 08:24:17 INFO auth-service Logout successful
2026-09-20 08:24:18 INFO auth-service Token refreshed
2026-09-20 08:24:19 INFO search-service Search query executed
2026-09-20 08:24:20 level=INFO service=user-service component=user-service request_id=req-350795 trace_id=trace-43706716 user_id=user-6588 status_code=200 latency_ms=241 message="User profile fetched"
2026-09-20 08:24:21 INFO order-service Order shipped
2026-09-20 08:24:22 INFO monitoring-service Metrics scraped
2026-09-20 08:24:23 INFO inventory-service Stock level checked
2026-09-20 08:24:24 INFO payment-service Payment gateway responded 200
2026-09-20 08:24:25 INFO database-service Query executed successfully
2026-09-20 08:24:26 INFO api-gateway Incoming request accepted
2026-09-20 08:24:27 level=INFO service=worker-service component=worker-service request_id=req-412198 trace_id=trace-51971760 user_id=user-4994 status_code=200 latency_ms=215 message="Job picked up"
2026-09-20 08:24:28 INFO redis-service Cache warmed
2026-09-20 08:24:29 INFO auth-service User authenticated successfully
2026-09-20 08:24:30 INFO inventory-service Inventory released
2026-09-20 08:24:31 INFO scheduler-service Scheduled job started
2026-09-20 08:24:32 DEBUG payment-service Payment authorized
2026-09-20 08:24:33 INFO order-service Order status updated
2026-09-20 08:24:34 INFO search-service Query results returned
2026-09-20 08:24:35 INFO search-service Query results returned
2026-09-20 08:24:36 level=INFO service=monitoring-service component=monitoring-service request_id=req-101953 trace_id=trace-58368776 user_id=user-8022 status_code=200 latency_ms=260 message="Metrics scraped"
2026-09-20 08:24:37 INFO redis-service Cache set
2026-09-20 08:24:38 INFO user-service User profile fetched
2026-09-20 08:24:39 INFO monitoring-service Health probe OK
2026-09-20 08:24:40 INFO notification-service Email queued
2026-09-20 08:24:41 INFO database-service Connection acquired from pool
2026-09-20 08:24:42 INFO notification-service SMS delivered
2026-09-20 08:24:43 WARNING order-service Order shipped
2026-09-20 08:24:44 level=INFO service=search-service component=search-service request_id=req-303410 trace_id=trace-27755389 user_id=user-7758 status_code=200 latency_ms=221 message="Search query executed"
2026-09-20 08:24:45 INFO database-service Connection acquired from pool
2026-09-20 08:24:46 INFO notification-service Email queued
2026-09-20 08:24:47 INFO search-service Query results returned
2026-09-20 08:24:48 INFO auth-service User authenticated successfully
2026-09-20 08:24:49 INFO auth-service Token refreshed
2026-09-20 08:24:50 INFO worker-service Worker heartbeat OK
2026-09-20 08:24:51 INFO notification-service Push notification sent
2026-09-20 08:24:52 INFO auth-service Logout successful
2026-09-20 08:24:53 level=INFO service=redis-service component=redis-service request_id=req-326000 trace_id=trace-78665997 user_id=user-3474 status_code=200 latency_ms=24 message="Cache hit"
2026-09-20 08:24:54 level=INFO service=scheduler-service component=scheduler-service request_id=req-209947 trace_id=trace-59537204 user_id=user-1042 status_code=200 latency_ms=35 message="Cron tick processed"
2026-09-20 08:24:55 INFO monitoring-service Alert evaluated: no action
2026-09-20 08:24:56 INFO search-service Index refreshed
2026-09-20 08:24:57 INFO notification-service SMS delivered
2026-09-20 08:24:58 INFO api-gateway Incoming request accepted
2026-09-20 08:24:59 level=DEBUG service=user-service component=user-service request_id=req-815289 trace_id=trace-46250943 user_id=user-7881 status_code=200 latency_ms=182 message="User profile fetched"
2026-09-20 08:25:00 level=DEBUG service=redis-service component=redis-service request_id=req-321483 trace_id=trace-42245691 user_id=user-7820 status_code=200 latency_ms=155 message="Cache set"
2026-09-20 08:25:01 INFO api-gateway Incoming request accepted
2026-09-20 08:25:02 level=INFO service=auth-service component=auth-service request_id=req-378988 trace_id=trace-87083473 user_id=user-6445 status_code=200 latency_ms=191 message="User authenticated successfully"
2026-09-20 08:25:03 INFO search-service Query results returned
2026-09-20 08:25:04 INFO auth-service Session created
2026-09-20 08:25:05 INFO payment-service Payment gateway responded 200
2026-09-20 08:25:06 level=INFO service=api-gateway component=api-gateway request_id=req-168958 trace_id=trace-75780775 user_id=user-7820 status_code=200 latency_ms=164 message="Request routed successfully"
2026-09-20 08:25:07 level=WARNING service=inventory-service component=inventory-service request_id=req-701825 trace_id=trace-50618180 user_id=user-9880 status_code=200 latency_ms=203 message="Inventory released"
2026-09-20 08:25:08 level=INFO service=worker-service component=worker-service request_id=req-178147 trace_id=trace-66444667 user_id=user-9517 status_code=200 latency_ms=28 message="Job completed successfully"
2026-09-20 08:25:09 INFO api-gateway Request routed successfully
2026-09-20 08:25:10 INFO worker-service Worker heartbeat OK
2026-09-20 08:25:11 INFO search-service Search query executed
2026-09-20 08:25:12 INFO inventory-service Stock level checked
2026-09-20 08:25:13 level=INFO service=search-service component=search-service request_id=req-134993 trace_id=trace-25641562 user_id=user-7088 status_code=200 latency_ms=226 message="Search query executed"
2026-09-20 08:25:14 INFO user-service User profile fetched
2026-09-20 08:25:15 INFO auth-service Token refreshed
2026-09-20 08:25:16 INFO scheduler-service Scheduled job completed
2026-09-20 08:25:17 INFO redis-service Cache hit
2026-09-20 08:25:18 level=WARNING service=order-service component=order-service request_id=req-389695 trace_id=trace-84003335 user_id=user-6414 status_code=200 latency_ms=225 message="Order status updated"
2026-09-20 08:25:19 INFO inventory-service Stock level checked
2026-09-20 08:25:20 INFO search-service Search query executed
2026-09-20 08:25:21 INFO api-gateway TLS handshake completed
2026-09-20 08:25:22 level=INFO service=monitoring-service component=monitoring-service request_id=req-487559 trace_id=trace-36712789 user_id=user-2608 status_code=200 latency_ms=119 message="Health probe OK"
2026-09-20 08:25:23 DEBUG worker-service Worker heartbeat OK
2026-09-20 08:25:24 INFO search-service Index refreshed
2026-09-20 08:25:25 level=INFO service=notification-service component=notification-service request_id=req-262711 trace_id=trace-19731485 user_id=user-9312 status_code=200 latency_ms=199 message="SMS delivered"
2026-09-20 08:25:26 INFO inventory-service Inventory reserved
2026-09-20 08:25:27 DEBUG scheduler-service Cron tick processed
2026-09-20 08:25:28 level=INFO service=search-service component=search-service request_id=req-809778 trace_id=trace-98626039 user_id=user-9701 status_code=200 latency_ms=278 message="Query results returned"
2026-09-20 08:25:29 WARNING search-service Index refreshed
2026-09-20 08:25:30 INFO monitoring-service Alert evaluated: no action
2026-09-20 08:25:31 level=INFO service=redis-service component=redis-service request_id=req-324766 trace_id=trace-70692607 user_id=user-8724 status_code=200 latency_ms=27 message="Cache hit"
2026-09-20 08:25:32 level=INFO service=user-service component=user-service request_id=req-928491 trace_id=trace-84486589 user_id=user-7709 status_code=200 latency_ms=297 message="User preferences updated"
2026-09-20 08:25:33 INFO search-service Index refreshed
2026-09-20 08:25:34 INFO user-service Profile cache warmed
2026-09-20 08:25:35 INFO database-service Query executed successfully
2026-09-20 08:25:36 WARNING order-service Order shipped
2026-09-20 08:25:37 INFO payment-service Payment request received
2026-09-20 08:25:38 level=INFO service=scheduler-service component=scheduler-service request_id=req-178606 trace_id=trace-76339333 user_id=user-1548 status_code=200 latency_ms=212 message="Scheduled job started"
2026-09-20 08:25:39 DEBUG api-gateway Rate limit check passed
2026-09-20 08:25:40 level=INFO service=inventory-service component=inventory-service request_id=req-815148 trace_id=trace-35810547 user_id=user-5109 status_code=200 latency_ms=84 message="Inventory released"
2026-09-20 08:25:41 INFO redis-service Cache hit
2026-09-20 08:25:42 level=INFO service=search-service component=search-service request_id=req-361102 trace_id=trace-86797379 user_id=user-7310 status_code=200 latency_ms=182 message="Index refreshed"
2026-09-20 08:25:43 INFO auth-service Token refreshed
2026-09-20 08:25:44 INFO order-service Order confirmed
2026-09-20 08:25:45 INFO scheduler-service Cron tick processed
2026-09-20 08:25:46 INFO redis-service Cache hit
2026-09-20 08:25:47 level=INFO service=api-gateway component=api-gateway request_id=req-252724 trace_id=trace-89029155 user_id=user-5190 status_code=200 latency_ms=185 message="TLS handshake completed"
2026-09-20 08:25:48 level=INFO service=payment-service component=payment-service request_id=req-992343 trace_id=trace-51326142 user_id=user-9439 status_code=200 latency_ms=64 message="Refund processed successfully"
2026-09-20 08:25:49 INFO user-service User profile fetched
2026-09-20 08:25:50 INFO scheduler-service Scheduled job started
2026-09-20 08:25:51 level=INFO service=notification-service component=notification-service request_id=req-849053 trace_id=trace-85642022 user_id=user-5891 status_code=200 latency_ms=226 message="Email queued"
2026-09-20 08:25:52 level=INFO service=redis-service component=redis-service request_id=req-272697 trace_id=trace-37787305 user_id=user-4592 status_code=200 latency_ms=47 message="Cache hit"
2026-09-20 08:25:53 DEBUG scheduler-service Scheduled job completed
2026-09-20 08:25:54 INFO notification-service Push notification sent
2026-09-20 08:25:55 level=INFO service=notification-service component=notification-service request_id=req-862293 trace_id=trace-96856978 user_id=user-4148 status_code=200 latency_ms=295 message="Email queued"
2026-09-20 08:25:56 INFO notification-service Email queued
2026-09-20 08:25:57 level=INFO service=order-service component=order-service request_id=req-123724 trace_id=trace-75319238 user_id=user-5322 status_code=200 latency_ms=273 message="Order confirmed"
2026-09-20 08:25:58 INFO worker-service Job picked up
2026-09-20 08:25:59 INFO user-service User profile fetched
2026-09-20 08:26:00 INFO search-service Query results returned
2026-09-20 08:26:01 WARNING scheduler-service Scheduled job started
2026-09-20 08:26:02 INFO payment-service Payment authorized
2026-09-20 08:26:03 level=WARNING service=inventory-service component=inventory-service request_id=req-834155 trace_id=trace-77367203 user_id=user-9035 status_code=200 latency_ms=28 message="Inventory reserved"
2026-09-20 08:26:04 INFO auth-service User authenticated successfully
2026-09-20 08:26:05 INFO inventory-service Inventory reserved
2026-09-20 08:26:06 INFO search-service Query results returned
2026-09-20 08:26:07 INFO inventory-service Stock level checked
2026-09-20 08:26:08 level=INFO service=search-service component=search-service request_id=req-368420 trace_id=trace-43127402 user_id=user-6200 status_code=200 latency_ms=232 message="Index refreshed"
2026-09-20 08:26:09 level=INFO service=auth-service component=auth-service request_id=req-420324 trace_id=trace-28998621 user_id=user-5333 status_code=200 latency_ms=297 message="Session created"
2026-09-20 08:26:10 INFO monitoring-service Alert evaluated: no action
2026-09-20 08:26:11 level=INFO service=search-service component=search-service request_id=req-747200 trace_id=trace-20209986 user_id=user-8519 status_code=200 latency_ms=94 message="Query results returned"
2026-09-20 08:26:12 INFO auth-service User authenticated successfully
2026-09-20 08:26:13 level=INFO service=user-service component=user-service request_id=req-981861 trace_id=trace-75852770 user_id=user-9449 status_code=200 latency_ms=186 message="User preferences updated"
2026-09-20 08:26:14 level=INFO service=monitoring-service component=monitoring-service request_id=req-899058 trace_id=trace-60968846 user_id=user-3247 status_code=200 latency_ms=200 message="Metrics scraped"
2026-09-20 08:26:15 level=INFO service=scheduler-service component=scheduler-service request_id=req-394259 trace_id=trace-18770123 user_id=user-4598 status_code=200 latency_ms=85 message="Scheduled job started"
2026-09-20 08:26:16 level=DEBUG service=api-gateway component=api-gateway request_id=req-544903 trace_id=trace-50583073 user_id=user-6036 status_code=200 latency_ms=159 message="Request routed successfully"
2026-09-20 08:26:17 INFO auth-service Token issued
2026-09-20 08:26:18 INFO database-service Query executed successfully
2026-09-20 08:26:19 level=INFO service=inventory-service component=inventory-service request_id=req-601662 trace_id=trace-73653690 user_id=user-1385 status_code=200 latency_ms=83 message="Inventory released"
2026-09-20 08:26:20 INFO worker-service Job picked up
2026-09-20 08:26:21 INFO search-service Query results returned
2026-09-20 08:26:22 INFO database-service Index scan completed
2026-09-20 08:26:23 INFO inventory-service Inventory released
2026-09-20 08:26:24 level=INFO service=monitoring-service component=monitoring-service request_id=req-995534 trace_id=trace-70107253 user_id=user-8118 status_code=200 latency_ms=22 message="Metrics scraped"
2026-09-20 08:26:25 INFO monitoring-service Alert evaluated: no action
2026-09-20 08:26:26 level=INFO service=auth-service component=auth-service request_id=req-630610 trace_id=trace-13528457 user_id=user-1656 status_code=200 latency_ms=225 message="Session created"
2026-09-20 08:26:27 INFO database-service Query executed successfully
2026-09-20 08:26:28 INFO order-service Order created
2026-09-20 08:26:29 level=INFO service=monitoring-service component=monitoring-service request_id=req-169258 trace_id=trace-29331849 user_id=user-8923 status_code=200 latency_ms=63 message="Metrics scraped"
2026-09-20 08:26:30 WARNING monitoring-service Alert evaluated: no action
2026-09-20 08:26:31 WARNING auth-service Token refreshed
2026-09-20 08:26:32 INFO scheduler-service Cron tick processed
2026-09-20 08:26:33 level=INFO service=auth-service component=auth-service request_id=req-343583 trace_id=trace-38480407 user_id=user-2830 status_code=200 latency_ms=170 message="Logout successful"
2026-09-20 08:26:34 INFO notification-service Email queued
2026-09-20 08:26:35 INFO notification-service SMS delivered
2026-09-20 08:26:36 INFO database-service Transaction committed
2026-09-20 08:26:37 INFO notification-service Email queued
2026-09-20 08:26:38 INFO payment-service Payment gateway responded 200
2026-09-20 08:26:39 INFO search-service Search query executed
2026-09-20 08:26:40 INFO payment-service Payment gateway responded 200
2026-09-20 08:26:41 INFO auth-service User authenticated successfully
2026-09-20 08:26:42 INFO database-service Transaction committed
2026-09-20 08:26:43 INFO redis-service Cache set
2026-09-20 08:26:44 INFO auth-service Token issued
2026-09-20 08:26:45 INFO order-service Order shipped
2026-09-20 08:26:46 INFO scheduler-service Scheduled job started
2026-09-20 08:26:47 INFO monitoring-service Alert evaluated: no action
2026-09-20 08:26:48 INFO inventory-service Inventory released
2026-09-20 08:26:49 INFO inventory-service Inventory reserved
2026-09-20 08:26:50 INFO payment-service Refund processed successfully
2026-09-20 08:26:51 level=INFO service=worker-service component=worker-service request_id=req-965389 trace_id=trace-44955979 user_id=user-9338 status_code=200 latency_ms=264 message="Job picked up"
2026-09-20 08:26:52 INFO search-service Index refreshed
2026-09-20 08:26:53 INFO user-service User preferences updated
2026-09-20 08:26:54 WARNING notification-service Push notification sent
2026-09-20 08:26:55 INFO monitoring-service Alert evaluated: no action
2026-09-20 08:26:56 INFO payment-service Payment request received
2026-09-20 08:26:57 INFO redis-service Cache warmed
2026-09-20 08:26:58 INFO worker-service Job completed successfully
2026-09-20 08:26:59 INFO search-service Query results returned
2026-09-20 08:27:00 INFO inventory-service Inventory reserved
2026-09-20 08:27:01 WARNING scheduler-service Cron tick processed
2026-09-20 08:27:02 level=INFO service=payment-service component=payment-service request_id=req-619577 trace_id=trace-53901552 user_id=user-5667 status_code=200 latency_ms=227 message="Payment gateway responded 200"
2026-09-20 08:27:03 INFO payment-service Payment captured
2026-09-20 08:27:04 INFO monitoring-service Health probe OK
2026-09-20 08:27:05 INFO database-service Query executed successfully
2026-09-20 08:27:06 INFO search-service Search query executed
2026-09-20 08:27:07 INFO database-service Transaction committed
2026-09-20 08:27:08 level=INFO service=inventory-service component=inventory-service request_id=req-174696 trace_id=trace-75086738 user_id=user-4208 status_code=200 latency_ms=25 message="Stock level checked"
2026-09-20 08:27:09 level=INFO service=payment-service component=payment-service request_id=req-280447 trace_id=trace-57169717 user_id=user-3873 status_code=200 latency_ms=256 message="Payment captured"
2026-09-20 08:27:10 INFO payment-service Payment gateway responded 200
2026-09-20 08:27:11 level=INFO service=inventory-service component=inventory-service request_id=req-484542 trace_id=trace-59127355 user_id=user-6602 status_code=200 latency_ms=41 message="Inventory released"
2026-09-20 08:27:12 level=INFO service=monitoring-service component=monitoring-service request_id=req-622261 trace_id=trace-72967747 user_id=user-5730 status_code=200 latency_ms=68 message="Alert evaluated: no action"
2026-09-20 08:27:13 INFO worker-service Job completed successfully
2026-09-20 08:27:14 INFO worker-service Job picked up
2026-09-20 08:27:15 INFO scheduler-service Scheduled job completed
2026-09-20 08:27:16 level=INFO service=redis-service component=redis-service request_id=req-153779 trace_id=trace-46936830 user_id=user-2193 status_code=200 latency_ms=80 message="Cache set"
2026-09-20 08:27:17 INFO api-gateway Response sent
2026-09-20 08:27:18 level=INFO service=database-service component=database-service request_id=req-968878 trace_id=trace-24341678 user_id=user-5564 status_code=200 latency_ms=46 message="Transaction committed"
2026-09-20 08:27:19 INFO redis-service Cache hit
2026-09-20 08:27:20 level=WARNING service=database-service component=database-service request_id=req-157614 trace_id=trace-86984297 user_id=user-4909 status_code=200 latency_ms=32 message="Index scan completed"
2026-09-20 08:27:21 WARNING auth-service Logout successful
2026-09-20 08:27:22 level=INFO service=scheduler-service component=scheduler-service request_id=req-162085 trace_id=trace-60262289 user_id=user-1017 status_code=200 latency_ms=106 message="Cron tick processed"
2026-09-20 08:27:23 INFO notification-service Email queued
2026-09-20 08:27:24 level=INFO service=search-service component=search-service request_id=req-667288 trace_id=trace-79771282 user_id=user-5152 status_code=200 latency_ms=186 message="Query results returned"
2026-09-20 08:27:25 level=INFO service=order-service component=order-service request_id=req-708565 trace_id=trace-45485433 user_id=user-2182 status_code=200 latency_ms=143 message="Order confirmed"
2026-09-20 08:27:26 INFO payment-service Payment request received
2026-09-20 08:27:27 level=INFO service=monitoring-service component=monitoring-service request_id=req-615558 trace_id=trace-64212054 user_id=user-1558 status_code=200 latency_ms=207 message="Metrics scraped"
2026-09-20 08:27:28 level=INFO service=order-service component=order-service request_id=req-201283 trace_id=trace-58664280 user_id=user-2963 status_code=200 latency_ms=110 message="Order status updated"
2026-09-20 08:27:29 WARNING scheduler-service Scheduled job completed
2026-09-20 08:27:30 INFO search-service Query results returned
2026-09-20 08:27:31 INFO search-service Index refreshed
2026-09-20 08:27:32 INFO inventory-service Inventory reserved
2026-09-20 08:27:33 level=INFO service=user-service component=user-service request_id=req-966971 trace_id=trace-16264821 user_id=user-5698 status_code=200 latency_ms=268 message="User preferences updated"
2026-09-20 08:27:34 INFO user-service User profile fetched
2026-09-20 08:27:35 INFO database-service Connection acquired from pool
2026-09-20 08:27:36 INFO order-service Order shipped
2026-09-20 08:27:37 INFO search-service Index refreshed
2026-09-20 08:27:38 level=INFO service=order-service component=order-service request_id=req-911338 trace_id=trace-62597322 user_id=user-8719 status_code=200 latency_ms=263 message="Order status updated"
2026-09-20 08:27:39 INFO worker-service Job completed successfully
2026-09-20 08:27:40 level=INFO service=redis-service component=redis-service request_id=req-945726 trace_id=trace-37731098 user_id=user-1542 status_code=200 latency_ms=47 message="Cache hit"
2026-09-20 08:27:41 INFO worker-service Worker heartbeat OK
2026-09-20 08:27:42 level=INFO service=auth-service component=auth-service request_id=req-255132 trace_id=trace-38235919 user_id=user-8626 status_code=200 latency_ms=99 message="Logout successful"
2026-09-20 08:27:43 INFO database-service Transaction committed
2026-09-20 08:27:44 INFO redis-service Cache warmed
2026-09-20 08:27:45 INFO worker-service Job completed successfully
2026-09-20 08:27:46 INFO search-service Index refreshed
2026-09-20 08:27:47 INFO order-service Order confirmed
2026-09-20 08:27:48 INFO notification-service Push notification sent
2026-09-20 08:27:49 level=INFO service=order-service component=order-service request_id=req-158396 trace_id=trace-27753605 user_id=user-2978 status_code=200 latency_ms=255 message="Order confirmed"
2026-09-20 08:27:50 INFO order-service Order created
2026-09-20 08:27:51 INFO search-service Search query executed
2026-09-20 08:27:52 level=INFO service=worker-service component=worker-service request_id=req-794153 trace_id=trace-97038979 user_id=user-7008 status_code=200 latency_ms=233 message="Job picked up"
2026-09-20 08:27:53 INFO order-service Order created
2026-09-20 08:27:54 INFO order-service Order status updated
2026-09-20 08:27:55 INFO auth-service Session created
2026-09-20 08:27:56 INFO api-gateway Health check OK
2026-09-20 08:27:57 level=INFO service=monitoring-service component=monitoring-service request_id=req-957233 trace_id=trace-35077805 user_id=user-5492 status_code=200 latency_ms=245 message="Metrics scraped"
2026-09-20 08:27:58 INFO notification-service Push notification sent
2026-09-20 08:27:59 INFO monitoring-service Health probe OK
2026-09-20 08:28:00 INFO inventory-service Stock level checked
2026-09-20 08:28:01 INFO api-gateway Rate limit check passed
2026-09-20 08:28:02 INFO scheduler-service Scheduled job started
2026-09-20 08:28:03 level=INFO service=database-service component=database-service request_id=req-633389 trace_id=trace-55202555 user_id=user-2868 status_code=200 latency_ms=266 message="Query executed successfully"
2026-09-20 08:28:04 INFO auth-service Token issued
2026-09-20 08:28:05 level=INFO service=auth-service component=auth-service request_id=req-246398 trace_id=trace-29573462 user_id=user-3142 status_code=200 latency_ms=164 message="Logout successful"
2026-09-20 08:28:06 level=INFO service=search-service component=search-service request_id=req-174122 trace_id=trace-84082682 user_id=user-8259 status_code=200 latency_ms=146 message="Index refreshed"
2026-09-20 08:28:07 INFO inventory-service Inventory reserved
2026-09-20 08:28:08 INFO notification-service Push notification sent
2026-09-20 08:28:09 INFO database-service Transaction committed
2026-09-20 08:28:10 INFO inventory-service Inventory released
2026-09-20 08:28:11 INFO user-service User profile fetched
2026-09-20 08:28:12 level=INFO service=redis-service component=redis-service request_id=req-868689 trace_id=trace-36106296 user_id=user-8731 status_code=200 latency_ms=117 message="Key expired normally"
2026-09-20 08:28:13 INFO redis-service Cache hit
2026-09-20 08:28:14 INFO worker-service Job completed successfully
2026-09-20 08:28:15 level=INFO service=notification-service component=notification-service request_id=req-604710 trace_id=trace-89032945 user_id=user-7049 status_code=200 latency_ms=26 message="SMS delivered"
2026-09-20 08:28:16 level=INFO service=notification-service component=notification-service request_id=req-950989 trace_id=trace-29209288 user_id=user-8938 status_code=200 latency_ms=110 message="Email queued"
2026-09-20 08:28:17 DEBUG inventory-service Stock level checked
2026-09-20 08:28:18 INFO worker-service Job completed successfully
2026-09-20 08:28:19 level=INFO service=api-gateway component=api-gateway request_id=req-574589 trace_id=trace-21676352 user_id=user-5339 status_code=200 latency_ms=128 message="Response sent"
2026-09-20 08:28:20 INFO auth-service Token issued
2026-09-20 08:28:21 INFO order-service Order confirmed
2026-09-20 08:28:22 INFO search-service Search query executed
2026-09-20 08:28:23 INFO worker-service Worker heartbeat OK
2026-09-20 08:28:24 INFO search-service Query results returned
2026-09-20 08:28:25 INFO auth-service Session created
2026-09-20 08:28:26 INFO auth-service Token issued
2026-09-20 08:28:27 level=INFO service=scheduler-service component=scheduler-service request_id=req-131225 trace_id=trace-73260704 user_id=user-3848 status_code=200 latency_ms=173 message="Cron tick processed"
2026-09-20 08:28:28 INFO monitoring-service Metrics scraped
2026-09-20 08:28:29 INFO search-service Query results returned
2026-09-20 08:28:30 INFO worker-service Job completed successfully
2026-09-20 08:28:31 INFO worker-service Worker heartbeat OK
2026-09-20 08:28:32 DEBUG monitoring-service Alert evaluated: no action
2026-09-20 08:28:33 level=INFO service=api-gateway component=api-gateway request_id=req-858305 trace_id=trace-33755874 user_id=user-8169 status_code=200 latency_ms=216 message="Response sent"
2026-09-20 08:28:34 WARNING auth-service Token refreshed
2026-09-20 08:28:35 INFO auth-service Token refreshed
2026-09-20 08:28:36 INFO auth-service Token issued
2026-09-20 08:28:37 INFO scheduler-service Cron tick processed
2026-09-20 08:28:38 INFO auth-service User authenticated successfully
2026-09-20 08:28:39 level=INFO service=inventory-service component=inventory-service request_id=req-511410 trace_id=trace-93013579 user_id=user-4073 status_code=200 latency_ms=64 message="Inventory reserved"
2026-09-20 08:28:40 INFO monitoring-service Alert evaluated: no action
2026-09-20 08:28:41 level=INFO service=database-service component=database-service request_id=req-454682 trace_id=trace-19193409 user_id=user-7915 status_code=200 latency_ms=217 message="Query executed successfully"
2026-09-20 08:28:42 INFO api-gateway Health check OK
2026-09-20 08:28:43 INFO order-service Order shipped
2026-09-20 08:28:44 INFO user-service Profile cache warmed
2026-09-20 08:28:45 DEBUG scheduler-service Cron tick processed
2026-09-20 08:28:46 INFO database-service Connection acquired from pool
2026-09-20 08:28:47 INFO notification-service Push notification sent
2026-09-20 08:28:48 INFO database-service Query executed successfully
2026-09-20 08:28:49 INFO user-service User preferences updated
2026-09-20 08:28:50 INFO database-service Query executed successfully
2026-09-20 08:28:51 INFO payment-service Refund processed successfully
2026-09-20 08:28:52 INFO inventory-service Inventory reserved
2026-09-20 08:28:53 INFO notification-service SMS delivered
2026-09-20 08:28:54 WARNING inventory-service Stock level checked
2026-09-20 08:28:55 INFO database-service Index scan completed
2026-09-20 08:28:56 INFO inventory-service Inventory released
2026-09-20 08:28:57 INFO search-service Query results returned
2026-09-20 08:28:58 level=INFO service=notification-service component=notification-service request_id=req-244610 trace_id=trace-36482710 user_id=user-7197 status_code=200 latency_ms=109 message="Push notification sent"
2026-09-20 08:28:59 WARNING order-service Order shipped
2026-09-20 08:29:00 INFO order-service Order created
2026-09-20 08:29:01 INFO user-service User created
2026-09-20 08:29:02 level=INFO service=order-service component=order-service request_id=req-225452 trace_id=trace-76766794 user_id=user-8666 status_code=200 latency_ms=116 message="Order status updated"
2026-09-20 08:29:03 level=INFO service=database-service component=database-service request_id=req-203562 trace_id=trace-34955084 user_id=user-5940 status_code=200 latency_ms=89 message="Transaction committed"
2026-09-20 08:29:04 WARNING auth-service User authenticated successfully
2026-09-20 08:29:05 level=INFO service=monitoring-service component=monitoring-service request_id=req-197144 trace_id=trace-99677971 user_id=user-1462 status_code=200 latency_ms=277 message="Health probe OK"
2026-09-20 08:29:06 level=INFO service=user-service component=user-service request_id=req-205839 trace_id=trace-14194973 user_id=user-3894 status_code=200 latency_ms=182 message="User preferences updated"
2026-09-20 08:29:07 level=INFO service=search-service component=search-service request_id=req-115457 trace_id=trace-77929835 user_id=user-4371 status_code=200 latency_ms=182 message="Query results returned"
2026-09-20 08:29:08 level=INFO service=user-service component=user-service request_id=req-317338 trace_id=trace-53302072 user_id=user-2434 status_code=200 latency_ms=175 message="User profile fetched"
2026-09-20 08:29:09 INFO user-service Profile cache warmed
2026-09-20 08:29:10 level=INFO service=worker-service component=worker-service request_id=req-181630 trace_id=trace-91261538 user_id=user-2056 status_code=200 latency_ms=240 message="Job picked up"
2026-09-20 08:29:11 INFO notification-service Email queued
2026-09-20 08:29:12 INFO order-service Order created
2026-09-20 08:29:13 level=INFO service=order-service component=order-service request_id=req-274456 trace_id=trace-53439134 user_id=user-5959 status_code=200 latency_ms=274 message="Order confirmed"
2026-09-20 08:29:14 INFO payment-service Refund processed successfully
2026-09-20 08:29:15 level=INFO service=auth-service component=auth-service request_id=req-239409 trace_id=trace-86452009 user_id=user-5173 status_code=200 latency_ms=291 message="Token issued"
2026-09-20 08:29:16 level=INFO service=inventory-service component=inventory-service request_id=req-418389 trace_id=trace-56516063 user_id=user-8550 status_code=200 latency_ms=277 message="Inventory released"
2026-09-20 08:29:17 INFO payment-service Refund processed successfully
2026-09-20 08:29:18 WARNING worker-service Worker heartbeat OK
2026-09-20 08:29:19 WARNING redis-service Cache warmed
2026-09-20 08:29:20 INFO inventory-service Inventory released
2026-09-20 08:29:21 level=INFO service=payment-service component=payment-service request_id=req-455165 trace_id=trace-23396687 user_id=user-4281 status_code=200 latency_ms=229 message="Payment captured"
2026-09-20 08:29:22 level=INFO service=user-service component=user-service request_id=req-534397 trace_id=trace-72538184 user_id=user-5764 status_code=200 latency_ms=129 message="Profile cache warmed"
2026-09-20 08:29:23 INFO notification-service Email queued
2026-09-20 08:29:24 level=INFO service=api-gateway component=api-gateway request_id=req-607615 trace_id=trace-99683091 user_id=user-4881 status_code=200 latency_ms=25 message="Health check OK"
2026-09-20 08:29:25 INFO notification-service Email queued
2026-09-20 08:29:26 INFO order-service Order status updated
2026-09-20 08:29:27 level=WARNING service=inventory-service component=inventory-service request_id=req-927782 trace_id=trace-80953929 user_id=user-5957 status_code=200 latency_ms=247 message="Stock level checked"
2026-09-20 08:29:28 INFO api-gateway Incoming request accepted
2026-09-20 08:29:29 INFO database-service Index scan completed
2026-09-20 08:29:30 level=INFO service=auth-service component=auth-service request_id=req-277946 trace_id=trace-92256280 user_id=user-4201 status_code=200 latency_ms=235 message="Token refreshed"
2026-09-20 08:29:31 INFO payment-service Payment request received
2026-09-20 08:29:32 INFO database-service Index scan completed
2026-09-20 08:29:33 INFO scheduler-service Scheduled job completed
2026-09-20 08:29:34 WARNING database-service Query executed successfully
2026-09-20 08:29:35 INFO payment-service Payment authorized
2026-09-20 08:29:36 INFO inventory-service Stock level checked
2026-09-20 08:29:37 INFO inventory-service Stock level checked
2026-09-20 08:29:38 INFO payment-service Payment captured
2026-09-20 08:29:39 level=INFO service=redis-service component=redis-service request_id=req-231806 trace_id=trace-60819753 user_id=user-8811 status_code=200 latency_ms=253 message="Key expired normally"
2026-09-20 08:29:40 INFO inventory-service Inventory reserved
2026-09-20 08:29:41 INFO search-service Query results returned
2026-09-20 08:29:42 INFO order-service Order created
2026-09-20 08:29:43 INFO notification-service SMS delivered
2026-09-20 08:29:44 level=INFO service=user-service component=user-service request_id=req-295080 trace_id=trace-35478447 user_id=user-2898 status_code=200 latency_ms=282 message="User created"
2026-09-20 08:29:45 INFO user-service Profile cache warmed
2026-09-20 08:29:46 level=INFO service=user-service component=user-service request_id=req-661807 trace_id=trace-58957836 user_id=user-2770 status_code=200 latency_ms=198 message="User created"
2026-09-20 08:29:47 INFO search-service Index refreshed
2026-09-20 08:29:48 INFO redis-service Cache warmed
2026-09-20 08:29:49 INFO worker-service Job picked up
2026-09-20 08:29:50 level=INFO service=worker-service component=worker-service request_id=req-305676 trace_id=trace-66496752 user_id=user-7639 status_code=200 latency_ms=223 message="Job completed successfully"
2026-09-20 08:29:51 level=INFO service=auth-service component=auth-service request_id=req-946867 trace_id=trace-68682668 user_id=user-7077 status_code=200 latency_ms=74 message="User authenticated successfully"
2026-09-20 08:29:52 WARNING user-service User created
2026-09-20 08:29:53 INFO inventory-service Stock level checked
2026-09-20 08:29:54 INFO inventory-service Inventory reserved
2026-09-20 08:29:55 INFO redis-service Cache set
2026-09-20 08:29:56 INFO redis-service Cache hit
2026-09-20 08:29:57 INFO scheduler-service Scheduled job started
2026-09-20 08:29:58 level=INFO service=inventory-service component=inventory-service request_id=req-834850 trace_id=trace-92711050 user_id=user-5902 status_code=200 latency_ms=119 message="Inventory reserved"
2026-09-20 08:29:59 INFO user-service User profile fetched
2026-09-20 08:30:00 INFO payment-service Payment captured
2026-09-20 08:30:01 INFO api-gateway Incoming request accepted
2026-09-20 08:30:02 INFO auth-service Token issued
2026-09-20 08:30:03 INFO inventory-service Stock level checked
2026-09-20 08:30:04 INFO monitoring-service Alert evaluated: no action
2026-09-20 08:30:05 INFO database-service Index scan completed
2026-09-20 08:30:06 DEBUG monitoring-service Health probe OK
2026-09-20 08:30:07 level=INFO service=database-service component=database-service request_id=req-927697 trace_id=trace-98436160 user_id=user-8234 status_code=200 latency_ms=246 message="Connection acquired from pool"
2026-09-20 08:30:08 INFO search-service Index refreshed
2026-09-20 08:30:09 level=INFO service=worker-service component=worker-service request_id=req-903789 trace_id=trace-23214760 user_id=user-5635 status_code=200 latency_ms=196 message="Worker heartbeat OK"
2026-09-20 08:30:10 INFO api-gateway Health check OK
2026-09-20 08:30:11 INFO monitoring-service Health probe OK
2026-09-20 08:30:12 INFO order-service Order created
2026-09-20 08:30:13 level=INFO service=redis-service component=redis-service request_id=req-962899 trace_id=trace-52642255 user_id=user-2442 status_code=200 latency_ms=88 message="Cache set"
2026-09-20 08:30:14 level=INFO service=monitoring-service component=monitoring-service request_id=req-713566 trace_id=trace-57767596 user_id=user-1733 status_code=200 latency_ms=106 message="Alert evaluated: no action"
2026-09-20 08:30:15 INFO payment-service Payment request received
2026-09-20 08:30:16 level=INFO service=order-service component=order-service request_id=req-842699 trace_id=trace-56631974 user_id=user-7064 status_code=200 latency_ms=43 message="Order status updated"
2026-09-20 08:30:17 INFO inventory-service Inventory reserved
2026-09-20 08:30:18 INFO scheduler-service Scheduled job completed
2026-09-20 08:30:19 INFO database-service Transaction committed
2026-09-20 08:30:20 INFO redis-service Cache set
2026-09-20 08:30:21 INFO user-service User preferences updated
2026-09-20 08:30:22 INFO worker-service Job completed successfully
2026-09-20 08:30:23 INFO notification-service SMS delivered
2026-09-20 08:30:24 INFO user-service User preferences updated
2026-09-20 08:30:25 level=INFO service=redis-service component=redis-service request_id=req-542749 trace_id=trace-16581403 user_id=user-7645 status_code=200 latency_ms=75 message="Cache hit"
2026-09-20 08:30:26 INFO worker-service Job completed successfully
2026-09-20 08:30:27 level=INFO service=scheduler-service component=scheduler-service request_id=req-769854 trace_id=trace-85963057 user_id=user-4982 status_code=200 latency_ms=202 message="Cron tick processed"
2026-09-20 08:30:28 INFO order-service Order created
2026-09-20 08:30:29 INFO worker-service Worker heartbeat OK
2026-09-20 08:30:30 INFO user-service User preferences updated
2026-09-20 08:30:31 INFO scheduler-service Cron tick processed
2026-09-20 08:30:32 INFO database-service Connection acquired from pool
2026-09-20 08:30:33 level=INFO service=payment-service component=payment-service request_id=req-803110 trace_id=trace-12264552 user_id=user-8107 status_code=200 latency_ms=211 message="Payment gateway responded 200"
2026-09-20 08:30:34 INFO worker-service Job picked up
2026-09-20 08:30:35 INFO payment-service Refund processed successfully
2026-09-20 08:30:36 INFO worker-service Job picked up
2026-09-20 08:30:37 INFO worker-service Job picked up
2026-09-20 08:30:38 INFO api-gateway Health check OK
2026-09-20 08:30:39 INFO redis-service Cache warmed
2026-09-20 08:30:40 INFO worker-service Job picked up
2026-09-20 08:30:41 INFO auth-service Token refreshed
2026-09-20 08:30:42 INFO inventory-service Inventory reserved
2026-09-20 08:30:43 INFO order-service Order created
2026-09-20 08:30:44 INFO worker-service Job completed successfully
2026-09-20 08:30:45 level=INFO service=database-service component=database-service request_id=req-270436 trace_id=trace-51092755 user_id=user-1272 status_code=200 latency_ms=215 message="Index scan completed"
2026-09-20 08:30:46 INFO worker-service Worker heartbeat OK
2026-09-20 08:30:47 level=INFO service=search-service component=search-service request_id=req-753304 trace_id=trace-20107015 user_id=user-5281 status_code=200 latency_ms=191 message="Search query executed"
2026-09-20 08:30:48 DEBUG inventory-service Stock level checked
2026-09-20 08:30:49 INFO api-gateway Response sent
2026-09-20 08:30:50 INFO monitoring-service Alert evaluated: no action
2026-09-20 08:30:51 level=INFO service=search-service component=search-service request_id=req-125751 trace_id=trace-61398100 user_id=user-8877 status_code=200 latency_ms=60 message="Index refreshed"
2026-09-20 08:30:52 INFO user-service User preferences updated
2026-09-20 08:30:53 INFO inventory-service Inventory reserved
2026-09-20 08:30:54 INFO api-gateway TLS handshake completed
2026-09-20 08:30:55 INFO notification-service SMS delivered
2026-09-20 08:30:56 INFO auth-service Logout successful
2026-09-20 08:30:57 level=INFO service=inventory-service component=inventory-service request_id=req-101693 trace_id=trace-25019417 user_id=user-6966 status_code=200 latency_ms=52 message="Inventory released"
2026-09-20 08:30:58 INFO worker-service Job completed successfully
2026-09-20 08:30:59 level=INFO service=order-service component=order-service request_id=req-159708 trace_id=trace-59182457 user_id=user-2717 status_code=200 latency_ms=153 message="Order confirmed"
2026-09-20 08:31:00 INFO monitoring-service Alert evaluated: no action
2026-09-20 08:31:01 DEBUG database-service Connection acquired from pool
2026-09-20 08:31:02 INFO auth-service Session created
2026-09-20 08:31:03 INFO search-service Search query executed
2026-09-20 08:31:04 INFO order-service Order confirmed
2026-09-20 08:31:05 level=WARNING service=api-gateway component=api-gateway request_id=req-210967 trace_id=trace-17011163 user_id=user-4760 status_code=200 latency_ms=155 message="Health check OK"
2026-09-20 08:31:06 INFO worker-service Worker heartbeat OK
2026-09-20 08:31:07 WARNING api-gateway Response sent
2026-09-20 08:31:08 INFO search-service Index refreshed
2026-09-20 08:31:09 level=INFO service=inventory-service component=inventory-service request_id=req-585813 trace_id=trace-17494556 user_id=user-1913 status_code=200 latency_ms=124 message="Stock level checked"
2026-09-20 08:31:10 INFO database-service Index scan completed
2026-09-20 08:31:11 INFO worker-service Job picked up
2026-09-20 08:31:12 level=INFO service=monitoring-service component=monitoring-service request_id=req-550276 trace_id=trace-68640402 user_id=user-9725 status_code=200 latency_ms=213 message="Health probe OK"
2026-09-20 08:31:13 INFO search-service Search query executed
2026-09-20 08:31:14 level=INFO service=database-service component=database-service request_id=req-324483 trace_id=trace-50653862 user_id=user-6970 status_code=200 latency_ms=121 message="Connection acquired from pool"
2026-09-20 08:31:15 INFO search-service Index refreshed
2026-09-20 08:31:16 INFO worker-service Job completed successfully
2026-09-20 08:31:17 INFO inventory-service Stock level checked
2026-09-20 08:31:18 INFO auth-service Token refreshed
2026-09-20 08:31:19 INFO api-gateway TLS handshake completed
2026-09-20 08:31:20 INFO order-service Order shipped
2026-09-20 08:31:21 INFO user-service Profile cache warmed
2026-09-20 08:31:22 INFO monitoring-service Alert evaluated: no action
2026-09-20 08:31:23 INFO auth-service Session created
2026-09-20 08:31:24 INFO monitoring-service Alert evaluated: no action
2026-09-20 08:31:25 WARNING order-service Order status updated
2026-09-20 08:31:26 INFO inventory-service Inventory reserved
2026-09-20 08:31:27 level=INFO service=database-service component=database-service request_id=req-483103 trace_id=trace-17013813 user_id=user-7493 status_code=200 latency_ms=223 message="Transaction committed"
2026-09-20 08:31:28 INFO database-service Index scan completed
2026-09-20 08:31:29 INFO inventory-service Inventory reserved
2026-09-20 08:31:30 INFO api-gateway Health check OK
2026-09-20 08:31:31 level=INFO service=inventory-service component=inventory-service request_id=req-545383 trace_id=trace-45210750 user_id=user-7191 status_code=200 latency_ms=99 message="Inventory reserved"
2026-09-20 08:31:32 level=INFO service=search-service component=search-service request_id=req-149398 trace_id=trace-50185344 user_id=user-7511 status_code=200 latency_ms=294 message="Index refreshed"
2026-09-20 08:31:33 INFO notification-service SMS delivered
2026-09-20 08:31:34 INFO notification-service SMS delivered
2026-09-20 08:31:35 INFO auth-service User authenticated successfully
2026-09-20 08:31:36 INFO payment-service Refund processed successfully
2026-09-20 08:31:37 level=INFO service=monitoring-service component=monitoring-service request_id=req-289283 trace_id=trace-54913261 user_id=user-3863 status_code=200 latency_ms=95 message="Metrics scraped"
2026-09-20 08:31:38 INFO payment-service Payment authorized
2026-09-20 08:31:39 INFO auth-service Token refreshed
2026-09-20 08:31:40 WARNING notification-service Email queued
2026-09-20 08:31:41 level=INFO service=notification-service component=notification-service request_id=req-636341 trace_id=trace-72281794 user_id=user-5318 status_code=200 latency_ms=165 message="SMS delivered"
2026-09-20 08:31:42 level=INFO service=search-service component=search-service request_id=req-237944 trace_id=trace-90178016 user_id=user-6387 status_code=200 latency_ms=64 message="Query results returned"
2026-09-20 08:31:43 INFO order-service Order confirmed
2026-09-20 08:31:44 INFO redis-service Cache set
2026-09-20 08:31:45 INFO worker-service Worker heartbeat OK
2026-09-20 08:31:46 INFO search-service Search query executed
2026-09-20 08:31:47 INFO inventory-service Inventory reserved
2026-09-20 08:31:48 INFO worker-service Worker heartbeat OK
2026-09-20 08:31:49 INFO auth-service Session created
2026-09-20 08:31:50 INFO inventory-service Stock level checked
2026-09-20 08:31:51 INFO api-gateway Request routed successfully
2026-09-20 08:31:52 level=INFO service=order-service component=order-service request_id=req-228450 trace_id=trace-20678373 user_id=user-5704 status_code=200 latency_ms=47 message="Order status updated"
2026-09-20 08:31:53 INFO search-service Search query executed
2026-09-20 08:31:54 INFO api-gateway Response sent
2026-09-20 08:31:55 INFO api-gateway Request routed successfully
2026-09-20 08:31:56 INFO monitoring-service Health probe OK
2026-09-20 08:31:57 INFO payment-service Refund processed successfully
2026-09-20 08:31:58 INFO order-service Order shipped
2026-09-20 08:31:59 INFO inventory-service Stock level checked
2026-09-20 08:32:00 WARNING worker-service Job completed successfully
2026-09-20 08:32:01 INFO order-service Order created
2026-09-20 08:32:02 DEBUG auth-service Logout successful
2026-09-20 08:32:03 INFO payment-service Payment authorized
2026-09-20 08:32:04 level=INFO service=notification-service component=notification-service request_id=req-673770 trace_id=trace-69450517 user_id=user-3851 status_code=200 latency_ms=253 message="SMS delivered"
2026-09-20 08:32:05 INFO inventory-service Inventory released
2026-09-20 08:32:06 INFO payment-service Payment request received
2026-09-20 08:32:07 INFO search-service Index refreshed
2026-09-20 08:32:08 INFO monitoring-service Metrics scraped
2026-09-20 08:32:09 INFO database-service Index scan completed
2026-09-20 08:32:10 WARNING api-gateway TLS handshake completed
2026-09-20 08:32:11 level=INFO service=worker-service component=worker-service request_id=req-955925 trace_id=trace-23499076 user_id=user-3815 status_code=200 latency_ms=201 message="Job completed successfully"
2026-09-20 08:32:12 INFO redis-service Cache set
2026-09-20 08:32:13 INFO search-service Index refreshed
2026-09-20 08:32:14 INFO inventory-service Stock level checked
2026-09-20 08:32:15 INFO scheduler-service Scheduled job completed
2026-09-20 08:32:16 INFO auth-service Session created
2026-09-20 08:32:17 INFO worker-service Job completed successfully
2026-09-20 08:32:18 INFO worker-service Job completed successfully
2026-09-20 08:32:19 INFO notification-service SMS delivered
2026-09-20 08:32:20 level=INFO service=database-service component=database-service request_id=req-471319 trace_id=trace-20329067 user_id=user-3252 status_code=200 latency_ms=130 message="Query executed successfully"
2026-09-20 08:32:21 INFO api-gateway Rate limit check passed
2026-09-20 08:32:22 INFO search-service Index refreshed
2026-09-20 08:32:23 level=WARNING service=inventory-service component=inventory-service request_id=req-730090 trace_id=trace-45078335 user_id=user-4189 status_code=200 latency_ms=148 message="Inventory reserved"
2026-09-20 08:32:24 level=INFO service=redis-service component=redis-service request_id=req-475940 trace_id=trace-86113349 user_id=user-9387 status_code=200 latency_ms=259 message="Cache warmed"
2026-09-20 08:32:25 INFO scheduler-service Cron tick processed
2026-09-20 08:32:26 INFO user-service Profile cache warmed
2026-09-20 08:32:27 level=INFO service=redis-service component=redis-service request_id=req-192869 trace_id=trace-94541197 user_id=user-2432 status_code=200 latency_ms=279 message="Cache hit"
2026-09-20 08:32:28 INFO payment-service Payment authorized
2026-09-20 08:32:29 INFO search-service Query results returned
2026-09-20 08:32:30 level=INFO service=user-service component=user-service request_id=req-185498 trace_id=trace-94489914 user_id=user-8244 status_code=200 latency_ms=156 message="User created"
2026-09-20 08:32:31 level=INFO service=api-gateway component=api-gateway request_id=req-608727 trace_id=trace-90757837 user_id=user-7819 status_code=200 latency_ms=272 message="Request routed successfully"
2026-09-20 08:32:32 INFO user-service Profile cache warmed
2026-09-20 08:32:33 INFO search-service Query results returned
2026-09-20 08:32:34 level=INFO service=user-service component=user-service request_id=req-970881 trace_id=trace-78114188 user_id=user-3321 status_code=200 latency_ms=40 message="User preferences updated"
2026-09-20 08:32:35 INFO auth-service Token refreshed
2026-09-20 08:32:36 INFO order-service Order confirmed
2026-09-20 08:32:37 INFO payment-service Payment gateway responded 200
2026-09-20 08:32:38 INFO monitoring-service Health probe OK
2026-09-20 08:32:39 INFO search-service Search query executed
2026-09-20 08:32:40 INFO api-gateway Health check OK
2026-09-20 08:32:41 level=WARNING service=inventory-service component=inventory-service request_id=req-636042 trace_id=trace-49548066 user_id=user-3688 status_code=200 latency_ms=110 message="Inventory released"
2026-09-20 08:32:42 INFO auth-service User authenticated successfully
2026-09-20 08:32:43 INFO scheduler-service Cron tick processed
2026-09-20 08:32:44 level=INFO service=user-service component=user-service request_id=req-808800 trace_id=trace-47013272 user_id=user-4434 status_code=200 latency_ms=267 message="User profile fetched"
2026-09-20 08:32:45 DEBUG order-service Order created
2026-09-20 08:32:46 level=INFO service=scheduler-service component=scheduler-service request_id=req-622206 trace_id=trace-39961568 user_id=user-4653 status_code=200 latency_ms=61 message="Cron tick processed"
2026-09-20 08:32:47 level=INFO service=user-service component=user-service request_id=req-271224 trace_id=trace-31777281 user_id=user-1768 status_code=200 latency_ms=271 message="User profile fetched"
2026-09-20 08:32:48 INFO payment-service Payment captured
2026-09-20 08:32:49 WARNING search-service Query results returned
2026-09-20 08:32:50 INFO notification-service Push notification sent
2026-09-20 08:32:51 level=INFO service=payment-service component=payment-service request_id=req-537321 trace_id=trace-32028979 user_id=user-1713 status_code=200 latency_ms=42 message="Refund processed successfully"
2026-09-20 08:32:52 INFO redis-service Cache hit
2026-09-20 08:32:53 DEBUG order-service Order status updated
2026-09-20 08:32:54 INFO scheduler-service Scheduled job completed
2026-09-20 08:32:55 level=INFO service=user-service component=user-service request_id=req-858905 trace_id=trace-54653615 user_id=user-1718 status_code=200 latency_ms=140 message="User preferences updated"
2026-09-20 08:32:56 level=INFO service=worker-service component=worker-service request_id=req-735166 trace_id=trace-60596899 user_id=user-9876 status_code=200 latency_ms=146 message="Job picked up"
2026-09-20 08:32:57 WARNING scheduler-service Cron tick processed
2026-09-20 08:32:58 level=INFO service=search-service component=search-service request_id=req-399160 trace_id=trace-78281165 user_id=user-5203 status_code=200 latency_ms=284 message="Query results returned"
2026-09-20 08:32:59 INFO inventory-service Inventory released
2026-09-20 08:33:00 INFO scheduler-service Scheduled job started
2026-09-20 08:33:01 INFO database-service Query executed successfully
2026-09-20 08:33:02 INFO order-service Order shipped
2026-09-20 08:33:03 INFO worker-service Job completed successfully
2026-09-20 08:33:04 INFO search-service Search query executed
2026-09-20 08:33:05 INFO notification-service Push notification sent
2026-09-20 08:33:06 INFO order-service Order shipped
2026-09-20 08:33:07 INFO redis-service Key expired normally
2026-09-20 08:33:08 INFO auth-service Logout successful
2026-09-20 08:33:09 INFO redis-service Cache warmed
2026-09-20 08:33:10 INFO inventory-service Inventory released
2026-09-20 08:33:11 INFO api-gateway Request routed successfully
2026-09-20 08:33:12 level=INFO service=redis-service component=redis-service request_id=req-334681 trace_id=trace-68635179 user_id=user-9179 status_code=200 latency_ms=65 message="Cache hit"
2026-09-20 08:33:13 INFO inventory-service Stock level checked
2026-09-20 08:33:14 INFO database-service Connection acquired from pool
2026-09-20 08:33:15 INFO database-service Transaction committed
2026-09-20 08:33:16 level=INFO service=auth-service component=auth-service request_id=req-899595 trace_id=trace-10201327 user_id=user-4335 status_code=200 latency_ms=177 message="User authenticated successfully"
2026-09-20 08:33:17 INFO redis-service Key expired normally
2026-09-20 08:33:18 level=INFO service=auth-service component=auth-service request_id=req-253341 trace_id=trace-15847459 user_id=user-8283 status_code=200 latency_ms=248 message="Token issued"
2026-09-20 08:33:19 INFO order-service Order status updated
2026-09-20 08:33:20 DEBUG database-service Query executed successfully
2026-09-20 08:33:21 INFO user-service Profile cache warmed
2026-09-20 08:33:22 level=INFO service=user-service component=user-service request_id=req-656770 trace_id=trace-55831480 user_id=user-9674 status_code=200 latency_ms=15 message="User created"
2026-09-20 08:33:23 WARNING user-service Profile cache warmed
2026-09-20 08:33:24 INFO worker-service Job picked up
2026-09-20 08:33:25 INFO user-service User profile fetched
2026-09-20 08:33:26 INFO order-service Order shipped
2026-09-20 08:33:27 INFO scheduler-service Cron tick processed
2026-09-20 08:33:28 INFO redis-service Cache hit
2026-09-20 08:33:29 INFO payment-service Payment gateway responded 200
2026-09-20 08:33:30 INFO auth-service Session created
2026-09-20 08:33:31 level=INFO service=scheduler-service component=scheduler-service request_id=req-531738 trace_id=trace-44253299 user_id=user-4108 status_code=200 latency_ms=16 message="Scheduled job completed"
2026-09-20 08:33:32 INFO user-service User created
2026-09-20 08:33:33 INFO monitoring-service Metrics scraped
2026-09-20 08:33:34 INFO worker-service Job picked up
2026-09-20 08:33:35 INFO database-service Query executed successfully
2026-09-20 08:33:36 level=INFO service=search-service component=search-service request_id=req-390487 trace_id=trace-36303279 user_id=user-1523 status_code=200 latency_ms=90 message="Search query executed"
2026-09-20 08:33:37 INFO api-gateway Request routed successfully
2026-09-20 08:33:38 INFO monitoring-service Metrics scraped
2026-09-20 08:33:39 level=INFO service=user-service component=user-service request_id=req-787167 trace_id=trace-99247069 user_id=user-9158 status_code=200 latency_ms=279 message="User preferences updated"
2026-09-20 08:33:40 WARNING monitoring-service Health probe OK
2026-09-20 08:33:41 INFO redis-service Cache hit
2026-09-20 08:33:42 INFO payment-service Payment request received
2026-09-20 08:33:43 INFO auth-service Logout successful
2026-09-20 08:33:44 INFO search-service Query results returned
2026-09-20 08:33:45 INFO api-gateway Request routed successfully
2026-09-20 08:33:46 INFO redis-service Cache set
2026-09-20 08:33:47 WARNING auth-service Token refreshed
2026-09-20 08:33:48 INFO inventory-service Stock level checked
2026-09-20 08:33:49 INFO search-service Search query executed
2026-09-20 08:33:50 INFO redis-service Cache hit
2026-09-20 08:33:51 INFO search-service Query results returned
2026-09-20 08:33:52 INFO payment-service Payment captured
2026-09-20 08:33:53 level=INFO service=api-gateway component=api-gateway request_id=req-389454 trace_id=trace-49830233 user_id=user-1341 status_code=200 latency_ms=205 message="Response sent"
2026-09-20 08:33:54 INFO monitoring-service Health probe OK
2026-09-20 08:33:55 level=INFO service=payment-service component=payment-service request_id=req-244300 trace_id=trace-55567581 user_id=user-8722 status_code=200 latency_ms=214 message="Payment authorized"
2026-09-20 08:33:56 level=INFO service=inventory-service component=inventory-service request_id=req-530966 trace_id=trace-82134453 user_id=user-6714 status_code=200 latency_ms=212 message="Stock level checked"
2026-09-20 08:33:57 INFO database-service Connection acquired from pool
2026-09-20 08:33:58 WARNING database-service Connection acquired from pool
2026-09-20 08:33:59 INFO monitoring-service Alert evaluated: no action
2026-09-20 08:34:00 INFO payment-service Payment gateway responded 200
2026-09-20 08:34:01 level=INFO service=inventory-service component=inventory-service request_id=req-284924 trace_id=trace-24382103 user_id=user-3851 status_code=200 latency_ms=39 message="Inventory reserved"
2026-09-20 08:34:02 level=INFO service=search-service component=search-service request_id=req-303103 trace_id=trace-73696929 user_id=user-3197 status_code=200 latency_ms=223 message="Query results returned"
2026-09-20 08:34:03 level=INFO service=inventory-service component=inventory-service request_id=req-132805 trace_id=trace-37592385 user_id=user-2416 status_code=200 latency_ms=281 message="Stock level checked"
2026-09-20 08:34:04 level=INFO service=api-gateway component=api-gateway request_id=req-480558 trace_id=trace-14973767 user_id=user-7284 status_code=200 latency_ms=27 message="Health check OK"
2026-09-20 08:34:05 INFO monitoring-service Health probe OK
2026-09-20 08:34:06 INFO auth-service Token issued
2026-09-20 08:34:07 INFO auth-service Token refreshed
2026-09-20 08:34:08 INFO monitoring-service Alert evaluated: no action
2026-09-20 08:34:09 INFO database-service Query executed successfully
2026-09-20 08:34:10 INFO payment-service Payment captured
2026-09-20 08:34:11 level=INFO service=api-gateway component=api-gateway request_id=req-266258 trace_id=trace-37383592 user_id=user-8224 status_code=200 latency_ms=159 message="Rate limit check passed"
2026-09-20 08:34:12 WARNING auth-service Token refreshed
2026-09-20 08:34:13 level=INFO service=database-service component=database-service request_id=req-508777 trace_id=trace-19915403 user_id=user-9077 status_code=200 latency_ms=261 message="Connection acquired from pool"
2026-09-20 08:34:14 INFO order-service Order created
2026-09-20 08:34:15 WARNING inventory-service Inventory reserved
2026-09-20 08:34:16 INFO monitoring-service Alert evaluated: no action
2026-09-20 08:34:17 DEBUG scheduler-service Cron tick processed
2026-09-20 08:34:18 WARNING order-service Order confirmed
2026-09-20 08:34:19 INFO search-service Search query executed
2026-09-20 08:34:20 level=INFO service=user-service component=user-service request_id=req-404140 trace_id=trace-78662670 user_id=user-8959 status_code=200 latency_ms=111 message="Profile cache warmed"
2026-09-20 08:34:21 level=INFO service=user-service component=user-service request_id=req-498538 trace_id=trace-56066587 user_id=user-4842 status_code=200 latency_ms=193 message="Profile cache warmed"
2026-09-20 08:34:22 INFO search-service Search query executed
2026-09-20 08:34:23 INFO payment-service Payment captured
2026-09-20 08:34:24 INFO auth-service User authenticated successfully
2026-09-20 08:34:25 INFO worker-service Job picked up
2026-09-20 08:34:26 INFO database-service Query executed successfully
2026-09-20 08:34:27 INFO notification-service Email queued
2026-09-20 08:34:28 INFO redis-service Key expired normally
2026-09-20 08:34:29 INFO redis-service Cache set
2026-09-20 08:34:30 INFO inventory-service Inventory released
2026-09-20 08:34:31 INFO monitoring-service Alert evaluated: no action
2026-09-20 08:34:32 level=INFO service=monitoring-service component=monitoring-service request_id=req-269894 trace_id=trace-94831910 user_id=user-1947 status_code=200 latency_ms=164 message="Health probe OK"
2026-09-20 08:34:33 level=INFO service=scheduler-service component=scheduler-service request_id=req-275716 trace_id=trace-74080099 user_id=user-6351 status_code=200 latency_ms=286 message="Scheduled job completed"
2026-09-20 08:34:34 INFO notification-service SMS delivered
2026-09-20 08:34:35 INFO worker-service Job picked up
2026-09-20 08:34:36 INFO database-service Index scan completed
2026-09-20 08:34:37 level=INFO service=database-service component=database-service request_id=req-212189 trace_id=trace-54768394 user_id=user-9682 status_code=200 latency_ms=276 message="Transaction committed"
2026-09-20 08:34:38 INFO api-gateway Incoming request accepted
2026-09-20 08:34:39 INFO redis-service Key expired normally
2026-09-20 08:34:40 INFO payment-service Payment gateway responded 200
2026-09-20 08:34:41 INFO worker-service Job picked up
2026-09-20 08:34:42 INFO notification-service SMS delivered
2026-09-20 08:34:43 INFO search-service Search query executed
2026-09-20 08:34:44 level=INFO service=auth-service component=auth-service request_id=req-859019 trace_id=trace-29715953 user_id=user-7031 status_code=200 latency_ms=19 message="User authenticated successfully"
2026-09-20 08:34:45 INFO search-service Search query executed
2026-09-20 08:34:46 INFO monitoring-service Health probe OK
2026-09-20 08:34:47 level=INFO service=api-gateway component=api-gateway request_id=req-494548 trace_id=trace-20241680 user_id=user-4625 status_code=200 latency_ms=140 message="Health check OK"
2026-09-20 08:34:48 INFO worker-service Job picked up
2026-09-20 08:34:49 INFO monitoring-service Metrics scraped
2026-09-20 08:34:50 level=INFO service=database-service component=database-service request_id=req-321592 trace_id=trace-67360464 user_id=user-9078 status_code=200 latency_ms=44 message="Transaction committed"
2026-09-20 08:34:51 INFO inventory-service Stock level checked
2026-09-20 08:34:52 INFO monitoring-service Metrics scraped
2026-09-20 08:34:53 INFO monitoring-service Alert evaluated: no action
2026-09-20 08:34:54 DEBUG order-service Order created
2026-09-20 08:34:55 INFO user-service User preferences updated
2026-09-20 08:34:56 level=DEBUG service=database-service component=database-service request_id=req-532126 trace_id=trace-71588582 user_id=user-1935 status_code=200 latency_ms=150 message="Index scan completed"
2026-09-20 08:34:57 INFO redis-service Cache set
2026-09-20 08:34:58 INFO worker-service Job completed successfully
2026-09-20 08:34:59 INFO monitoring-service Health probe OK
2026-09-20 08:35:00 level=INFO service=database-service component=database-service request_id=req-519130 trace_id=trace-95532403 user_id=user-8250 status_code=200 latency_ms=23 message="Query executed successfully"
2026-09-20 08:35:01 INFO database-service Query executed successfully
2026-09-20 08:35:02 level=INFO service=database-service component=database-service request_id=req-499798 trace_id=trace-19576043 user_id=user-9915 status_code=200 latency_ms=218 message="Connection acquired from pool"
2026-09-20 08:35:03 INFO api-gateway Request routed successfully
2026-09-20 08:35:04 level=INFO service=inventory-service component=inventory-service request_id=req-165389 trace_id=trace-12775857 user_id=user-2642 status_code=200 latency_ms=270 message="Inventory reserved"
2026-09-20 08:35:05 level=INFO service=api-gateway component=api-gateway request_id=req-277496 trace_id=trace-63118769 user_id=user-4574 status_code=200 latency_ms=74 message="Health check OK"
2026-09-20 08:35:06 DEBUG search-service Search query executed
2026-09-20 08:35:07 INFO api-gateway Request routed successfully
2026-09-20 08:35:08 INFO redis-service Cache warmed
2026-09-20 08:35:09 level=INFO service=monitoring-service component=monitoring-service request_id=req-585702 trace_id=trace-68568611 user_id=user-9489 status_code=200 latency_ms=210 message="Alert evaluated: no action"
2026-09-20 08:35:10 INFO database-service Query executed successfully
2026-09-20 08:35:11 level=INFO service=payment-service component=payment-service request_id=req-340514 trace_id=trace-34088472 user_id=user-3454 status_code=200 latency_ms=232 message="Payment captured"
2026-09-20 08:35:12 INFO scheduler-service Scheduled job started
2026-09-20 08:35:13 INFO order-service Order shipped
2026-09-20 08:35:14 level=INFO service=notification-service component=notification-service request_id=req-608225 trace_id=trace-12652229 user_id=user-3554 status_code=200 latency_ms=47 message="Push notification sent"
2026-09-20 08:35:15 INFO inventory-service Inventory reserved
2026-09-20 08:35:16 level=INFO service=search-service component=search-service request_id=req-840409 trace_id=trace-46965542 user_id=user-3567 status_code=200 latency_ms=95 message="Index refreshed"
2026-09-20 08:35:17 INFO scheduler-service Cron tick processed
2026-09-20 08:35:18 INFO monitoring-service Health probe OK
2026-09-20 08:35:19 INFO order-service Order created
2026-09-20 08:35:20 level=INFO service=database-service component=database-service request_id=req-408700 trace_id=trace-29012058 user_id=user-5126 status_code=200 latency_ms=102 message="Transaction committed"
2026-09-20 08:35:21 level=INFO service=worker-service component=worker-service request_id=req-288153 trace_id=trace-40486924 user_id=user-2890 status_code=200 latency_ms=206 message="Job completed successfully"
2026-09-20 08:35:22 INFO worker-service Job completed successfully
2026-09-20 08:35:23 INFO database-service Query executed successfully
2026-09-20 08:35:24 level=INFO service=user-service component=user-service request_id=req-823732 trace_id=trace-37696925 user_id=user-3134 status_code=200 latency_ms=61 message="User preferences updated"
2026-09-20 08:35:25 INFO api-gateway Response sent
2026-09-20 08:35:26 INFO notification-service Push notification sent
2026-09-20 08:35:27 INFO redis-service Cache set
2026-09-20 08:35:28 INFO database-service Index scan completed
2026-09-20 08:35:29 INFO search-service Index refreshed
2026-09-20 08:35:30 DEBUG user-service Profile cache warmed
2026-09-20 08:35:31 level=INFO service=database-service component=database-service request_id=req-133183 trace_id=trace-94928570 user_id=user-3566 status_code=200 latency_ms=208 message="Index scan completed"
2026-09-20 08:35:32 INFO monitoring-service Health probe OK
2026-09-20 08:35:33 INFO order-service Order created
2026-09-20 08:35:34 DEBUG worker-service Worker heartbeat OK
2026-09-20 08:35:35 INFO notification-service SMS delivered
2026-09-20 08:35:36 WARNING order-service Order shipped
2026-09-20 08:35:37 INFO order-service Order status updated
2026-09-20 08:35:38 level=INFO service=database-service component=database-service request_id=req-216665 trace_id=trace-56247722 user_id=user-4236 status_code=200 latency_ms=245 message="Query executed successfully"
2026-09-20 08:35:39 INFO order-service Order confirmed
2026-09-20 08:35:40 INFO auth-service Session created
2026-09-20 08:35:41 INFO auth-service Token issued
2026-09-20 08:35:42 INFO monitoring-service Health probe OK
2026-09-20 08:35:43 level=INFO service=scheduler-service component=scheduler-service request_id=req-905809 trace_id=trace-89730930 user_id=user-5745 status_code=200 latency_ms=171 message="Scheduled job completed"
2026-09-20 08:35:44 INFO notification-service Push notification sent
2026-09-20 08:35:45 level=INFO service=worker-service component=worker-service request_id=req-262868 trace_id=trace-96328902 user_id=user-2640 status_code=200 latency_ms=29 message="Worker heartbeat OK"
2026-09-20 08:35:46 INFO order-service Order status updated
2026-09-20 08:35:47 INFO search-service Search query executed
2026-09-20 08:35:48 level=INFO service=redis-service component=redis-service request_id=req-420505 trace_id=trace-54681179 user_id=user-5009 status_code=200 latency_ms=142 message="Cache set"
2026-09-20 08:35:49 INFO user-service Profile cache warmed
2026-09-20 08:35:50 WARNING auth-service Logout successful
2026-09-20 08:35:51 INFO scheduler-service Scheduled job completed
2026-09-20 08:35:52 INFO worker-service Worker heartbeat OK
2026-09-20 08:35:53 INFO auth-service Token issued
2026-09-20 08:35:54 level=INFO service=search-service component=search-service request_id=req-769861 trace_id=trace-63246783 user_id=user-2199 status_code=200 latency_ms=253 message="Search query executed"
2026-09-20 08:35:55 INFO monitoring-service Health probe OK
2026-09-20 08:35:56 WARNING database-service Query executed successfully
2026-09-20 08:35:57 INFO payment-service Payment request received
2026-09-20 08:35:58 INFO monitoring-service Alert evaluated: no action
2026-09-20 08:35:59 level=INFO service=auth-service component=auth-service request_id=req-268252 trace_id=trace-83660543 user_id=user-2201 status_code=200 latency_ms=154 message="Token refreshed"
2026-09-20 08:36:00 INFO payment-service Refund processed successfully
2026-09-20 08:36:01 INFO notification-service SMS delivered
2026-09-20 08:36:02 INFO notification-service SMS delivered
2026-09-20 08:36:03 INFO worker-service Job completed successfully
2026-09-20 08:36:04 level=INFO service=scheduler-service component=scheduler-service request_id=req-167480 trace_id=trace-15163695 user_id=user-2515 status_code=200 latency_ms=204 message="Scheduled job started"
2026-09-20 08:36:05 DEBUG api-gateway Response sent
2026-09-20 08:36:06 level=INFO service=order-service component=order-service request_id=req-336230 trace_id=trace-28565837 user_id=user-1231 status_code=200 latency_ms=264 message="Order created"
2026-09-20 08:36:07 INFO worker-service Job completed successfully
2026-09-20 08:36:08 INFO auth-service Session created
2026-09-20 08:36:09 DEBUG redis-service Cache set
2026-09-20 08:36:10 INFO user-service Profile cache warmed
2026-09-20 08:36:11 INFO notification-service SMS delivered
2026-09-20 08:36:12 INFO payment-service Payment request received
2026-09-20 08:36:13 INFO database-service Index scan completed
2026-09-20 08:36:14 INFO order-service Order confirmed
2026-09-20 08:36:15 level=INFO service=order-service component=order-service request_id=req-802821 trace_id=trace-44531132 user_id=user-7249 status_code=200 latency_ms=207 message="Order confirmed"
2026-09-20 08:36:16 INFO payment-service Payment authorized
2026-09-20 08:36:17 INFO user-service User profile fetched
2026-09-20 08:36:18 INFO order-service Order confirmed
2026-09-20 08:36:19 INFO scheduler-service Scheduled job completed
2026-09-20 08:36:20 INFO api-gateway Rate limit check passed
2026-09-20 08:36:21 INFO order-service Order shipped
2026-09-20 08:36:22 INFO inventory-service Inventory released
2026-09-20 08:36:23 INFO database-service Connection acquired from pool
2026-09-20 08:36:24 INFO inventory-service Inventory reserved
2026-09-20 08:36:25 level=INFO service=redis-service component=redis-service request_id=req-456376 trace_id=trace-56281415 user_id=user-5834 status_code=200 latency_ms=162 message="Cache set"
2026-09-20 08:36:26 level=INFO service=api-gateway component=api-gateway request_id=req-109881 trace_id=trace-25135093 user_id=user-5918 status_code=200 latency_ms=25 message="Rate limit check passed"
2026-09-20 08:36:27 level=INFO service=worker-service component=worker-service request_id=req-567164 trace_id=trace-80698642 user_id=user-6271 status_code=200 latency_ms=257 message="Job completed successfully"
2026-09-20 08:36:28 INFO monitoring-service Metrics scraped
2026-09-20 08:36:29 DEBUG worker-service Job completed successfully
2026-09-20 08:36:30 INFO search-service Index refreshed
2026-09-20 08:36:31 INFO scheduler-service Scheduled job started
2026-09-20 08:36:32 INFO user-service User created
2026-09-20 08:36:33 INFO scheduler-service Scheduled job started
2026-09-20 08:36:34 INFO worker-service Worker heartbeat OK
2026-09-20 08:36:35 INFO inventory-service Inventory released
2026-09-20 08:36:36 INFO worker-service Worker heartbeat OK
2026-09-20 08:36:37 INFO scheduler-service Scheduled job completed
2026-09-20 08:36:38 level=INFO service=user-service component=user-service request_id=req-656620 trace_id=trace-75699110 user_id=user-1523 status_code=200 latency_ms=200 message="User created"
2026-09-20 08:36:39 INFO payment-service Payment request received
2026-09-20 08:36:40 level=INFO service=payment-service component=payment-service request_id=req-799437 trace_id=trace-37680921 user_id=user-6977 status_code=200 latency_ms=136 message="Payment captured"
2026-09-20 08:36:41 INFO redis-service Cache set
2026-09-20 08:36:42 INFO search-service Search query executed
2026-09-20 08:36:43 INFO inventory-service Inventory reserved
2026-09-20 08:36:44 level=INFO service=redis-service component=redis-service request_id=req-342200 trace_id=trace-53440615 user_id=user-4534 status_code=200 latency_ms=50 message="Cache warmed"
2026-09-20 08:36:45 INFO inventory-service Inventory released
2026-09-20 08:36:46 INFO search-service Search query executed
2026-09-20 08:36:47 INFO monitoring-service Alert evaluated: no action
2026-09-20 08:36:48 WARNING monitoring-service Health probe OK
2026-09-20 08:36:49 INFO scheduler-service Scheduled job started
2026-09-20 08:36:50 INFO monitoring-service Alert evaluated: no action
2026-09-20 08:36:51 level=INFO service=payment-service component=payment-service request_id=req-676078 trace_id=trace-66465242 user_id=user-9741 status_code=200 latency_ms=87 message="Payment authorized"
2026-09-20 08:36:52 INFO worker-service Job completed successfully
2026-09-20 08:36:53 INFO auth-service Session created
2026-09-20 08:36:54 INFO payment-service Refund processed successfully
2026-09-20 08:36:55 INFO monitoring-service Alert evaluated: no action
2026-09-20 08:36:56 INFO scheduler-service Scheduled job started
2026-09-20 08:36:57 INFO notification-service Email queued
2026-09-20 08:36:58 INFO worker-service Worker heartbeat OK
2026-09-20 08:36:59 INFO scheduler-service Scheduled job completed
2026-09-20 08:37:00 INFO order-service Order status updated
2026-09-20 08:37:01 INFO search-service Search query executed
2026-09-20 08:37:02 INFO payment-service Refund processed successfully
2026-09-20 08:37:03 INFO scheduler-service Scheduled job completed
2026-09-20 08:37:04 level=INFO service=auth-service component=auth-service request_id=req-512279 trace_id=trace-98090833 user_id=user-1160 status_code=200 latency_ms=36 message="Token issued"
2026-09-20 08:37:05 level=INFO service=scheduler-service component=scheduler-service request_id=req-818003 trace_id=trace-59570071 user_id=user-3005 status_code=200 latency_ms=133 message="Scheduled job completed"
2026-09-20 08:37:06 level=INFO service=redis-service component=redis-service request_id=req-548308 trace_id=trace-57527118 user_id=user-7536 status_code=200 latency_ms=60 message="Cache set"
2026-09-20 08:37:07 INFO payment-service Payment request received
2026-09-20 08:37:08 INFO scheduler-service Cron tick processed
2026-09-20 08:37:09 INFO database-service Transaction committed
2026-09-20 08:37:10 INFO worker-service Job completed successfully
2026-09-20 08:37:11 DEBUG user-service Profile cache warmed
2026-09-20 08:37:12 INFO monitoring-service Alert evaluated: no action
2026-09-20 08:37:13 INFO database-service Index scan completed
2026-09-20 08:37:14 INFO payment-service Payment captured
2026-09-20 08:37:15 INFO scheduler-service Scheduled job completed
2026-09-20 08:37:16 level=INFO service=redis-service component=redis-service request_id=req-484709 trace_id=trace-39754867 user_id=user-4968 status_code=200 latency_ms=104 message="Cache warmed"
2026-09-20 08:37:17 INFO scheduler-service Scheduled job started
2026-09-20 08:37:18 INFO scheduler-service Cron tick processed
2026-09-20 08:37:19 INFO notification-service Email queued
2026-09-20 08:37:20 level=INFO service=api-gateway component=api-gateway request_id=req-548458 trace_id=trace-67278338 user_id=user-1730 status_code=200 latency_ms=210 message="Rate limit check passed"
2026-09-20 08:37:21 INFO notification-service SMS delivered
2026-09-20 08:37:22 INFO redis-service Cache set
2026-09-20 08:37:23 INFO api-gateway Response sent
2026-09-20 08:37:24 level=INFO service=inventory-service component=inventory-service request_id=req-900319 trace_id=trace-44177269 user_id=user-9133 status_code=200 latency_ms=212 message="Inventory released"
2026-09-20 08:37:25 level=INFO service=order-service component=order-service request_id=req-114680 trace_id=trace-44895989 user_id=user-4202 status_code=200 latency_ms=154 message="Order shipped"
2026-09-20 08:37:26 INFO search-service Index refreshed
2026-09-20 08:37:27 level=INFO service=user-service component=user-service request_id=req-170521 trace_id=trace-84111484 user_id=user-3545 status_code=200 latency_ms=17 message="Profile cache warmed"
2026-09-20 08:37:28 level=INFO service=api-gateway component=api-gateway request_id=req-656964 trace_id=trace-84007687 user_id=user-2994 status_code=200 latency_ms=125 message="Incoming request accepted"
2026-09-20 08:37:29 INFO search-service Query results returned
2026-09-20 08:37:30 INFO worker-service Job picked up
2026-09-20 08:37:31 INFO redis-service Cache set
2026-09-20 08:37:32 WARNING payment-service Payment gateway responded 200
2026-09-20 08:37:33 INFO search-service Index refreshed
2026-09-20 08:37:34 INFO payment-service Payment request received
2026-09-20 08:37:35 level=INFO service=inventory-service component=inventory-service request_id=req-133539 trace_id=trace-79782963 user_id=user-8062 status_code=200 latency_ms=276 message="Inventory released"
2026-09-20 08:37:36 INFO scheduler-service Scheduled job completed
2026-09-20 08:37:37 INFO auth-service Token refreshed
2026-09-20 08:37:38 INFO payment-service Payment gateway responded 200
2026-09-20 08:37:39 INFO auth-service Session created
2026-09-20 08:37:40 INFO inventory-service Stock level checked
2026-09-20 08:37:41 level=INFO service=database-service component=database-service request_id=req-403713 trace_id=trace-86417828 user_id=user-5030 status_code=200 latency_ms=250 message="Connection acquired from pool"
2026-09-20 08:37:42 INFO payment-service Payment authorized
2026-09-20 08:37:43 INFO monitoring-service Alert evaluated: no action
2026-09-20 08:37:44 INFO monitoring-service Health probe OK
2026-09-20 08:37:45 WARNING user-service Profile cache warmed
2026-09-20 08:37:46 INFO payment-service Payment gateway responded 200
2026-09-20 08:37:47 INFO inventory-service Inventory reserved
2026-09-20 08:37:48 INFO inventory-service Stock level checked
2026-09-20 08:37:49 INFO database-service Query executed successfully
2026-09-20 08:37:50 INFO order-service Order confirmed
2026-09-20 08:37:51 INFO redis-service Cache set
2026-09-20 08:37:52 level=INFO service=user-service component=user-service request_id=req-521791 trace_id=trace-11660977 user_id=user-8756 status_code=200 latency_ms=160 message="User profile fetched"
2026-09-20 08:37:53 WARNING order-service Order status updated
2026-09-20 08:37:54 INFO redis-service Cache warmed
2026-09-20 08:37:55 INFO scheduler-service Cron tick processed
2026-09-20 08:37:56 level=INFO service=scheduler-service component=scheduler-service request_id=req-328244 trace_id=trace-92515765 user_id=user-3898 status_code=200 latency_ms=265 message="Scheduled job started"
2026-09-20 08:37:57 INFO payment-service Payment captured
2026-09-20 08:37:58 INFO redis-service Cache warmed
2026-09-20 08:37:59 level=INFO service=order-service component=order-service request_id=req-456978 trace_id=trace-18897007 user_id=user-4407 status_code=200 latency_ms=48 message="Order shipped"
2026-09-20 08:38:00 INFO order-service Order status updated
2026-09-20 08:38:01 INFO redis-service Cache warmed
2026-09-20 08:38:02 INFO notification-service Push notification sent
2026-09-20 08:38:03 INFO user-service User created
2026-09-20 08:38:04 level=INFO service=database-service component=database-service request_id=req-880419 trace_id=trace-41991397 user_id=user-9497 status_code=200 latency_ms=188 message="Transaction committed"
2026-09-20 08:38:05 level=INFO service=scheduler-service component=scheduler-service request_id=req-126750 trace_id=trace-66899305 user_id=user-7039 status_code=200 latency_ms=59 message="Cron tick processed"
2026-09-20 08:38:06 INFO monitoring-service Metrics scraped
2026-09-20 08:38:07 WARNING scheduler-service Cron tick processed
2026-09-20 08:38:08 INFO notification-service Push notification sent
2026-09-20 08:38:09 INFO auth-service User authenticated successfully
2026-09-20 08:38:10 INFO database-service Connection acquired from pool
2026-09-20 08:38:11 INFO user-service Profile cache warmed
2026-09-20 08:38:12 INFO worker-service Job completed successfully
2026-09-20 08:38:13 DEBUG payment-service Payment gateway responded 200
2026-09-20 08:38:14 INFO search-service Search query executed
2026-09-20 08:38:15 INFO monitoring-service Metrics scraped
2026-09-20 08:38:16 INFO api-gateway Health check OK
2026-09-20 08:38:17 DEBUG order-service Order confirmed
2026-09-20 08:38:18 INFO monitoring-service Health probe OK
2026-09-20 08:38:19 level=INFO service=payment-service component=payment-service request_id=req-955150 trace_id=trace-17110750 user_id=user-4459 status_code=200 latency_ms=84 message="Refund processed successfully"
2026-09-20 08:38:20 INFO payment-service Refund processed successfully
2026-09-20 08:38:21 level=INFO service=order-service component=order-service request_id=req-379738 trace_id=trace-73738630 user_id=user-9335 status_code=200 latency_ms=271 message="Order shipped"
2026-09-20 08:38:22 INFO monitoring-service Alert evaluated: no action
2026-09-20 08:38:23 INFO search-service Query results returned
2026-09-20 08:38:24 INFO order-service Order status updated
2026-09-20 08:38:25 INFO inventory-service Inventory released
2026-09-20 08:38:26 level=INFO service=payment-service component=payment-service request_id=req-536979 trace_id=trace-18997471 user_id=user-1887 status_code=200 latency_ms=165 message="Payment gateway responded 200"
2026-09-20 08:38:27 INFO notification-service Email queued
2026-09-20 08:38:28 level=INFO service=worker-service component=worker-service request_id=req-780836 trace_id=trace-37409901 user_id=user-3177 status_code=200 latency_ms=290 message="Job completed successfully"
2026-09-20 08:38:29 INFO monitoring-service Alert evaluated: no action
2026-09-20 08:38:30 INFO notification-service Push notification sent
2026-09-20 08:38:31 WARNING worker-service Worker heartbeat OK
2026-09-20 08:38:32 level=DEBUG service=auth-service component=auth-service request_id=req-949610 trace_id=trace-54420569 user_id=user-1990 status_code=200 latency_ms=212 message="Token issued"
2026-09-20 08:38:33 INFO worker-service Job picked up
2026-09-20 08:38:34 INFO auth-service User authenticated successfully
2026-09-20 08:38:35 DEBUG auth-service Session created
2026-09-20 08:38:36 level=INFO service=inventory-service component=inventory-service request_id=req-979917 trace_id=trace-85544690 user_id=user-5624 status_code=200 latency_ms=106 message="Stock level checked"
2026-09-20 08:38:37 level=INFO service=search-service component=search-service request_id=req-822833 trace_id=trace-19483183 user_id=user-1496 status_code=200 latency_ms=228 message="Index refreshed"
2026-09-20 08:38:38 INFO redis-service Cache set
2026-09-20 08:38:39 INFO search-service Index refreshed
2026-09-20 08:38:40 INFO user-service Profile cache warmed
2026-09-20 08:38:41 INFO notification-service SMS delivered
2026-09-20 08:38:42 level=INFO service=database-service component=database-service request_id=req-451557 trace_id=trace-50268178 user_id=user-6257 status_code=200 latency_ms=115 message="Index scan completed"
2026-09-20 08:38:43 INFO notification-service Push notification sent
2026-09-20 08:38:44 INFO payment-service Payment authorized
2026-09-20 08:38:45 INFO redis-service Key expired normally
2026-09-20 08:38:46 INFO worker-service Worker heartbeat OK
2026-09-20 08:38:47 level=INFO service=inventory-service component=inventory-service request_id=req-133434 trace_id=trace-79766849 user_id=user-6435 status_code=200 latency_ms=40 message="Stock level checked"
2026-09-20 08:38:48 level=INFO service=search-service component=search-service request_id=req-283888 trace_id=trace-47536298 user_id=user-2703 status_code=200 latency_ms=30 message="Index refreshed"
2026-09-20 08:38:49 INFO worker-service Job picked up
2026-09-20 08:38:50 INFO order-service Order confirmed
2026-09-20 08:38:51 level=INFO service=scheduler-service component=scheduler-service request_id=req-426444 trace_id=trace-18402870 user_id=user-5789 status_code=200 latency_ms=91 message="Scheduled job started"
2026-09-20 08:38:52 INFO worker-service Worker heartbeat OK
2026-09-20 08:38:53 level=INFO service=database-service component=database-service request_id=req-896543 trace_id=trace-74468138 user_id=user-8684 status_code=200 latency_ms=53 message="Index scan completed"
2026-09-20 08:38:54 INFO search-service Query results returned
2026-09-20 08:38:55 level=INFO service=scheduler-service component=scheduler-service request_id=req-203333 trace_id=trace-14706073 user_id=user-2697 status_code=200 latency_ms=105 message="Cron tick processed"
2026-09-20 08:38:56 INFO database-service Transaction committed
2026-09-20 08:38:57 INFO auth-service Token refreshed
2026-09-20 08:38:58 INFO database-service Query executed successfully
2026-09-20 08:38:59 level=INFO service=database-service component=database-service request_id=req-250755 trace_id=trace-46756756 user_id=user-1989 status_code=200 latency_ms=130 message="Index scan completed"
2026-09-20 08:39:00 INFO worker-service Job completed successfully
2026-09-20 08:39:01 INFO payment-service Refund processed successfully
2026-09-20 08:39:02 INFO worker-service Worker heartbeat OK
2026-09-20 08:39:03 INFO auth-service Token refreshed
2026-09-20 08:39:04 WARNING api-gateway Rate limit check passed
2026-09-20 08:39:05 INFO redis-service Cache warmed
2026-09-20 08:39:06 INFO notification-service Email queued
2026-09-20 08:39:07 INFO inventory-service Inventory reserved
2026-09-20 08:39:08 level=INFO service=worker-service component=worker-service request_id=req-703164 trace_id=trace-89286718 user_id=user-4194 status_code=200 latency_ms=48 message="Job completed successfully"
2026-09-20 08:39:09 INFO scheduler-service Cron tick processed
2026-09-20 08:39:10 level=INFO service=database-service component=database-service request_id=req-767873 trace_id=trace-11517721 user_id=user-1023 status_code=200 latency_ms=265 message="Index scan completed"
2026-09-20 08:39:11 INFO auth-service Session created
2026-09-20 08:39:12 INFO notification-service SMS delivered
2026-09-20 08:39:13 INFO inventory-service Inventory released
2026-09-20 08:39:14 INFO order-service Order created
2026-09-20 08:39:15 INFO api-gateway Response sent
2026-09-20 08:39:16 INFO worker-service Job completed successfully
2026-09-20 08:39:17 INFO order-service Order shipped
2026-09-20 08:39:18 INFO order-service Order created
2026-09-20 08:39:19 INFO redis-service Key expired normally
2026-09-20 08:39:20 INFO redis-service Key expired normally
2026-09-20 08:39:21 level=INFO service=user-service component=user-service request_id=req-274970 trace_id=trace-60746098 user_id=user-7597 status_code=200 latency_ms=87 message="User profile fetched"
2026-09-20 08:39:22 INFO redis-service Cache set
2026-09-20 08:39:23 WARNING inventory-service Inventory released
2026-09-20 08:39:24 INFO redis-service Key expired normally
2026-09-20 08:39:25 INFO scheduler-service Scheduled job completed
2026-09-20 08:39:26 DEBUG user-service User preferences updated
2026-09-20 08:39:27 INFO notification-service Email queued
2026-09-20 08:39:28 level=INFO service=payment-service component=payment-service request_id=req-488646 trace_id=trace-12558036 user_id=user-5238 status_code=200 latency_ms=250 message="Payment authorized"
2026-09-20 08:39:29 INFO payment-service Refund processed successfully
2026-09-20 08:39:30 INFO monitoring-service Health probe OK
2026-09-20 08:39:31 INFO api-gateway Rate limit check passed
2026-09-20 08:39:32 level=INFO service=scheduler-service component=scheduler-service request_id=req-907503 trace_id=trace-86518856 user_id=user-3468 status_code=200 latency_ms=161 message="Scheduled job completed"
2026-09-20 08:39:33 level=WARNING service=worker-service component=worker-service request_id=req-615178 trace_id=trace-68840127 user_id=user-8020 status_code=200 latency_ms=144 message="Job completed successfully"
2026-09-20 08:39:34 level=INFO service=api-gateway component=api-gateway request_id=req-162273 trace_id=trace-74597041 user_id=user-2151 status_code=200 latency_ms=272 message="Response sent"
2026-09-20 08:39:35 DEBUG api-gateway Rate limit check passed
2026-09-20 08:39:36 INFO monitoring-service Alert evaluated: no action
2026-09-20 08:39:37 INFO notification-service SMS delivered
2026-09-20 08:39:38 INFO search-service Query results returned
2026-09-20 08:39:39 INFO search-service Search query executed
2026-09-20 08:39:40 level=INFO service=monitoring-service component=monitoring-service request_id=req-357709 trace_id=trace-77843401 user_id=user-4206 status_code=200 latency_ms=118 message="Alert evaluated: no action"
2026-09-20 08:39:41 INFO scheduler-service Scheduled job completed
2026-09-20 08:39:42 INFO redis-service Cache warmed
2026-09-20 08:39:43 INFO monitoring-service Health probe OK
2026-09-20 08:39:44 INFO database-service Index scan completed
2026-09-20 08:39:45 INFO payment-service Refund processed successfully
2026-09-20 08:39:46 level=INFO service=scheduler-service component=scheduler-service request_id=req-603235 trace_id=trace-82936603 user_id=user-9036 status_code=200 latency_ms=135 message="Scheduled job completed"
2026-09-20 08:39:47 level=INFO service=user-service component=user-service request_id=req-126283 trace_id=trace-60586737 user_id=user-9460 status_code=200 latency_ms=282 message="User created"
2026-09-20 08:39:48 level=INFO service=order-service component=order-service request_id=req-318745 trace_id=trace-48831252 user_id=user-3891 status_code=200 latency_ms=115 message="Order status updated"
2026-09-20 08:39:49 INFO search-service Query results returned
2026-09-20 08:39:50 level=INFO service=api-gateway component=api-gateway request_id=req-528160 trace_id=trace-98941541 user_id=user-8109 status_code=200 latency_ms=93 message="Incoming request accepted"
2026-09-20 08:39:51 INFO auth-service User authenticated successfully
2026-09-20 08:39:52 INFO database-service Index scan completed
2026-09-20 08:39:53 INFO redis-service Cache warmed
2026-09-20 08:39:54 level=INFO service=user-service component=user-service request_id=req-738377 trace_id=trace-16094415 user_id=user-6879 status_code=200 latency_ms=49 message="Profile cache warmed"
2026-09-20 08:39:55 INFO worker-service Job completed successfully
2026-09-20 08:39:56 level=INFO service=redis-service component=redis-service request_id=req-326002 trace_id=trace-75217421 user_id=user-5597 status_code=200 latency_ms=200 message="Cache set"
2026-09-20 08:39:57 INFO api-gateway Health check OK
2026-09-20 08:39:58 INFO auth-service User authenticated successfully
2026-09-20 08:39:59 INFO user-service Profile cache warmed
2026-09-20 08:40:00 INFO notification-service SMS delivered
2026-09-20 08:40:01 INFO monitoring-service Alert evaluated: no action
2026-09-20 08:40:02 level=INFO service=notification-service component=notification-service request_id=req-122479 trace_id=trace-63716109 user_id=user-4902 status_code=200 latency_ms=169 message="Email queued"
2026-09-20 08:40:03 WARNING inventory-service Stock level checked
2026-09-20 08:40:04 INFO notification-service SMS delivered
2026-09-20 08:40:05 INFO database-service Index scan completed
2026-09-20 08:40:06 INFO redis-service Cache hit
2026-09-20 08:40:07 INFO redis-service Key expired normally
2026-09-20 08:40:08 INFO redis-service Key expired normally
2026-09-20 08:40:09 DEBUG monitoring-service Alert evaluated: no action
2026-09-20 08:40:10 INFO search-service Index refreshed
2026-09-20 08:40:11 level=INFO service=worker-service component=worker-service request_id=req-776198 trace_id=trace-52012081 user_id=user-1268 status_code=200 latency_ms=152 message="Worker heartbeat OK"
2026-09-20 08:40:12 INFO inventory-service Inventory reserved
2026-09-20 08:40:13 INFO order-service Order status updated
2026-09-20 08:40:14 INFO inventory-service Inventory reserved
2026-09-20 08:40:15 level=INFO service=user-service component=user-service request_id=req-981721 trace_id=trace-49416780 user_id=user-7418 status_code=200 latency_ms=210 message="User created"
2026-09-20 08:40:16 INFO payment-service Refund processed successfully
2026-09-20 08:40:17 INFO search-service Index refreshed
2026-09-20 08:40:18 INFO auth-service Session created
2026-09-20 08:40:19 INFO notification-service Email queued
2026-09-20 08:40:20 INFO inventory-service Stock level checked
2026-09-20 08:40:21 level=INFO service=api-gateway component=api-gateway request_id=req-878201 trace_id=trace-18037525 user_id=user-8802 status_code=200 latency_ms=201 message="Request routed successfully"
2026-09-20 08:40:22 INFO notification-service SMS delivered
2026-09-20 08:40:23 level=INFO service=scheduler-service component=scheduler-service request_id=req-825488 trace_id=trace-15194361 user_id=user-6229 status_code=200 latency_ms=290 message="Cron tick processed"
2026-09-20 08:40:24 INFO payment-service Payment authorized
2026-09-20 08:40:25 level=INFO service=notification-service component=notification-service request_id=req-640773 trace_id=trace-19445258 user_id=user-3538 status_code=200 latency_ms=237 message="SMS delivered"
2026-09-20 08:40:26 WARNING monitoring-service Metrics scraped
2026-09-20 08:40:27 INFO api-gateway Incoming request accepted
2026-09-20 08:40:28 level=INFO service=monitoring-service component=monitoring-service request_id=req-483724 trace_id=trace-81100844 user_id=user-6675 status_code=200 latency_ms=193 message="Alert evaluated: no action"
2026-09-20 08:40:29 INFO search-service Query results returned
2026-09-20 08:40:30 INFO auth-service Token refreshed
2026-09-20 08:40:31 level=INFO service=inventory-service component=inventory-service request_id=req-233346 trace_id=trace-22873699 user_id=user-5975 status_code=200 latency_ms=107 message="Inventory reserved"
2026-09-20 08:40:32 WARNING scheduler-service Cron tick processed
2026-09-20 08:40:33 INFO monitoring-service Alert evaluated: no action
2026-09-20 08:40:34 level=INFO service=search-service component=search-service request_id=req-521555 trace_id=trace-85699979 user_id=user-4261 status_code=200 latency_ms=243 message="Query results returned"
2026-09-20 08:40:35 INFO user-service User preferences updated
2026-09-20 08:40:36 INFO inventory-service Inventory reserved
2026-09-20 08:40:37 INFO api-gateway Rate limit check passed
2026-09-20 08:40:38 INFO worker-service Worker heartbeat OK
2026-09-20 08:40:39 DEBUG payment-service Refund processed successfully
2026-09-20 08:40:40 INFO user-service User profile fetched
2026-09-20 08:40:41 INFO payment-service Payment gateway responded 200
2026-09-20 08:40:42 level=DEBUG service=order-service component=order-service request_id=req-126077 trace_id=trace-60433050 user_id=user-4755 status_code=200 latency_ms=112 message="Order created"
2026-09-20 08:40:43 INFO redis-service Key expired normally
2026-09-20 08:40:44 level=INFO service=redis-service component=redis-service request_id=req-107806 trace_id=trace-96134684 user_id=user-4065 status_code=200 latency_ms=135 message="Cache warmed"
2026-09-20 08:40:45 level=INFO service=redis-service component=redis-service request_id=req-476620 trace_id=trace-16353171 user_id=user-6249 status_code=200 latency_ms=272 message="Key expired normally"
2026-09-20 08:40:46 INFO notification-service SMS delivered
2026-09-20 08:40:47 level=INFO service=scheduler-service component=scheduler-service request_id=req-155968 trace_id=trace-45255477 user_id=user-9950 status_code=200 latency_ms=224 message="Scheduled job started"
2026-09-20 08:40:48 INFO inventory-service Inventory released
2026-09-20 08:40:49 level=INFO service=inventory-service component=inventory-service request_id=req-385569 trace_id=trace-12073863 user_id=user-4961 status_code=200 latency_ms=154 message="Inventory released"
2026-09-20 08:40:50 INFO redis-service Cache warmed
2026-09-20 08:40:51 INFO order-service Order confirmed
2026-09-20 08:40:52 INFO worker-service Job picked up
2026-09-20 08:40:53 INFO inventory-service Inventory reserved
2026-09-20 08:40:54 DEBUG database-service Index scan completed
2026-09-20 08:40:55 DEBUG user-service User profile fetched
2026-09-20 08:40:56 WARNING notification-service SMS delivered
2026-09-20 08:40:57 INFO order-service Order status updated
2026-09-20 08:40:58 level=DEBUG service=inventory-service component=inventory-service request_id=req-450781 trace_id=trace-17064574 user_id=user-7832 status_code=200 latency_ms=128 message="Stock level checked"
2026-09-20 08:40:59 INFO notification-service Push notification sent
2026-09-20 08:41:00 level=INFO service=api-gateway component=api-gateway request_id=req-747573 trace_id=trace-12794417 user_id=user-9377 status_code=200 latency_ms=193 message="Rate limit check passed"
2026-09-20 08:41:01 INFO inventory-service Inventory released
2026-09-20 08:41:02 level=INFO service=inventory-service component=inventory-service request_id=req-700764 trace_id=trace-43373225 user_id=user-2576 status_code=200 latency_ms=258 message="Inventory released"
2026-09-20 08:41:03 level=INFO service=search-service component=search-service request_id=req-694490 trace_id=trace-89668285 user_id=user-1682 status_code=200 latency_ms=92 message="Index refreshed"
2026-09-20 08:41:04 level=INFO service=scheduler-service component=scheduler-service request_id=req-947278 trace_id=trace-12453376 user_id=user-3043 status_code=200 latency_ms=213 message="Scheduled job started"
2026-09-20 08:41:05 INFO api-gateway Incoming request accepted
2026-09-20 08:41:06 level=INFO service=order-service component=order-service request_id=req-276514 trace_id=trace-20825962 user_id=user-2650 status_code=200 latency_ms=131 message="Order shipped"
2026-09-20 08:41:07 level=INFO service=payment-service component=payment-service request_id=req-779513 trace_id=trace-65905881 user_id=user-3189 status_code=200 latency_ms=238 message="Payment gateway responded 200"
2026-09-20 08:41:08 INFO user-service User preferences updated
2026-09-20 08:41:09 INFO redis-service Cache set
2026-09-20 08:41:10 INFO monitoring-service Alert evaluated: no action
2026-09-20 08:41:11 INFO redis-service Key expired normally
2026-09-20 08:41:12 INFO auth-service Logout successful
2026-09-20 08:41:13 DEBUG monitoring-service Health probe OK
2026-09-20 08:41:14 INFO monitoring-service Metrics scraped
2026-09-20 08:41:15 INFO order-service Order shipped
2026-09-20 08:41:16 WARNING notification-service SMS delivered
2026-09-20 08:41:17 INFO monitoring-service Alert evaluated: no action
2026-09-20 08:41:18 level=INFO service=inventory-service component=inventory-service request_id=req-683181 trace_id=trace-87278282 user_id=user-6729 status_code=200 latency_ms=199 message="Stock level checked"
2026-09-20 08:41:19 level=INFO service=scheduler-service component=scheduler-service request_id=req-972596 trace_id=trace-59991718 user_id=user-1870 status_code=200 latency_ms=255 message="Cron tick processed"
2026-09-20 08:41:20 level=INFO service=payment-service component=payment-service request_id=req-821710 trace_id=trace-54697340 user_id=user-8439 status_code=200 latency_ms=293 message="Payment captured"
2026-09-20 08:41:21 INFO redis-service Cache hit
2026-09-20 08:41:22 INFO database-service Transaction committed
2026-09-20 08:41:23 INFO scheduler-service Scheduled job completed
2026-09-20 08:41:24 INFO redis-service Cache hit
2026-09-20 08:41:25 INFO monitoring-service Metrics scraped
2026-09-20 08:41:26 INFO order-service Order created
2026-09-20 08:41:27 level=INFO service=worker-service component=worker-service request_id=req-137259 trace_id=trace-10500482 user_id=user-7662 status_code=200 latency_ms=62 message="Job completed successfully"
2026-09-20 08:41:28 INFO inventory-service Stock level checked
2026-09-20 08:41:29 INFO notification-service SMS delivered
2026-09-20 08:41:30 level=INFO service=monitoring-service component=monitoring-service request_id=req-330510 trace_id=trace-76790149 user_id=user-9131 status_code=200 latency_ms=219 message="Health probe OK"
2026-09-20 08:41:31 INFO notification-service SMS delivered
2026-09-20 08:41:32 level=INFO service=inventory-service component=inventory-service request_id=req-388916 trace_id=trace-47792062 user_id=user-3175 status_code=200 latency_ms=132 message="Stock level checked"
2026-09-20 08:41:33 INFO user-service User profile fetched
2026-09-20 08:41:34 INFO auth-service Session created
2026-09-20 08:41:35 INFO redis-service Cache hit
2026-09-20 08:41:36 INFO notification-service Push notification sent
2026-09-20 08:41:37 level=INFO service=redis-service component=redis-service request_id=req-663605 trace_id=trace-18026855 user_id=user-7128 status_code=200 latency_ms=186 message="Cache warmed"
2026-09-20 08:41:38 INFO monitoring-service Metrics scraped
2026-09-20 08:41:39 INFO payment-service Payment request received
2026-09-20 08:41:40 INFO user-service User profile fetched
2026-09-20 08:41:41 INFO database-service Connection acquired from pool
2026-09-20 08:41:42 INFO order-service Order shipped
2026-09-20 08:41:43 level=INFO service=search-service component=search-service request_id=req-337672 trace_id=trace-93294657 user_id=user-2806 status_code=200 latency_ms=104 message="Index refreshed"
2026-09-20 08:41:44 INFO database-service Query executed successfully
2026-09-20 08:41:45 INFO notification-service Email queued
2026-09-20 08:41:46 INFO redis-service Key expired normally
2026-09-20 08:41:47 INFO payment-service Payment captured
2026-09-20 08:41:48 INFO worker-service Job picked up
2026-09-20 08:41:49 INFO order-service Order created
2026-09-20 08:41:50 INFO user-service User preferences updated
2026-09-20 08:41:51 INFO notification-service Push notification sent
2026-09-20 08:41:52 INFO inventory-service Inventory released
2026-09-20 08:41:53 INFO api-gateway Response sent
2026-09-20 08:41:54 INFO scheduler-service Scheduled job started
2026-09-20 08:41:55 INFO payment-service Payment gateway responded 200
2026-09-20 08:41:56 INFO inventory-service Inventory released
2026-09-20 08:41:57 INFO worker-service Job picked up
2026-09-20 08:41:58 level=INFO service=auth-service component=auth-service request_id=req-363299 trace_id=trace-10813932 user_id=user-2092 status_code=200 latency_ms=295 message="Session created"
2026-09-20 08:41:59 INFO notification-service Email queued
2026-09-20 08:42:00 INFO api-gateway TLS handshake completed
2026-09-20 08:42:01 INFO order-service Order created
2026-09-20 08:42:02 INFO inventory-service Stock level checked
2026-09-20 08:42:03 level=INFO service=inventory-service component=inventory-service request_id=req-499685 trace_id=trace-92278469 user_id=user-2566 status_code=200 latency_ms=199 message="Stock level checked"
2026-09-20 08:42:04 INFO order-service Order created
2026-09-20 08:42:05 WARNING order-service Order shipped
2026-09-20 08:42:06 INFO user-service Profile cache warmed
2026-09-20 08:42:07 level=INFO service=redis-service component=redis-service request_id=req-759858 trace_id=trace-75954255 user_id=user-9303 status_code=200 latency_ms=51 message="Cache hit"
2026-09-20 08:42:08 DEBUG payment-service Payment request received
2026-09-20 08:42:09 level=INFO service=search-service component=search-service request_id=req-461567 trace_id=trace-23644943 user_id=user-6105 status_code=200 latency_ms=168 message="Query results returned"
2026-09-20 08:42:10 INFO search-service Index refreshed
2026-09-20 08:42:11 INFO scheduler-service Scheduled job completed
2026-09-20 08:42:12 INFO user-service User preferences updated
2026-09-20 08:42:13 level=WARNING service=api-gateway component=api-gateway request_id=req-547049 trace_id=trace-20453537 user_id=user-9478 status_code=200 latency_ms=216 message="Incoming request accepted"
2026-09-20 08:42:14 INFO api-gateway Health check OK
2026-09-20 08:42:15 INFO redis-service Cache warmed
2026-09-20 08:42:16 INFO order-service Order status updated
2026-09-20 08:42:17 INFO user-service User profile fetched
2026-09-20 08:42:18 DEBUG search-service Search query executed
2026-09-20 08:42:19 INFO scheduler-service Scheduled job completed
2026-09-20 08:42:20 level=INFO service=api-gateway component=api-gateway request_id=req-374429 trace_id=trace-57998621 user_id=user-3037 status_code=200 latency_ms=16 message="TLS handshake completed"
2026-09-20 08:42:21 INFO worker-service Job picked up
2026-09-20 08:42:22 level=INFO service=redis-service component=redis-service request_id=req-616927 trace_id=trace-95650926 user_id=user-7186 status_code=200 latency_ms=105 message="Cache set"
2026-09-20 08:42:23 INFO user-service User preferences updated
2026-09-20 08:42:24 INFO database-service Connection acquired from pool
2026-09-20 08:42:25 level=INFO service=user-service component=user-service request_id=req-253240 trace_id=trace-97105682 user_id=user-7321 status_code=200 latency_ms=121 message="User created"
2026-09-20 08:42:26 INFO api-gateway Request routed successfully
2026-09-20 08:42:27 INFO user-service User created
2026-09-20 08:42:28 INFO auth-service Token refreshed
2026-09-20 08:42:29 INFO user-service User created
2026-09-20 08:42:30 INFO search-service Search query executed
2026-09-20 08:42:31 INFO inventory-service Inventory released
2026-09-20 08:42:32 INFO monitoring-service Health probe OK
2026-09-20 08:42:33 INFO notification-service Push notification sent
2026-09-20 08:42:34 DEBUG scheduler-service Cron tick processed
2026-09-20 08:42:35 INFO database-service Transaction committed
2026-09-20 08:42:36 INFO scheduler-service Scheduled job completed
2026-09-20 08:42:37 INFO user-service Profile cache warmed
2026-09-20 08:42:38 INFO monitoring-service Alert evaluated: no action
2026-09-20 08:42:39 INFO scheduler-service Scheduled job completed
2026-09-20 08:42:40 DEBUG scheduler-service Cron tick processed
2026-09-20 08:42:41 INFO auth-service Token refreshed
2026-09-20 08:42:42 INFO auth-service User authenticated successfully
2026-09-20 08:42:43 level=INFO service=redis-service component=redis-service request_id=req-372369 trace_id=trace-37332854 user_id=user-6898 status_code=200 latency_ms=281 message="Cache set"
2026-09-20 08:42:44 INFO database-service Connection acquired from pool
2026-09-20 08:42:45 INFO search-service Query results returned
2026-09-20 08:42:46 INFO redis-service Cache set
2026-09-20 08:42:47 INFO worker-service Job completed successfully
2026-09-20 08:42:48 INFO search-service Index refreshed
2026-09-20 08:42:49 level=INFO service=notification-service component=notification-service request_id=req-805893 trace_id=trace-92936770 user_id=user-6457 status_code=200 latency_ms=277 message="Email queued"
2026-09-20 08:42:50 INFO notification-service Email queued
2026-09-20 08:42:51 level=INFO service=notification-service component=notification-service request_id=req-870906 trace_id=trace-10436604 user_id=user-2282 status_code=200 latency_ms=56 message="Push notification sent"
2026-09-20 08:42:52 level=INFO service=auth-service component=auth-service request_id=req-616961 trace_id=trace-57840211 user_id=user-4444 status_code=200 latency_ms=279 message="User authenticated successfully"
2026-09-20 08:42:53 level=INFO service=worker-service component=worker-service request_id=req-401196 trace_id=trace-78629016 user_id=user-4514 status_code=200 latency_ms=169 message="Job completed successfully"
2026-09-20 08:42:54 INFO monitoring-service Alert evaluated: no action
2026-09-20 08:42:55 INFO inventory-service Inventory reserved
2026-09-20 08:42:56 INFO redis-service Cache set
2026-09-20 08:42:57 WARNING redis-service Cache set
2026-09-20 08:42:58 level=INFO service=inventory-service component=inventory-service request_id=req-458191 trace_id=trace-43406178 user_id=user-6564 status_code=200 latency_ms=113 message="Stock level checked"
2026-09-20 08:42:59 level=WARNING service=auth-service component=auth-service request_id=req-813322 trace_id=trace-48457191 user_id=user-7222 status_code=200 latency_ms=115 message="Token refreshed"
2026-09-20 08:43:00 INFO notification-service Email queued
2026-09-20 08:43:01 WARNING notification-service SMS delivered
2026-09-20 08:43:02 INFO search-service Query results returned
2026-09-20 08:43:03 INFO scheduler-service Scheduled job started
2026-09-20 08:43:04 INFO database-service Index scan completed
2026-09-20 08:43:05 INFO api-gateway TLS handshake completed
2026-09-20 08:43:06 level=INFO service=api-gateway component=api-gateway request_id=req-850509 trace_id=trace-28774471 user_id=user-4434 status_code=200 latency_ms=67 message="Request routed successfully"
2026-09-20 08:43:07 level=INFO service=search-service component=search-service request_id=req-952633 trace_id=trace-66038745 user_id=user-9389 status_code=200 latency_ms=64 message="Index refreshed"
2026-09-20 08:43:08 INFO user-service User preferences updated
2026-09-20 08:43:09 INFO order-service Order confirmed
2026-09-20 08:43:10 level=INFO service=notification-service component=notification-service request_id=req-219318 trace_id=trace-49590509 user_id=user-5326 status_code=200 latency_ms=80 message="SMS delivered"
2026-09-20 08:43:11 level=INFO service=inventory-service component=inventory-service request_id=req-379625 trace_id=trace-53197628 user_id=user-3042 status_code=200 latency_ms=33 message="Inventory reserved"
2026-09-20 08:43:12 INFO search-service Query results returned
2026-09-20 08:43:13 INFO database-service Query executed successfully
2026-09-20 08:43:14 INFO payment-service Payment captured
2026-09-20 08:43:15 INFO payment-service Refund processed successfully
2026-09-20 08:43:16 INFO auth-service Token issued
2026-09-20 08:43:17 INFO notification-service Push notification sent
2026-09-20 08:43:18 level=INFO service=notification-service component=notification-service request_id=req-962399 trace_id=trace-85514956 user_id=user-4084 status_code=200 latency_ms=213 message="Email queued"
2026-09-20 08:43:19 DEBUG payment-service Payment captured
2026-09-20 08:43:20 level=INFO service=search-service component=search-service request_id=req-205063 trace_id=trace-57514069 user_id=user-5805 status_code=200 latency_ms=295 message="Search query executed"
2026-09-20 08:43:21 INFO inventory-service Inventory reserved
2026-09-20 08:43:22 INFO redis-service Cache warmed
2026-09-20 08:43:23 INFO auth-service User authenticated successfully
2026-09-20 08:43:24 level=INFO service=user-service component=user-service request_id=req-115249 trace_id=trace-93555091 user_id=user-9750 status_code=200 latency_ms=134 message="User created"
2026-09-20 08:43:25 INFO notification-service Email queued
2026-09-20 08:43:26 DEBUG inventory-service Inventory released
2026-09-20 08:43:27 INFO database-service Index scan completed
2026-09-20 08:43:28 INFO search-service Query results returned
2026-09-20 08:43:29 WARNING payment-service Payment request received
2026-09-20 08:43:30 INFO worker-service Worker heartbeat OK
2026-09-20 08:43:31 level=INFO service=worker-service component=worker-service request_id=req-791471 trace_id=trace-21203346 user_id=user-1143 status_code=200 latency_ms=135 message="Job completed successfully"
2026-09-20 08:43:32 INFO api-gateway Request routed successfully
2026-09-20 08:43:33 INFO payment-service Payment captured
2026-09-20 08:43:34 level=INFO service=notification-service component=notification-service request_id=req-312546 trace_id=trace-32256030 user_id=user-8758 status_code=200 latency_ms=119 message="Push notification sent"
2026-09-20 08:43:35 INFO api-gateway Response sent
2026-09-20 08:43:36 WARNING notification-service SMS delivered
2026-09-20 08:43:37 level=INFO service=redis-service component=redis-service request_id=req-503921 trace_id=trace-31685017 user_id=user-2098 status_code=200 latency_ms=60 message="Key expired normally"
2026-09-20 08:43:38 INFO api-gateway TLS handshake completed
2026-09-20 08:43:39 INFO monitoring-service Alert evaluated: no action
2026-09-20 08:43:40 INFO database-service Index scan completed
2026-09-20 08:43:41 level=INFO service=worker-service component=worker-service request_id=req-456424 trace_id=trace-57468325 user_id=user-8191 status_code=200 latency_ms=24 message="Worker heartbeat OK"
2026-09-20 08:43:42 INFO database-service Query executed successfully
2026-09-20 08:43:43 INFO worker-service Worker heartbeat OK
2026-09-20 08:43:44 level=INFO service=database-service component=database-service request_id=req-706303 trace_id=trace-54382005 user_id=user-9978 status_code=200 latency_ms=294 message="Index scan completed"
2026-09-20 08:43:45 level=INFO service=notification-service component=notification-service request_id=req-646730 trace_id=trace-50183849 user_id=user-4339 status_code=200 latency_ms=184 message="SMS delivered"
2026-09-20 08:43:46 level=INFO service=order-service component=order-service request_id=req-906502 trace_id=trace-54751230 user_id=user-3737 status_code=200 latency_ms=156 message="Order confirmed"
2026-09-20 08:43:47 INFO scheduler-service Scheduled job completed
2026-09-20 08:43:48 level=INFO service=redis-service component=redis-service request_id=req-893346 trace_id=trace-93828732 user_id=user-9391 status_code=200 latency_ms=17 message="Cache warmed"
2026-09-20 08:43:49 level=INFO service=payment-service component=payment-service request_id=req-432362 trace_id=trace-26660435 user_id=user-5947 status_code=200 latency_ms=74 message="Payment captured"
2026-09-20 08:43:50 INFO scheduler-service Scheduled job started
2026-09-20 08:43:51 INFO api-gateway Request routed successfully
2026-09-20 08:43:52 INFO scheduler-service Scheduled job completed
2026-09-20 08:43:53 INFO order-service Order status updated
2026-09-20 08:43:54 INFO monitoring-service Metrics scraped
2026-09-20 08:43:55 INFO auth-service Token refreshed
2026-09-20 08:43:56 level=INFO service=inventory-service component=inventory-service request_id=req-399243 trace_id=trace-55710795 user_id=user-4471 status_code=200 latency_ms=106 message="Inventory released"
2026-09-20 08:43:57 level=INFO service=search-service component=search-service request_id=req-232637 trace_id=trace-44024846 user_id=user-1428 status_code=200 latency_ms=163 message="Index refreshed"
2026-09-20 08:43:58 WARNING redis-service Cache warmed
2026-09-20 08:43:59 INFO worker-service Job completed successfully
2026-09-20 08:44:00 INFO search-service Query results returned
2026-09-20 08:44:01 INFO notification-service Push notification sent
2026-09-20 08:44:02 INFO auth-service Session created
2026-09-20 08:44:03 DEBUG auth-service User authenticated successfully
2026-09-20 08:44:04 INFO redis-service Cache set
2026-09-20 08:44:05 INFO monitoring-service Metrics scraped
2026-09-20 08:44:06 level=INFO service=auth-service component=auth-service request_id=req-101678 trace_id=trace-31662363 user_id=user-1131 status_code=200 latency_ms=264 message="Logout successful"
2026-09-20 08:44:07 INFO search-service Index refreshed
2026-09-20 08:44:08 level=INFO service=api-gateway component=api-gateway request_id=req-971385 trace_id=trace-52702125 user_id=user-2268 status_code=200 latency_ms=66 message="TLS handshake completed"
2026-09-20 08:44:09 level=INFO service=payment-service component=payment-service request_id=req-157541 trace_id=trace-28156328 user_id=user-6739 status_code=200 latency_ms=240 message="Payment authorized"
2026-09-20 08:44:10 level=INFO service=user-service component=user-service request_id=req-153930 trace_id=trace-51390045 user_id=user-4861 status_code=200 latency_ms=214 message="Profile cache warmed"
2026-09-20 08:44:11 INFO database-service Transaction committed
2026-09-20 08:44:12 INFO auth-service Token issued
2026-09-20 08:44:13 INFO database-service Query executed successfully
2026-09-20 08:44:14 level=INFO service=user-service component=user-service request_id=req-453018 trace_id=trace-61378431 user_id=user-7811 status_code=200 latency_ms=110 message="User profile fetched"
2026-09-20 08:44:15 INFO order-service Order shipped
2026-09-20 08:44:16 level=INFO service=payment-service component=payment-service request_id=req-474113 trace_id=trace-22272705 user_id=user-7792 status_code=200 latency_ms=66 message="Payment authorized"
2026-09-20 08:44:17 INFO redis-service Key expired normally
2026-09-20 08:44:18 level=INFO service=monitoring-service component=monitoring-service request_id=req-787873 trace_id=trace-68030062 user_id=user-4235 status_code=200 latency_ms=226 message="Health probe OK"
2026-09-20 08:44:19 level=INFO service=payment-service component=payment-service request_id=req-316368 trace_id=trace-96171947 user_id=user-6098 status_code=200 latency_ms=30 message="Payment authorized"
2026-09-20 08:44:20 level=INFO service=scheduler-service component=scheduler-service request_id=req-771710 trace_id=trace-55985309 user_id=user-4211 status_code=200 latency_ms=210 message="Scheduled job started"
2026-09-20 08:44:21 level=INFO service=scheduler-service component=scheduler-service request_id=req-420992 trace_id=trace-66198830 user_id=user-4207 status_code=200 latency_ms=220 message="Scheduled job completed"
2026-09-20 08:44:22 INFO inventory-service Inventory reserved
2026-09-20 08:44:23 level=INFO service=auth-service component=auth-service request_id=req-820308 trace_id=trace-39036170 user_id=user-6059 status_code=200 latency_ms=181 message="Token issued"
2026-09-20 08:44:24 INFO redis-service Cache set
2026-09-20 08:44:25 INFO search-service Query results returned
2026-09-20 08:44:26 INFO scheduler-service Scheduled job completed
2026-09-20 08:44:27 INFO database-service Connection acquired from pool
2026-09-20 08:44:28 INFO user-service User profile fetched
2026-09-20 08:44:29 DEBUG database-service Index scan completed
2026-09-20 08:44:30 level=INFO service=notification-service component=notification-service request_id=req-439177 trace_id=trace-47700387 user_id=user-1670 status_code=200 latency_ms=54 message="Email queued"
2026-09-20 08:44:31 INFO auth-service Session created
2026-09-20 08:44:32 INFO api-gateway Incoming request accepted
2026-09-20 08:44:33 level=INFO service=api-gateway component=api-gateway request_id=req-298780 trace_id=trace-97341036 user_id=user-5412 status_code=200 latency_ms=25 message="Health check OK"
2026-09-20 08:44:34 INFO search-service Search query executed
2026-09-20 08:44:35 INFO worker-service Job completed successfully
2026-09-20 08:44:36 INFO worker-service Job completed successfully
2026-09-20 08:44:37 INFO auth-service Token issued
2026-09-20 08:44:38 INFO auth-service Session created
2026-09-20 08:44:39 level=INFO service=order-service component=order-service request_id=req-538492 trace_id=trace-78406781 user_id=user-8881 status_code=200 latency_ms=264 message="Order shipped"
2026-09-20 08:44:40 WARNING search-service Index refreshed
2026-09-20 08:44:41 INFO notification-service Email queued
2026-09-20 08:44:42 level=INFO service=redis-service component=redis-service request_id=req-824481 trace_id=trace-41200875 user_id=user-4377 status_code=200 latency_ms=60 message="Cache set"
2026-09-20 08:44:43 INFO user-service User preferences updated
2026-09-20 08:44:44 DEBUG database-service Index scan completed
2026-09-20 08:44:45 level=INFO service=database-service component=database-service request_id=req-753358 trace_id=trace-22619512 user_id=user-9848 status_code=200 latency_ms=159 message="Index scan completed"
2026-09-20 08:44:46 INFO inventory-service Inventory released
2026-09-20 08:44:47 WARNING notification-service Push notification sent
2026-09-20 08:44:48 INFO monitoring-service Health probe OK
2026-09-20 08:44:49 WARNING inventory-service Stock level checked
2026-09-20 08:44:50 INFO notification-service Email queued
2026-09-20 08:44:51 INFO redis-service Key expired normally
2026-09-20 08:44:52 INFO payment-service Payment request received
2026-09-20 08:44:53 level=INFO service=search-service component=search-service request_id=req-744887 trace_id=trace-32779823 user_id=user-4112 status_code=200 latency_ms=203 message="Index refreshed"
2026-09-20 08:44:54 INFO auth-service Session created
2026-09-20 08:44:55 INFO api-gateway Response sent
2026-09-20 08:44:56 level=INFO service=api-gateway component=api-gateway request_id=req-399476 trace_id=trace-74778652 user_id=user-2166 status_code=200 latency_ms=128 message="Request routed successfully"
2026-09-20 08:44:57 INFO payment-service Payment authorized
2026-09-20 08:44:58 level=INFO service=api-gateway component=api-gateway request_id=req-653819 trace_id=trace-93929735 user_id=user-6941 status_code=200 latency_ms=134 message="TLS handshake completed"
2026-09-20 08:44:59 INFO worker-service Job completed successfully
2026-09-20 08:45:00 INFO payment-service Payment authorized
2026-09-20 08:45:01 WARNING auth-service User authenticated successfully
2026-09-20 08:45:02 level=INFO service=auth-service component=auth-service request_id=req-257388 trace_id=trace-39875256 user_id=user-4675 status_code=200 latency_ms=298 message="Token issued"
2026-09-20 08:45:03 INFO search-service Query results returned
2026-09-20 08:45:04 INFO payment-service Payment authorized
2026-09-20 08:45:05 INFO search-service Query results returned
2026-09-20 08:45:06 INFO monitoring-service Alert evaluated: no action
2026-09-20 08:45:07 INFO auth-service Session created
2026-09-20 08:45:08 level=INFO service=database-service component=database-service request_id=req-765652 trace_id=trace-84002253 user_id=user-5801 status_code=200 latency_ms=18 message="Connection acquired from pool"
2026-09-20 08:45:09 INFO auth-service Session created
2026-09-20 08:45:10 INFO monitoring-service Health probe OK
2026-09-20 08:45:11 INFO order-service Order shipped
2026-09-20 08:45:12 level=INFO service=notification-service component=notification-service request_id=req-262764 trace_id=trace-13116924 user_id=user-7260 status_code=200 latency_ms=221 message="Push notification sent"
2026-09-20 08:45:13 INFO redis-service Key expired normally
2026-09-20 08:45:14 INFO search-service Query results returned
2026-09-20 08:45:15 INFO database-service Connection acquired from pool
2026-09-20 08:45:16 level=INFO service=redis-service component=redis-service request_id=req-642868 trace_id=trace-46464906 user_id=user-4893 status_code=200 latency_ms=17 message="Cache set"
2026-09-20 08:45:17 INFO worker-service Job picked up
2026-09-20 08:45:18 level=INFO service=payment-service component=payment-service request_id=req-834790 trace_id=trace-94956292 user_id=user-8176 status_code=200 latency_ms=53 message="Payment gateway responded 200"
2026-09-20 08:45:19 level=INFO service=search-service component=search-service request_id=req-101363 trace_id=trace-71011586 user_id=user-5580 status_code=200 latency_ms=187 message="Search query executed"
2026-09-20 08:45:20 WARNING search-service Search query executed
2026-09-20 08:45:21 INFO order-service Order confirmed
2026-09-20 08:45:22 INFO search-service Query results returned
2026-09-20 08:45:23 INFO api-gateway Response sent
2026-09-20 08:45:24 INFO worker-service Job picked up
2026-09-20 08:45:25 INFO notification-service Push notification sent
2026-09-20 08:45:26 WARNING worker-service Job picked up
2026-09-20 08:45:27 INFO api-gateway Response sent
2026-09-20 08:45:28 level=INFO service=payment-service component=payment-service request_id=req-630512 trace_id=trace-23927310 user_id=user-4208 status_code=200 latency_ms=138 message="Refund processed successfully"
2026-09-20 08:45:29 DEBUG database-service Transaction committed
2026-09-20 08:45:30 level=INFO service=worker-service component=worker-service request_id=req-266446 trace_id=trace-33516624 user_id=user-7789 status_code=200 latency_ms=225 message="Job picked up"
2026-09-20 08:45:31 level=INFO service=scheduler-service component=scheduler-service request_id=req-234876 trace_id=trace-58335092 user_id=user-9750 status_code=200 latency_ms=182 message="Scheduled job completed"
2026-09-20 08:45:32 INFO user-service User profile fetched
2026-09-20 08:45:33 INFO user-service User profile fetched
2026-09-20 08:45:34 INFO payment-service Payment captured
2026-09-20 08:45:35 INFO notification-service Push notification sent
2026-09-20 08:45:36 INFO payment-service Payment authorized
2026-09-20 08:45:37 INFO search-service Search query executed
2026-09-20 08:45:38 INFO auth-service User authenticated successfully
2026-09-20 08:45:39 INFO redis-service Key expired normally
2026-09-20 08:45:40 level=INFO service=payment-service component=payment-service request_id=req-966795 trace_id=trace-17137684 user_id=user-2536 status_code=200 latency_ms=76 message="Payment gateway responded 200"
2026-09-20 08:45:41 level=INFO service=order-service component=order-service request_id=req-362125 trace_id=trace-55345143 user_id=user-7507 status_code=200 latency_ms=204 message="Order confirmed"
2026-09-20 08:45:42 level=INFO service=redis-service component=redis-service request_id=req-150434 trace_id=trace-82189108 user_id=user-2862 status_code=200 latency_ms=153 message="Cache hit"
2026-09-20 08:45:43 INFO auth-service Token refreshed
2026-09-20 08:45:44 INFO monitoring-service Health probe OK
2026-09-20 08:45:45 level=DEBUG service=notification-service component=notification-service request_id=req-585662 trace_id=trace-80957758 user_id=user-5499 status_code=200 latency_ms=107 message="Push notification sent"
2026-09-20 08:45:46 INFO database-service Index scan completed
2026-09-20 08:45:47 INFO redis-service Cache set
2026-09-20 08:45:48 INFO redis-service Cache warmed
2026-09-20 08:45:49 INFO database-service Transaction committed
2026-09-20 08:45:50 INFO api-gateway TLS handshake completed
2026-09-20 08:45:51 INFO database-service Query executed successfully
2026-09-20 08:45:52 DEBUG redis-service Cache set
2026-09-20 08:45:53 INFO user-service User profile fetched
2026-09-20 08:45:54 INFO redis-service Cache hit
2026-09-20 08:45:55 INFO order-service Order created
2026-09-20 08:45:56 INFO order-service Order status updated
2026-09-20 08:45:57 INFO search-service Index refreshed
2026-09-20 08:45:58 INFO user-service User profile fetched
2026-09-20 08:45:59 INFO payment-service Refund processed successfully
2026-09-20 08:46:00 INFO scheduler-service Scheduled job started
2026-09-20 08:46:01 INFO api-gateway Request routed successfully
2026-09-20 08:46:02 INFO payment-service Payment authorized
2026-09-20 08:46:03 DEBUG user-service Profile cache warmed
2026-09-20 08:46:04 INFO payment-service Refund processed successfully
2026-09-20 08:46:05 INFO payment-service Refund processed successfully
2026-09-20 08:46:06 INFO order-service Order shipped
2026-09-20 08:46:07 INFO redis-service Cache set
2026-09-20 08:46:08 INFO api-gateway Response sent
2026-09-20 08:46:09 INFO redis-service Cache hit
2026-09-20 08:46:10 INFO redis-service Cache warmed
2026-09-20 08:46:11 INFO user-service User created
2026-09-20 08:46:12 level=INFO service=api-gateway component=api-gateway request_id=req-622677 trace_id=trace-71902110 user_id=user-3803 status_code=200 latency_ms=173 message="Incoming request accepted"
2026-09-20 08:46:13 INFO payment-service Payment gateway responded 200
2026-09-20 08:46:14 level=INFO service=user-service component=user-service request_id=req-527993 trace_id=trace-11021256 user_id=user-5464 status_code=200 latency_ms=53 message="Profile cache warmed"
2026-09-20 08:46:15 INFO search-service Index refreshed
2026-09-20 08:46:16 INFO database-service Connection acquired from pool
2026-09-20 08:46:17 level=INFO service=payment-service component=payment-service request_id=req-832698 trace_id=trace-62394388 user_id=user-7938 status_code=200 latency_ms=43 message="Payment request received"
2026-09-20 08:46:18 INFO redis-service Cache set
2026-09-20 08:46:19 INFO auth-service Logout successful
2026-09-20 08:46:20 INFO monitoring-service Metrics scraped
2026-09-20 08:46:21 INFO redis-service Cache hit
2026-09-20 08:46:22 INFO order-service Order shipped
2026-09-20 08:46:23 INFO payment-service Payment authorized
2026-09-20 08:46:24 INFO inventory-service Inventory reserved
2026-09-20 08:46:25 INFO scheduler-service Cron tick processed
2026-09-20 08:46:26 level=INFO service=notification-service component=notification-service request_id=req-910611 trace_id=trace-25049281 user_id=user-2362 status_code=200 latency_ms=249 message="Push notification sent"
2026-09-20 08:46:27 level=INFO service=payment-service component=payment-service request_id=req-822222 trace_id=trace-98199255 user_id=user-1289 status_code=200 latency_ms=282 message="Refund processed successfully"
2026-09-20 08:46:28 INFO scheduler-service Cron tick processed
2026-09-20 08:46:29 INFO user-service Profile cache warmed
2026-09-20 08:46:30 level=INFO service=search-service component=search-service request_id=req-243914 trace_id=trace-56331305 user_id=user-8543 status_code=200 latency_ms=188 message="Index refreshed"
2026-09-20 08:46:31 INFO notification-service Email queued
2026-09-20 08:46:32 INFO user-service User created
2026-09-20 08:46:33 INFO redis-service Cache warmed
2026-09-20 08:46:34 INFO worker-service Worker heartbeat OK
2026-09-20 08:46:35 level=INFO service=user-service component=user-service request_id=req-268874 trace_id=trace-89546475 user_id=user-9126 status_code=200 latency_ms=89 message="User created"
2026-09-20 08:46:36 INFO redis-service Cache set
2026-09-20 08:46:37 level=INFO service=payment-service component=payment-service request_id=req-329637 trace_id=trace-88240769 user_id=user-9915 status_code=200 latency_ms=138 message="Payment request received"
2026-09-20 08:46:38 INFO search-service Search query executed
2026-09-20 08:46:39 DEBUG order-service Order confirmed
2026-09-20 08:46:40 INFO notification-service Push notification sent
2026-09-20 08:46:41 level=INFO service=worker-service component=worker-service request_id=req-144439 trace_id=trace-55519118 user_id=user-8088 status_code=200 latency_ms=170 message="Job picked up"
2026-09-20 08:46:42 INFO inventory-service Stock level checked
2026-09-20 08:46:43 INFO database-service Query executed successfully
2026-09-20 08:46:44 INFO monitoring-service Alert evaluated: no action
2026-09-20 08:46:45 INFO api-gateway Incoming request accepted
2026-09-20 08:46:46 level=DEBUG service=search-service component=search-service request_id=req-915520 trace_id=trace-89843334 user_id=user-2825 status_code=200 latency_ms=49 message="Index refreshed"
2026-09-20 08:46:47 INFO redis-service Cache warmed
2026-09-20 08:46:48 INFO redis-service Cache set
2026-09-20 08:46:49 level=INFO service=notification-service component=notification-service request_id=req-507741 trace_id=trace-69737073 user_id=user-8782 status_code=200 latency_ms=114 message="Push notification sent"
2026-09-20 08:46:50 INFO payment-service Refund processed successfully
2026-09-20 08:46:51 INFO search-service Query results returned
2026-09-20 08:46:52 INFO order-service Order confirmed
2026-09-20 08:46:53 INFO search-service Index refreshed
2026-09-20 08:46:54 INFO worker-service Worker heartbeat OK
2026-09-20 08:46:55 level=INFO service=payment-service component=payment-service request_id=req-370346 trace_id=trace-54008305 user_id=user-3684 status_code=200 latency_ms=85 message="Payment captured"
2026-09-20 08:46:56 level=INFO service=monitoring-service component=monitoring-service request_id=req-931090 trace_id=trace-81567782 user_id=user-8741 status_code=200 latency_ms=34 message="Health probe OK"
2026-09-20 08:46:57 INFO inventory-service Stock level checked
2026-09-20 08:46:58 level=INFO service=auth-service component=auth-service request_id=req-658744 trace_id=trace-98484840 user_id=user-7315 status_code=200 latency_ms=289 message="Logout successful"
2026-09-20 08:46:59 INFO database-service Transaction committed
2026-09-20 08:47:00 level=INFO service=payment-service component=payment-service request_id=req-651087 trace_id=trace-71914777 user_id=user-2019 status_code=200 latency_ms=117 message="Payment gateway responded 200"
2026-09-20 08:47:01 INFO database-service Query executed successfully
2026-09-20 08:47:02 DEBUG auth-service Token issued
2026-09-20 08:47:03 INFO search-service Query results returned
2026-09-20 08:47:04 INFO user-service User preferences updated
2026-09-20 08:47:05 level=INFO service=monitoring-service component=monitoring-service request_id=req-285491 trace_id=trace-51870557 user_id=user-8778 status_code=200 latency_ms=214 message="Health probe OK"
2026-09-20 08:47:06 INFO redis-service Cache set
2026-09-20 08:47:07 level=INFO service=database-service component=database-service request_id=req-604912 trace_id=trace-40498926 user_id=user-4810 status_code=200 latency_ms=98 message="Connection acquired from pool"
2026-09-20 08:47:08 level=INFO service=api-gateway component=api-gateway request_id=req-433978 trace_id=trace-49824577 user_id=user-6077 status_code=200 latency_ms=171 message="Response sent"
2026-09-20 08:47:09 INFO notification-service Push notification sent
2026-09-20 08:47:10 WARNING user-service User preferences updated
2026-09-20 08:47:11 INFO scheduler-service Scheduled job started
2026-09-20 08:47:12 INFO search-service Query results returned
2026-09-20 08:47:13 INFO notification-service Push notification sent
2026-09-20 08:47:14 INFO worker-service Job completed successfully
2026-09-20 08:47:15 INFO api-gateway Request routed successfully
2026-09-20 08:47:16 INFO scheduler-service Cron tick processed
2026-09-20 08:47:17 INFO worker-service Worker heartbeat OK
2026-09-20 08:47:18 level=INFO service=order-service component=order-service request_id=req-725678 trace_id=trace-87077043 user_id=user-7098 status_code=200 latency_ms=24 message="Order status updated"
2026-09-20 08:47:19 level=INFO service=payment-service component=payment-service request_id=req-523591 trace_id=trace-31876049 user_id=user-6218 status_code=200 latency_ms=194 message="Payment request received"
2026-09-20 08:47:20 level=INFO service=database-service component=database-service request_id=req-249412 trace_id=trace-80688868 user_id=user-1423 status_code=200 latency_ms=32 message="Connection acquired from pool"
2026-09-20 08:47:21 INFO inventory-service Inventory released
2026-09-20 08:47:22 INFO inventory-service Stock level checked
2026-09-20 08:47:23 level=INFO service=monitoring-service component=monitoring-service request_id=req-992806 trace_id=trace-61302901 user_id=user-4903 status_code=200 latency_ms=233 message="Health probe OK"
2026-09-20 08:47:24 INFO api-gateway Rate limit check passed
2026-09-20 08:47:25 level=INFO service=auth-service component=auth-service request_id=req-122798 trace_id=trace-31980092 user_id=user-2861 status_code=200 latency_ms=110 message="Session created"
2026-09-20 08:47:26 INFO database-service Connection acquired from pool
2026-09-20 08:47:27 INFO redis-service Cache hit
2026-09-20 08:47:28 DEBUG database-service Connection acquired from pool
2026-09-20 08:47:29 level=INFO service=scheduler-service component=scheduler-service request_id=req-293710 trace_id=trace-10645530 user_id=user-4547 status_code=200 latency_ms=248 message="Cron tick processed"
2026-09-20 08:47:30 INFO auth-service Token refreshed
2026-09-20 08:47:31 level=INFO service=search-service component=search-service request_id=req-605023 trace_id=trace-59078202 user_id=user-7888 status_code=200 latency_ms=253 message="Search query executed"
2026-09-20 08:47:32 INFO database-service Transaction committed
2026-09-20 08:47:33 level=INFO service=notification-service component=notification-service request_id=req-390755 trace_id=trace-25670863 user_id=user-5809 status_code=200 latency_ms=110 message="Push notification sent"
2026-09-20 08:47:34 INFO redis-service Cache warmed
2026-09-20 08:47:35 INFO redis-service Cache hit
2026-09-20 08:47:36 INFO database-service Transaction committed
2026-09-20 08:47:37 INFO inventory-service Inventory released
2026-09-20 08:47:38 INFO redis-service Key expired normally
2026-09-20 08:47:39 INFO monitoring-service Metrics scraped
2026-09-20 08:47:40 INFO database-service Transaction committed
2026-09-20 08:47:41 INFO worker-service Worker heartbeat OK
2026-09-20 08:47:42 WARNING redis-service Cache hit
2026-09-20 08:47:43 INFO auth-service Logout successful
2026-09-20 08:47:44 INFO user-service User profile fetched
2026-09-20 08:47:45 INFO database-service Connection acquired from pool
2026-09-20 08:47:46 INFO worker-service Job completed successfully
2026-09-20 08:47:47 INFO database-service Index scan completed
2026-09-20 08:47:48 INFO notification-service SMS delivered
2026-09-20 08:47:49 level=INFO service=scheduler-service component=scheduler-service request_id=req-662961 trace_id=trace-68900477 user_id=user-3933 status_code=200 latency_ms=283 message="Scheduled job started"
2026-09-20 08:47:50 INFO database-service Index scan completed
2026-09-20 08:47:51 INFO notification-service SMS delivered
2026-09-20 08:47:52 INFO worker-service Worker heartbeat OK
2026-09-20 08:47:53 INFO order-service Order confirmed
2026-09-20 08:47:54 INFO inventory-service Stock level checked
2026-09-20 08:47:55 INFO inventory-service Inventory reserved
2026-09-20 08:47:56 level=INFO service=auth-service component=auth-service request_id=req-446511 trace_id=trace-22434384 user_id=user-9704 status_code=200 latency_ms=223 message="Session created"
2026-09-20 08:47:57 INFO scheduler-service Scheduled job completed
2026-09-20 08:47:58 level=INFO service=inventory-service component=inventory-service request_id=req-809527 trace_id=trace-41332038 user_id=user-9540 status_code=200 latency_ms=51 message="Stock level checked"
2026-09-20 08:47:59 INFO auth-service Logout successful
2026-09-20 08:48:00 INFO database-service Index scan completed
2026-09-20 08:48:01 INFO notification-service Email queued
2026-09-20 08:48:02 INFO order-service Order status updated
2026-09-20 08:48:03 level=INFO service=monitoring-service component=monitoring-service request_id=req-694199 trace_id=trace-41799848 user_id=user-7795 status_code=200 latency_ms=194 message="Health probe OK"
2026-09-20 08:48:04 DEBUG database-service Transaction committed
2026-09-20 08:48:05 level=INFO service=auth-service component=auth-service request_id=req-375736 trace_id=trace-61786985 user_id=user-7128 status_code=200 latency_ms=83 message="Token refreshed"
2026-09-20 08:48:06 INFO inventory-service Inventory released
2026-09-20 08:48:07 INFO search-service Index refreshed
2026-09-20 08:48:08 WARNING monitoring-service Metrics scraped
2026-09-20 08:48:09 level=INFO service=payment-service component=payment-service request_id=req-266838 trace_id=trace-72159614 user_id=user-3037 status_code=200 latency_ms=107 message="Payment authorized"
2026-09-20 08:48:10 INFO payment-service Payment request received
2026-09-20 08:48:11 INFO api-gateway TLS handshake completed
2026-09-20 08:48:12 INFO redis-service Key expired normally
2026-09-20 08:48:13 INFO worker-service Job completed successfully
2026-09-20 08:48:14 INFO worker-service Job completed successfully
2026-09-20 08:48:15 level=INFO service=user-service component=user-service request_id=req-297378 trace_id=trace-27098551 user_id=user-2086 status_code=200 latency_ms=49 message="User preferences updated"
2026-09-20 08:48:16 INFO redis-service Cache set
2026-09-20 08:48:17 INFO search-service Index refreshed
2026-09-20 08:48:18 INFO user-service User profile fetched
2026-09-20 08:48:19 level=INFO service=notification-service component=notification-service request_id=req-430972 trace_id=trace-78514801 user_id=user-5470 status_code=200 latency_ms=247 message="Push notification sent"
2026-09-20 08:48:20 INFO monitoring-service Metrics scraped
2026-09-20 08:48:21 INFO worker-service Job picked up
2026-09-20 08:48:22 INFO order-service Order status updated
2026-09-20 08:48:23 INFO redis-service Cache hit
2026-09-20 08:48:24 INFO notification-service Email queued
2026-09-20 08:48:25 INFO database-service Query executed successfully
2026-09-20 08:48:26 INFO auth-service Session created
2026-09-20 08:48:27 WARNING scheduler-service Cron tick processed
2026-09-20 08:48:28 level=INFO service=search-service component=search-service request_id=req-380927 trace_id=trace-50336423 user_id=user-7370 status_code=200 latency_ms=152 message="Index refreshed"
2026-09-20 08:48:29 INFO user-service User created
2026-09-20 08:48:30 INFO worker-service Worker heartbeat OK
2026-09-20 08:48:31 INFO database-service Connection acquired from pool
2026-09-20 08:48:32 INFO api-gateway Request routed successfully
2026-09-20 08:48:33 INFO auth-service Token issued
2026-09-20 08:48:34 INFO payment-service Payment request received
2026-09-20 08:48:35 level=INFO service=worker-service component=worker-service request_id=req-634383 trace_id=trace-47431723 user_id=user-1525 status_code=200 latency_ms=211 message="Job completed successfully"
2026-09-20 08:48:36 INFO inventory-service Stock level checked
2026-09-20 08:48:37 INFO worker-service Job picked up
2026-09-20 08:48:38 INFO api-gateway Incoming request accepted
2026-09-20 08:48:39 INFO inventory-service Stock level checked
2026-09-20 08:48:40 level=INFO service=user-service component=user-service request_id=req-400877 trace_id=trace-72316510 user_id=user-9347 status_code=200 latency_ms=138 message="Profile cache warmed"
2026-09-20 08:48:41 INFO scheduler-service Scheduled job started
2026-09-20 08:48:42 INFO order-service Order shipped
2026-09-20 08:48:43 INFO worker-service Job picked up
2026-09-20 08:48:44 INFO user-service User preferences updated
2026-09-20 08:48:45 level=INFO service=worker-service component=worker-service request_id=req-604474 trace_id=trace-41691525 user_id=user-1903 status_code=200 latency_ms=237 message="Job completed successfully"
2026-09-20 08:48:46 INFO scheduler-service Scheduled job completed
2026-09-20 08:48:47 INFO payment-service Payment captured
2026-09-20 08:48:48 WARNING search-service Index refreshed
2026-09-20 08:48:49 INFO auth-service User authenticated successfully
2026-09-20 08:48:50 level=INFO service=worker-service component=worker-service request_id=req-625765 trace_id=trace-77353152 user_id=user-9514 status_code=200 latency_ms=202 message="Job picked up"
2026-09-20 08:48:51 INFO user-service User preferences updated
2026-09-20 08:48:52 INFO api-gateway Request routed successfully
2026-09-20 08:48:53 INFO auth-service Token refreshed
2026-09-20 08:48:54 INFO worker-service Job picked up
2026-09-20 08:48:55 INFO search-service Query results returned
2026-09-20 08:48:56 INFO worker-service Job picked up
2026-09-20 08:48:57 INFO order-service Order shipped
2026-09-20 08:48:58 level=INFO service=database-service component=database-service request_id=req-980435 trace_id=trace-24787564 user_id=user-7125 status_code=200 latency_ms=133 message="Index scan completed"
2026-09-20 08:48:59 INFO monitoring-service Health probe OK
2026-09-20 08:49:00 level=INFO service=database-service component=database-service request_id=req-506012 trace_id=trace-49684700 user_id=user-6198 status_code=200 latency_ms=95 message="Query executed successfully"
2026-09-20 08:49:01 INFO search-service Index refreshed
2026-09-20 08:49:02 INFO search-service Index refreshed
2026-09-20 08:49:03 level=INFO service=inventory-service component=inventory-service request_id=req-939192 trace_id=trace-86844928 user_id=user-1238 status_code=200 latency_ms=21 message="Inventory released"
2026-09-20 08:49:04 INFO user-service User created
2026-09-20 08:49:05 INFO database-service Connection acquired from pool
2026-09-20 08:49:06 level=INFO service=scheduler-service component=scheduler-service request_id=req-614720 trace_id=trace-95073209 user_id=user-2162 status_code=200 latency_ms=110 message="Scheduled job completed"
2026-09-20 08:49:07 level=INFO service=search-service component=search-service request_id=req-281396 trace_id=trace-41585664 user_id=user-8190 status_code=200 latency_ms=18 message="Index refreshed"
2026-09-20 08:49:08 INFO auth-service Logout successful
2026-09-20 08:49:09 DEBUG redis-service Cache set
2026-09-20 08:49:10 INFO notification-service SMS delivered
2026-09-20 08:49:11 WARNING search-service Search query executed
2026-09-20 08:49:12 INFO search-service Query results returned
2026-09-20 08:49:13 INFO api-gateway TLS handshake completed
2026-09-20 08:49:14 INFO search-service Query results returned
2026-09-20 08:49:15 INFO order-service Order confirmed
2026-09-20 08:49:16 INFO auth-service Token refreshed
2026-09-20 08:49:17 INFO auth-service User authenticated successfully
2026-09-20 08:49:18 INFO redis-service Cache hit
2026-09-20 08:49:19 level=INFO service=api-gateway component=api-gateway request_id=req-476380 trace_id=trace-41647107 user_id=user-3150 status_code=200 latency_ms=43 message="Health check OK"
2026-09-20 08:49:20 INFO scheduler-service Cron tick processed
2026-09-20 08:49:21 INFO search-service Index refreshed
2026-09-20 08:49:22 level=INFO service=api-gateway component=api-gateway request_id=req-501575 trace_id=trace-19513897 user_id=user-8323 status_code=200 latency_ms=232 message="Response sent"
2026-09-20 08:49:23 INFO payment-service Payment request received
2026-09-20 08:49:24 INFO order-service Order confirmed
2026-09-20 08:49:25 INFO database-service Query executed successfully
2026-09-20 08:49:26 INFO database-service Query executed successfully
2026-09-20 08:49:27 INFO notification-service SMS delivered
2026-09-20 08:49:28 INFO redis-service Key expired normally
2026-09-20 08:49:29 INFO notification-service Email queued
2026-09-20 08:49:30 level=INFO service=user-service component=user-service request_id=req-155786 trace_id=trace-30633234 user_id=user-6003 status_code=200 latency_ms=193 message="User profile fetched"
2026-09-20 08:49:31 level=DEBUG service=inventory-service component=inventory-service request_id=req-922707 trace_id=trace-18160403 user_id=user-6725 status_code=200 latency_ms=252 message="Stock level checked"
2026-09-20 08:49:32 INFO auth-service Token refreshed
2026-09-20 08:49:33 WARNING worker-service Job completed successfully
2026-09-20 08:49:34 INFO order-service Order shipped
2026-09-20 08:49:35 INFO order-service Order status updated
2026-09-20 08:49:36 INFO notification-service SMS delivered
2026-09-20 08:49:37 INFO order-service Order created
2026-09-20 08:49:38 level=INFO service=scheduler-service component=scheduler-service request_id=req-977543 trace_id=trace-24729072 user_id=user-4468 status_code=200 latency_ms=21 message="Scheduled job started"
2026-09-20 08:49:39 INFO monitoring-service Health probe OK
2026-09-20 08:49:40 INFO database-service Index scan completed
2026-09-20 08:49:41 INFO api-gateway Health check OK
2026-09-20 08:49:42 level=INFO service=auth-service component=auth-service request_id=req-823312 trace_id=trace-39932927 user_id=user-4656 status_code=200 latency_ms=292 message="Token issued"
2026-09-20 08:49:43 INFO database-service Connection acquired from pool
2026-09-20 08:49:44 INFO auth-service Token issued
2026-09-20 08:49:45 INFO order-service Order created
2026-09-20 08:49:46 INFO payment-service Refund processed successfully
2026-09-20 08:49:47 level=WARNING service=redis-service component=redis-service request_id=req-137475 trace_id=trace-12549880 user_id=user-6758 status_code=200 latency_ms=40 message="Cache warmed"
2026-09-20 08:49:48 INFO search-service Search query executed
2026-09-20 08:49:49 INFO notification-service SMS delivered
2026-09-20 08:49:50 level=INFO service=search-service component=search-service request_id=req-416020 trace_id=trace-78209692 user_id=user-2396 status_code=200 latency_ms=120 message="Query results returned"
2026-09-20 08:49:51 INFO order-service Order status updated
2026-09-20 08:49:52 level=INFO service=worker-service component=worker-service request_id=req-833287 trace_id=trace-56659682 user_id=user-6750 status_code=200 latency_ms=178 message="Job picked up"
2026-09-20 08:49:53 level=INFO service=worker-service component=worker-service request_id=req-488536 trace_id=trace-76877501 user_id=user-6545 status_code=200 latency_ms=261 message="Worker heartbeat OK"
2026-09-20 08:49:54 level=INFO service=database-service component=database-service request_id=req-871120 trace_id=trace-84029726 user_id=user-3225 status_code=200 latency_ms=129 message="Connection acquired from pool"
2026-09-20 08:49:55 INFO user-service User created
2026-09-20 08:49:56 INFO notification-service SMS delivered
2026-09-20 08:49:57 level=INFO service=payment-service component=payment-service request_id=req-484690 trace_id=trace-50041940 user_id=user-2788 status_code=200 latency_ms=274 message="Payment gateway responded 200"
2026-09-20 08:49:58 INFO redis-service Cache set
2026-09-20 08:49:59 WARNING auth-service Token refreshed
2026-09-20 08:50:00 DEBUG database-service Index scan completed
2026-09-20 08:50:01 INFO database-service Index scan completed
2026-09-20 08:50:02 level=DEBUG service=payment-service component=payment-service request_id=req-462806 trace_id=trace-49529473 user_id=user-8969 status_code=200 latency_ms=37 message="Payment captured"
2026-09-20 08:50:03 level=INFO service=payment-service component=payment-service request_id=req-659942 trace_id=trace-30910332 user_id=user-7358 status_code=200 latency_ms=34 message="Payment gateway responded 200"
2026-09-20 08:50:04 INFO auth-service Session created
2026-09-20 08:50:05 INFO notification-service SMS delivered
2026-09-20 08:50:06 INFO scheduler-service Scheduled job started
2026-09-20 08:50:07 INFO api-gateway Response sent
2026-09-20 08:50:08 DEBUG notification-service Push notification sent
2026-09-20 08:50:09 level=INFO service=payment-service component=payment-service request_id=req-191177 trace_id=trace-12335675 user_id=user-8877 status_code=200 latency_ms=81 message="Payment gateway responded 200"
2026-09-20 08:50:10 level=INFO service=inventory-service component=inventory-service request_id=req-123447 trace_id=trace-88538959 user_id=user-9078 status_code=200 latency_ms=136 message="Inventory reserved"
2026-09-20 08:50:11 INFO inventory-service Stock level checked
2026-09-20 08:50:12 INFO user-service User created
2026-09-20 08:50:13 INFO auth-service Logout successful
2026-09-20 08:50:14 INFO search-service Query results returned
2026-09-20 08:50:15 INFO worker-service Worker heartbeat OK
2026-09-20 08:50:16 INFO notification-service Push notification sent
2026-09-20 08:50:17 INFO monitoring-service Health probe OK
2026-09-20 08:50:18 level=INFO service=worker-service component=worker-service request_id=req-454766 trace_id=trace-56053670 user_id=user-9662 status_code=200 latency_ms=93 message="Job picked up"
2026-09-20 08:50:19 level=INFO service=monitoring-service component=monitoring-service request_id=req-660675 trace_id=trace-17927065 user_id=user-8536 status_code=200 latency_ms=194 message="Metrics scraped"
2026-09-20 08:50:20 INFO inventory-service Stock level checked
2026-09-20 08:50:21 INFO order-service Order created
2026-09-20 08:50:22 INFO inventory-service Inventory reserved
2026-09-20 08:50:23 INFO redis-service Cache hit
2026-09-20 08:50:24 INFO monitoring-service Health probe OK
2026-09-20 08:50:25 INFO auth-service Session created
2026-09-20 08:50:26 INFO user-service Profile cache warmed
2026-09-20 08:50:27 level=INFO service=worker-service component=worker-service request_id=req-182834 trace_id=trace-84747735 user_id=user-2457 status_code=200 latency_ms=271 message="Job picked up"
2026-09-20 08:50:28 INFO notification-service Email queued
2026-09-20 08:50:29 level=INFO service=database-service component=database-service request_id=req-398309 trace_id=trace-15833071 user_id=user-3859 status_code=200 latency_ms=130 message="Query executed successfully"
2026-09-20 08:50:30 WARNING api-gateway Incoming request accepted
2026-09-20 08:50:31 INFO notification-service Push notification sent
2026-09-20 08:50:32 WARNING monitoring-service Metrics scraped
2026-09-20 08:50:33 INFO search-service Index refreshed
2026-09-20 08:50:34 level=DEBUG service=api-gateway component=api-gateway request_id=req-966295 trace_id=trace-22110030 user_id=user-4730 status_code=200 latency_ms=22 message="Request routed successfully"
2026-09-20 08:50:35 INFO user-service User preferences updated
2026-09-20 08:50:36 INFO order-service Order created
2026-09-20 08:50:37 INFO api-gateway TLS handshake completed
2026-09-20 08:50:38 level=INFO service=user-service component=user-service request_id=req-861855 trace_id=trace-20470754 user_id=user-3457 status_code=200 latency_ms=300 message="User preferences updated"
2026-09-20 08:50:39 INFO database-service Connection acquired from pool
2026-09-20 08:50:40 INFO user-service Profile cache warmed
2026-09-20 08:50:41 INFO inventory-service Inventory released
2026-09-20 08:50:42 INFO scheduler-service Scheduled job completed
2026-09-20 08:50:43 INFO search-service Index refreshed
2026-09-20 08:50:44 level=INFO service=worker-service component=worker-service request_id=req-444241 trace_id=trace-93354314 user_id=user-8260 status_code=200 latency_ms=218 message="Job picked up"
2026-09-20 08:50:45 INFO order-service Order created
2026-09-20 08:50:46 WARNING worker-service Job picked up
2026-09-20 08:50:47 INFO database-service Query executed successfully
2026-09-20 08:50:48 INFO scheduler-service Scheduled job started
2026-09-20 08:50:49 INFO monitoring-service Alert evaluated: no action
2026-09-20 08:50:50 level=INFO service=scheduler-service component=scheduler-service request_id=req-660665 trace_id=trace-95235844 user_id=user-7202 status_code=200 latency_ms=255 message="Scheduled job completed"
2026-09-20 08:50:51 INFO redis-service Cache set
2026-09-20 08:50:52 level=INFO service=notification-service component=notification-service request_id=req-864104 trace_id=trace-71413525 user_id=user-8422 status_code=200 latency_ms=95 message="SMS delivered"
2026-09-20 08:50:53 DEBUG worker-service Worker heartbeat OK
2026-09-20 08:50:54 INFO notification-service Push notification sent
2026-09-20 08:50:55 INFO monitoring-service Alert evaluated: no action
2026-09-20 08:50:56 INFO inventory-service Inventory reserved
2026-09-20 08:50:57 INFO inventory-service Inventory reserved
2026-09-20 08:50:58 level=INFO service=database-service component=database-service request_id=req-433555 trace_id=trace-14562565 user_id=user-7741 status_code=200 latency_ms=251 message="Query executed successfully"
2026-09-20 08:50:59 INFO redis-service Cache set
2026-09-20 08:51:00 INFO user-service User preferences updated
2026-09-20 08:51:01 INFO order-service Order shipped
2026-09-20 08:51:02 INFO worker-service Job completed successfully
2026-09-20 08:51:03 INFO redis-service Key expired normally
2026-09-20 08:51:04 INFO database-service Transaction committed
2026-09-20 08:51:05 DEBUG notification-service SMS delivered
2026-09-20 08:51:06 INFO auth-service Session created
2026-09-20 08:51:07 level=INFO service=user-service component=user-service request_id=req-638921 trace_id=trace-68896592 user_id=user-3743 status_code=200 latency_ms=185 message="User preferences updated"
2026-09-20 08:51:08 INFO monitoring-service Alert evaluated: no action
2026-09-20 08:51:09 WARNING auth-service Token issued
2026-09-20 08:51:10 INFO inventory-service Inventory reserved
2026-09-20 08:51:11 INFO monitoring-service Alert evaluated: no action
2026-09-20 08:51:12 INFO user-service User profile fetched
2026-09-20 08:51:13 INFO scheduler-service Scheduled job started
2026-09-20 08:51:14 level=INFO service=worker-service component=worker-service request_id=req-297576 trace_id=trace-98883707 user_id=user-2361 status_code=200 latency_ms=80 message="Worker heartbeat OK"
2026-09-20 08:51:15 INFO inventory-service Stock level checked
2026-09-20 08:51:16 INFO order-service Order status updated
2026-09-20 08:51:17 DEBUG database-service Transaction committed
2026-09-20 08:51:18 INFO notification-service Email queued
2026-09-20 08:51:19 INFO monitoring-service Health probe OK
2026-09-20 08:51:20 INFO worker-service Worker heartbeat OK
2026-09-20 08:51:21 INFO order-service Order shipped
2026-09-20 08:51:22 INFO scheduler-service Cron tick processed
2026-09-20 08:51:23 INFO notification-service SMS delivered
2026-09-20 08:51:24 level=INFO service=scheduler-service component=scheduler-service request_id=req-630000 trace_id=trace-91450768 user_id=user-7216 status_code=200 latency_ms=20 message="Scheduled job completed"
2026-09-20 08:51:25 level=INFO service=auth-service component=auth-service request_id=req-249607 trace_id=trace-23561743 user_id=user-7097 status_code=200 latency_ms=141 message="Session created"
2026-09-20 08:51:26 level=INFO service=notification-service component=notification-service request_id=req-635624 trace_id=trace-72423628 user_id=user-2945 status_code=200 latency_ms=54 message="Email queued"
2026-09-20 08:51:27 INFO database-service Transaction committed
2026-09-20 08:51:28 level=INFO service=scheduler-service component=scheduler-service request_id=req-599464 trace_id=trace-20537429 user_id=user-9449 status_code=200 latency_ms=38 message="Cron tick processed"
2026-09-20 08:51:29 INFO search-service Query results returned
2026-09-20 08:51:30 level=INFO service=auth-service component=auth-service request_id=req-710923 trace_id=trace-96952622 user_id=user-7514 status_code=200 latency_ms=299 message="Token issued"
2026-09-20 08:51:31 INFO api-gateway Health check OK
2026-09-20 08:51:32 level=INFO service=notification-service component=notification-service request_id=req-409711 trace_id=trace-22065827 user_id=user-8904 status_code=200 latency_ms=136 message="SMS delivered"
2026-09-20 08:51:33 INFO scheduler-service Scheduled job started
2026-09-20 08:51:34 level=INFO service=inventory-service component=inventory-service request_id=req-359338 trace_id=trace-37708045 user_id=user-6574 status_code=200 latency_ms=108 message="Inventory reserved"
2026-09-20 08:51:35 INFO inventory-service Inventory reserved
2026-09-20 08:51:36 level=INFO service=monitoring-service component=monitoring-service request_id=req-525903 trace_id=trace-35955755 user_id=user-1385 status_code=200 latency_ms=225 message="Alert evaluated: no action"
2026-09-20 08:51:37 level=INFO service=scheduler-service component=scheduler-service request_id=req-849714 trace_id=trace-51302897 user_id=user-9338 status_code=200 latency_ms=225 message="Scheduled job started"
2026-09-20 08:51:38 INFO notification-service Email queued
2026-09-20 08:51:39 level=INFO service=order-service component=order-service request_id=req-988362 trace_id=trace-97439247 user_id=user-1023 status_code=200 latency_ms=177 message="Order shipped"
2026-09-20 08:51:40 WARNING payment-service Payment request received
2026-09-20 08:51:41 level=INFO service=user-service component=user-service request_id=req-782920 trace_id=trace-68406300 user_id=user-7996 status_code=200 latency_ms=216 message="Profile cache warmed"
2026-09-20 08:51:42 INFO monitoring-service Alert evaluated: no action
2026-09-20 08:51:43 INFO redis-service Cache set
2026-09-20 08:51:44 INFO order-service Order confirmed
2026-09-20 08:51:45 INFO order-service Order status updated
2026-09-20 08:51:46 level=INFO service=search-service component=search-service request_id=req-698464 trace_id=trace-12323367 user_id=user-5349 status_code=200 latency_ms=27 message="Index refreshed"
2026-09-20 08:51:47 WARNING user-service User profile fetched
2026-09-20 08:51:48 DEBUG order-service Order status updated
2026-09-20 08:51:49 INFO search-service Query results returned
2026-09-20 08:51:50 INFO scheduler-service Scheduled job started
2026-09-20 08:51:51 level=INFO service=user-service component=user-service request_id=req-413763 trace_id=trace-92977729 user_id=user-2699 status_code=200 latency_ms=32 message="Profile cache warmed"
2026-09-20 08:51:52 INFO auth-service Token refreshed
2026-09-20 08:51:53 WARNING user-service User created
2026-09-20 08:51:54 DEBUG scheduler-service Cron tick processed
2026-09-20 08:51:55 level=INFO service=search-service component=search-service request_id=req-735099 trace_id=trace-22759388 user_id=user-7278 status_code=200 latency_ms=39 message="Query results returned"
2026-09-20 08:51:56 INFO user-service User preferences updated
2026-09-20 08:51:57 INFO monitoring-service Health probe OK
2026-09-20 08:51:58 INFO user-service Profile cache warmed
2026-09-20 08:51:59 INFO scheduler-service Scheduled job started
2026-09-20 08:52:00 INFO search-service Index refreshed
2026-09-20 08:52:01 INFO scheduler-service Cron tick processed
2026-09-20 08:52:02 INFO monitoring-service Metrics scraped
2026-09-20 08:52:03 INFO user-service User profile fetched
2026-09-20 08:52:04 INFO worker-service Job completed successfully
2026-09-20 08:52:05 INFO notification-service Email queued
2026-09-20 08:52:06 INFO notification-service SMS delivered
2026-09-20 08:52:07 level=INFO service=api-gateway component=api-gateway request_id=req-742713 trace_id=trace-30043745 user_id=user-4885 status_code=200 latency_ms=87 message="Request routed successfully"
2026-09-20 08:52:08 INFO user-service User created
2026-09-20 08:52:09 level=INFO service=user-service component=user-service request_id=req-359246 trace_id=trace-57274797 user_id=user-8074 status_code=200 latency_ms=206 message="User created"
2026-09-20 08:52:10 INFO auth-service Logout successful
2026-09-20 08:52:11 INFO scheduler-service Scheduled job completed
2026-09-20 08:52:12 INFO scheduler-service Scheduled job started
2026-09-20 08:52:13 level=INFO service=scheduler-service component=scheduler-service request_id=req-208559 trace_id=trace-45763483 user_id=user-8312 status_code=200 latency_ms=144 message="Cron tick processed"
2026-09-20 08:52:14 INFO worker-service Job completed successfully
2026-09-20 08:52:15 level=INFO service=redis-service component=redis-service request_id=req-404323 trace_id=trace-48310271 user_id=user-7326 status_code=200 latency_ms=80 message="Cache set"
2026-09-20 08:52:16 INFO redis-service Cache hit
2026-09-20 08:52:17 level=INFO service=notification-service component=notification-service request_id=req-552298 trace_id=trace-96244314 user_id=user-5666 status_code=200 latency_ms=282 message="Push notification sent"
2026-09-20 08:52:18 INFO worker-service Worker heartbeat OK
2026-09-20 08:52:19 INFO database-service Connection acquired from pool
2026-09-20 08:52:20 INFO auth-service Token issued
2026-09-20 08:52:21 level=INFO service=order-service component=order-service request_id=req-860259 trace_id=trace-38835120 user_id=user-7434 status_code=200 latency_ms=299 message="Order status updated"
2026-09-20 08:52:22 INFO redis-service Cache set
2026-09-20 08:52:23 INFO payment-service Payment authorized
2026-09-20 08:52:24 INFO monitoring-service Alert evaluated: no action
2026-09-20 08:52:25 INFO inventory-service Inventory reserved
2026-09-20 08:52:26 INFO order-service Order status updated
2026-09-20 08:52:27 level=INFO service=user-service component=user-service request_id=req-714696 trace_id=trace-50204551 user_id=user-1550 status_code=200 latency_ms=249 message="User profile fetched"
2026-09-20 08:52:28 INFO notification-service Email queued
2026-09-20 08:52:29 INFO user-service User preferences updated
2026-09-20 08:52:30 INFO order-service Order shipped
2026-09-20 08:52:31 INFO monitoring-service Alert evaluated: no action
2026-09-20 08:52:32 WARNING search-service Index refreshed
2026-09-20 08:52:33 INFO api-gateway TLS handshake completed
2026-09-20 08:52:34 INFO database-service Transaction committed
2026-09-20 08:52:35 INFO scheduler-service Scheduled job started
2026-09-20 08:52:36 INFO worker-service Job completed successfully
2026-09-20 08:52:37 level=INFO service=inventory-service component=inventory-service request_id=req-281706 trace_id=trace-35125507 user_id=user-1430 status_code=200 latency_ms=234 message="Stock level checked"
2026-09-20 08:52:38 INFO order-service Order status updated
2026-09-20 08:52:39 INFO payment-service Payment captured
2026-09-20 08:52:40 INFO database-service Transaction committed
2026-09-20 08:52:41 level=INFO service=auth-service component=auth-service request_id=req-893163 trace_id=trace-41899679 user_id=user-1095 status_code=200 latency_ms=280 message="Token refreshed"
2026-09-20 08:52:42 level=INFO service=inventory-service component=inventory-service request_id=req-686860 trace_id=trace-16317350 user_id=user-9334 status_code=200 latency_ms=41 message="Inventory released"
2026-09-20 08:52:43 DEBUG auth-service Session created
2026-09-20 08:52:44 INFO api-gateway Response sent
2026-09-20 08:52:45 WARNING auth-service Logout successful
2026-09-20 08:52:46 level=INFO service=inventory-service component=inventory-service request_id=req-904578 trace_id=trace-29353616 user_id=user-4203 status_code=200 latency_ms=155 message="Stock level checked"
2026-09-20 08:52:47 INFO worker-service Job completed successfully
2026-09-20 08:52:48 INFO payment-service Payment authorized
2026-09-20 08:52:49 INFO monitoring-service Alert evaluated: no action
2026-09-20 08:52:50 level=DEBUG service=search-service component=search-service request_id=req-933901 trace_id=trace-32525087 user_id=user-3775 status_code=200 latency_ms=22 message="Index refreshed"
2026-09-20 08:52:51 INFO database-service Connection acquired from pool
2026-09-20 08:52:52 INFO database-service Connection acquired from pool
2026-09-20 08:52:53 INFO search-service Query results returned
2026-09-20 08:52:54 level=INFO service=user-service component=user-service request_id=req-414205 trace_id=trace-16598884 user_id=user-1072 status_code=200 latency_ms=102 message="User profile fetched"
2026-09-20 08:52:55 level=INFO service=worker-service component=worker-service request_id=req-604543 trace_id=trace-81692871 user_id=user-2705 status_code=200 latency_ms=134 message="Worker heartbeat OK"
2026-09-20 08:52:56 level=INFO service=database-service component=database-service request_id=req-668426 trace_id=trace-53991570 user_id=user-3431 status_code=200 latency_ms=209 message="Transaction committed"
2026-09-20 08:52:57 INFO order-service Order shipped
2026-09-20 08:52:58 WARNING auth-service User authenticated successfully
2026-09-20 08:52:59 INFO payment-service Payment request received
2026-09-20 08:53:00 INFO auth-service Logout successful
2026-09-20 08:53:01 WARNING notification-service Email queued
2026-09-20 08:53:02 INFO search-service Index refreshed
2026-09-20 08:53:03 level=INFO service=order-service component=order-service request_id=req-215322 trace_id=trace-60100839 user_id=user-2023 status_code=200 latency_ms=241 message="Order created"
2026-09-20 08:53:04 level=INFO service=user-service component=user-service request_id=req-830745 trace_id=trace-56159422 user_id=user-1350 status_code=200 latency_ms=79 message="Profile cache warmed"
2026-09-20 08:53:05 INFO monitoring-service Health probe OK
2026-09-20 08:53:06 INFO notification-service SMS delivered
2026-09-20 08:53:07 INFO order-service Order confirmed
2026-09-20 08:53:08 INFO worker-service Worker heartbeat OK
2026-09-20 08:53:09 INFO notification-service Email queued
2026-09-20 08:53:10 INFO worker-service Worker heartbeat OK
2026-09-20 08:53:11 INFO scheduler-service Scheduled job completed
2026-09-20 08:53:12 INFO search-service Index refreshed
2026-09-20 08:53:13 INFO payment-service Payment captured
2026-09-20 08:53:14 INFO worker-service Job picked up
2026-09-20 08:53:15 INFO payment-service Payment request received
2026-09-20 08:53:16 level=INFO service=scheduler-service component=scheduler-service request_id=req-329582 trace_id=trace-63903554 user_id=user-4649 status_code=200 latency_ms=111 message="Scheduled job started"
2026-09-20 08:53:17 INFO inventory-service Stock level checked
2026-09-20 08:53:18 level=INFO service=database-service component=database-service request_id=req-889890 trace_id=trace-94736341 user_id=user-2419 status_code=200 latency_ms=188 message="Transaction committed"
2026-09-20 08:53:19 INFO inventory-service Inventory released
2026-09-20 08:53:20 level=WARNING service=worker-service component=worker-service request_id=req-790563 trace_id=trace-97115505 user_id=user-5457 status_code=200 latency_ms=71 message="Job completed successfully"
2026-09-20 08:53:21 level=INFO service=worker-service component=worker-service request_id=req-167423 trace_id=trace-56016483 user_id=user-5979 status_code=200 latency_ms=71 message="Job completed successfully"
2026-09-20 08:53:22 level=INFO service=auth-service component=auth-service request_id=req-896757 trace_id=trace-77139029 user_id=user-6537 status_code=200 latency_ms=282 message="User authenticated successfully"
2026-09-20 08:53:23 INFO search-service Query results returned
2026-09-20 08:53:24 INFO search-service Query results returned
2026-09-20 08:53:25 INFO worker-service Job picked up
2026-09-20 08:53:26 INFO user-service Profile cache warmed
2026-09-20 08:53:27 level=INFO service=redis-service component=redis-service request_id=req-376678 trace_id=trace-13113251 user_id=user-1010 status_code=200 latency_ms=245 message="Cache set"
2026-09-20 08:53:28 level=INFO service=scheduler-service component=scheduler-service request_id=req-965889 trace_id=trace-24431556 user_id=user-1078 status_code=200 latency_ms=74 message="Cron tick processed"
2026-09-20 08:53:29 level=INFO service=notification-service component=notification-service request_id=req-346627 trace_id=trace-31328844 user_id=user-7298 status_code=200 latency_ms=153 message="Email queued"
2026-09-20 08:53:30 INFO inventory-service Inventory released
2026-09-20 08:53:31 INFO inventory-service Inventory released
2026-09-20 08:53:32 INFO worker-service Worker heartbeat OK
2026-09-20 08:53:33 INFO redis-service Key expired normally
2026-09-20 08:53:34 level=WARNING service=payment-service component=payment-service request_id=req-350020 trace_id=trace-63781826 user_id=user-1668 status_code=200 latency_ms=160 message="Payment gateway responded 200"
2026-09-20 08:53:35 INFO worker-service Job completed successfully
2026-09-20 08:53:36 level=INFO service=scheduler-service component=scheduler-service request_id=req-746990 trace_id=trace-46613925 user_id=user-1809 status_code=200 latency_ms=160 message="Cron tick processed"
2026-09-20 08:53:37 level=DEBUG service=redis-service component=redis-service request_id=req-536626 trace_id=trace-88726417 user_id=user-6339 status_code=200 latency_ms=17 message="Cache hit"
2026-09-20 08:53:38 INFO notification-service Email queued
2026-09-20 08:53:39 level=INFO service=scheduler-service component=scheduler-service request_id=req-717719 trace_id=trace-32608289 user_id=user-7379 status_code=200 latency_ms=255 message="Scheduled job started"
2026-09-20 08:53:40 INFO monitoring-service Metrics scraped
2026-09-20 08:53:41 INFO scheduler-service Scheduled job started
2026-09-20 08:53:42 INFO api-gateway Response sent
2026-09-20 08:53:43 level=INFO service=worker-service component=worker-service request_id=req-163106 trace_id=trace-60400063 user_id=user-8330 status_code=200 latency_ms=74 message="Job completed successfully"
2026-09-20 08:53:44 INFO payment-service Payment request received
2026-09-20 08:53:45 INFO notification-service Email queued
2026-09-20 08:53:46 INFO inventory-service Stock level checked
2026-09-20 08:53:47 INFO inventory-service Inventory reserved
2026-09-20 08:53:48 INFO order-service Order shipped
2026-09-20 08:53:49 INFO user-service User profile fetched
2026-09-20 08:53:50 INFO scheduler-service Cron tick processed
2026-09-20 08:53:51 INFO order-service Order confirmed
2026-09-20 08:53:52 WARNING database-service Query executed successfully
2026-09-20 08:53:53 WARNING monitoring-service Alert evaluated: no action
2026-09-20 08:53:54 INFO scheduler-service Scheduled job completed
2026-09-20 08:53:55 INFO monitoring-service Alert evaluated: no action
2026-09-20 08:53:56 level=INFO service=scheduler-service component=scheduler-service request_id=req-727281 trace_id=trace-72324150 user_id=user-1652 status_code=200 latency_ms=56 message="Scheduled job started"
2026-09-20 08:53:57 INFO worker-service Job picked up
2026-09-20 08:53:58 INFO monitoring-service Health probe OK
2026-09-20 08:53:59 INFO auth-service Token issued
2026-09-20 08:54:00 INFO redis-service Cache hit
2026-09-20 08:54:01 level=INFO service=scheduler-service component=scheduler-service request_id=req-585872 trace_id=trace-66186781 user_id=user-2613 status_code=200 latency_ms=240 message="Cron tick processed"
2026-09-20 08:54:02 level=INFO service=inventory-service component=inventory-service request_id=req-379013 trace_id=trace-51749519 user_id=user-3077 status_code=200 latency_ms=272 message="Inventory released"
2026-09-20 08:54:03 INFO order-service Order status updated
2026-09-20 08:54:04 WARNING monitoring-service Metrics scraped
2026-09-20 08:54:05 INFO worker-service Job completed successfully
2026-09-20 08:54:06 level=INFO service=notification-service component=notification-service request_id=req-412747 trace_id=trace-56984601 user_id=user-9930 status_code=200 latency_ms=146 message="Email queued"
2026-09-20 08:54:07 INFO order-service Order status updated
2026-09-20 08:54:08 INFO monitoring-service Alert evaluated: no action
2026-09-20 08:54:09 INFO order-service Order created
2026-09-20 08:54:10 level=WARNING service=payment-service component=payment-service request_id=req-450989 trace_id=trace-50737873 user_id=user-5926 status_code=200 latency_ms=25 message="Payment captured"
2026-09-20 08:54:11 level=INFO service=order-service component=order-service request_id=req-251701 trace_id=trace-24700338 user_id=user-7897 status_code=200 latency_ms=206 message="Order status updated"
2026-09-20 08:54:12 INFO inventory-service Inventory released
2026-09-20 08:54:13 level=WARNING service=monitoring-service component=monitoring-service request_id=req-579710 trace_id=trace-64183568 user_id=user-7395 status_code=200 latency_ms=39 message="Alert evaluated: no action"
2026-09-20 08:54:14 INFO scheduler-service Scheduled job completed
2026-09-20 08:54:15 level=INFO service=order-service component=order-service request_id=req-208828 trace_id=trace-53052404 user_id=user-8877 status_code=200 latency_ms=138 message="Order confirmed"
2026-09-20 08:54:16 INFO search-service Search query executed
2026-09-20 08:54:17 level=INFO service=inventory-service component=inventory-service request_id=req-390931 trace_id=trace-59495348 user_id=user-1956 status_code=200 latency_ms=82 message="Stock level checked"
2026-09-20 08:54:18 level=INFO service=monitoring-service component=monitoring-service request_id=req-443195 trace_id=trace-15720440 user_id=user-7906 status_code=200 latency_ms=129 message="Alert evaluated: no action"
2026-09-20 08:54:19 INFO scheduler-service Scheduled job started
2026-09-20 08:54:20 INFO auth-service Session created
2026-09-20 08:54:21 INFO user-service User preferences updated
2026-09-20 08:54:22 DEBUG notification-service Push notification sent
2026-09-20 08:54:23 INFO database-service Index scan completed
2026-09-20 08:54:24 level=INFO service=redis-service component=redis-service request_id=req-203377 trace_id=trace-35489534 user_id=user-6496 status_code=200 latency_ms=237 message="Cache set"
2026-09-20 08:54:25 INFO worker-service Job picked up
2026-09-20 08:54:26 level=INFO service=api-gateway component=api-gateway request_id=req-777497 trace_id=trace-27799615 user_id=user-1941 status_code=200 latency_ms=118 message="Response sent"
2026-09-20 08:54:27 level=INFO service=api-gateway component=api-gateway request_id=req-970325 trace_id=trace-63560464 user_id=user-8717 status_code=200 latency_ms=156 message="TLS handshake completed"
2026-09-20 08:54:28 level=INFO service=scheduler-service component=scheduler-service request_id=req-330771 trace_id=trace-41198805 user_id=user-2854 status_code=200 latency_ms=205 message="Scheduled job completed"
2026-09-20 08:54:29 INFO monitoring-service Health probe OK
2026-09-20 08:54:30 level=INFO service=redis-service component=redis-service request_id=req-583124 trace_id=trace-55564851 user_id=user-4167 status_code=200 latency_ms=299 message="Cache warmed"
2026-09-20 08:54:31 INFO worker-service Worker heartbeat OK
2026-09-20 08:54:32 INFO user-service User created
2026-09-20 08:54:33 INFO payment-service Payment gateway responded 200
2026-09-20 08:54:34 WARNING inventory-service Inventory reserved
2026-09-20 08:54:35 INFO notification-service SMS delivered
2026-09-20 08:54:36 level=DEBUG service=scheduler-service component=scheduler-service request_id=req-894986 trace_id=trace-84099045 user_id=user-9413 status_code=200 latency_ms=237 message="Scheduled job started"
2026-09-20 08:54:37 INFO api-gateway Request routed successfully
2026-09-20 08:54:38 INFO payment-service Payment captured
2026-09-20 08:54:39 WARNING order-service Order created
2026-09-20 08:54:40 level=INFO service=monitoring-service component=monitoring-service request_id=req-672672 trace_id=trace-35559759 user_id=user-4195 status_code=200 latency_ms=293 message="Metrics scraped"
2026-09-20 08:54:41 DEBUG order-service Order created
2026-09-20 08:54:42 INFO scheduler-service Scheduled job completed
2026-09-20 08:54:43 INFO scheduler-service Cron tick processed
2026-09-20 08:54:44 INFO database-service Index scan completed
2026-09-20 08:54:45 INFO monitoring-service Metrics scraped
2026-09-20 08:54:46 level=INFO service=notification-service component=notification-service request_id=req-886220 trace_id=trace-28298811 user_id=user-1707 status_code=200 latency_ms=77 message="Email queued"
2026-09-20 08:54:47 INFO user-service User created
2026-09-20 08:54:48 INFO database-service Query executed successfully
2026-09-20 08:54:49 INFO database-service Transaction committed
2026-09-20 08:54:50 level=INFO service=monitoring-service component=monitoring-service request_id=req-149605 trace_id=trace-27511036 user_id=user-4029 status_code=200 latency_ms=17 message="Metrics scraped"
2026-09-20 08:54:51 level=WARNING service=order-service component=order-service request_id=req-196008 trace_id=trace-64011718 user_id=user-7308 status_code=200 latency_ms=245 message="Order confirmed"
2026-09-20 08:54:52 INFO order-service Order confirmed
2026-09-20 08:54:53 INFO user-service User created
2026-09-20 08:54:54 INFO monitoring-service Alert evaluated: no action
2026-09-20 08:54:55 level=INFO service=scheduler-service component=scheduler-service request_id=req-239969 trace_id=trace-92357045 user_id=user-3649 status_code=200 latency_ms=177 message="Scheduled job started"
2026-09-20 08:54:56 INFO database-service Query executed successfully
2026-09-20 08:54:57 level=INFO service=search-service component=search-service request_id=req-542155 trace_id=trace-73237984 user_id=user-8028 status_code=200 latency_ms=43 message="Query results returned"
2026-09-20 08:54:58 INFO worker-service Job picked up
2026-09-20 08:54:59 INFO scheduler-service Scheduled job started
2026-09-20 08:55:00 level=INFO service=payment-service component=payment-service request_id=req-142070 trace_id=trace-92215383 user_id=user-2879 status_code=200 latency_ms=54 message="Payment authorized"
2026-09-20 08:55:01 WARNING api-gateway Rate limit check passed
2026-09-20 08:55:02 INFO api-gateway Health check OK
2026-09-20 08:55:03 INFO api-gateway Rate limit check passed
2026-09-20 08:55:04 INFO notification-service Push notification sent
2026-09-20 08:55:05 DEBUG payment-service Payment gateway responded 200
2026-09-20 08:55:06 INFO inventory-service Inventory released
2026-09-20 08:55:07 level=INFO service=auth-service component=auth-service request_id=req-873661 trace_id=trace-90586972 user_id=user-1133 status_code=200 latency_ms=108 message="Logout successful"
2026-09-20 08:55:08 level=INFO service=auth-service component=auth-service request_id=req-654491 trace_id=trace-82987126 user_id=user-9919 status_code=200 latency_ms=152 message="Token issued"
2026-09-20 08:55:09 INFO api-gateway Incoming request accepted
2026-09-20 08:55:10 INFO scheduler-service Scheduled job completed
2026-09-20 08:55:11 level=INFO service=monitoring-service component=monitoring-service request_id=req-725079 trace_id=trace-32037909 user_id=user-2638 status_code=200 latency_ms=195 message="Health probe OK"
2026-09-20 08:55:12 level=INFO service=order-service component=order-service request_id=req-459136 trace_id=trace-41736832 user_id=user-5246 status_code=200 latency_ms=166 message="Order created"
2026-09-20 08:55:13 INFO database-service Query executed successfully
2026-09-20 08:55:14 DEBUG notification-service SMS delivered
2026-09-20 08:55:15 INFO monitoring-service Alert evaluated: no action
2026-09-20 08:55:16 level=INFO service=redis-service component=redis-service request_id=req-812011 trace_id=trace-46376272 user_id=user-5744 status_code=200 latency_ms=151 message="Cache set"
2026-09-20 08:55:17 INFO order-service Order shipped
2026-09-20 08:55:18 INFO redis-service Cache warmed
2026-09-20 08:55:19 INFO monitoring-service Health probe OK
2026-09-20 08:55:20 level=INFO service=inventory-service component=inventory-service request_id=req-585982 trace_id=trace-28849959 user_id=user-2524 status_code=200 latency_ms=203 message="Inventory reserved"
2026-09-20 08:55:21 INFO order-service Order created
2026-09-20 08:55:22 INFO user-service User profile fetched
2026-09-20 08:55:23 INFO redis-service Cache warmed
2026-09-20 08:55:24 level=INFO service=worker-service component=worker-service request_id=req-438239 trace_id=trace-45424353 user_id=user-7011 status_code=200 latency_ms=195 message="Job picked up"
2026-09-20 08:55:25 INFO scheduler-service Cron tick processed
2026-09-20 08:55:26 INFO inventory-service Stock level checked
2026-09-20 08:55:27 INFO database-service Query executed successfully
2026-09-20 08:55:28 INFO monitoring-service Alert evaluated: no action
2026-09-20 08:55:29 INFO user-service Profile cache warmed
2026-09-20 08:55:30 INFO user-service User preferences updated
2026-09-20 08:55:31 INFO redis-service Cache hit
2026-09-20 08:55:32 WARNING inventory-service Stock level checked
2026-09-20 08:55:33 INFO search-service Query results returned
2026-09-20 08:55:34 WARNING search-service Query results returned
2026-09-20 08:55:35 INFO redis-service Cache hit
2026-09-20 08:55:36 INFO scheduler-service Cron tick processed
2026-09-20 08:55:37 INFO database-service Transaction committed
2026-09-20 08:55:38 level=INFO service=inventory-service component=inventory-service request_id=req-224745 trace_id=trace-56401620 user_id=user-2538 status_code=200 latency_ms=275 message="Inventory reserved"
2026-09-20 08:55:39 level=INFO service=worker-service component=worker-service request_id=req-449877 trace_id=trace-63053546 user_id=user-7667 status_code=200 latency_ms=272 message="Job completed successfully"
2026-09-20 08:55:40 INFO auth-service Session created
2026-09-20 08:55:41 level=INFO service=worker-service component=worker-service request_id=req-957757 trace_id=trace-77833533 user_id=user-3017 status_code=200 latency_ms=132 message="Worker heartbeat OK"
2026-09-20 08:55:42 INFO order-service Order shipped
2026-09-20 08:55:43 INFO inventory-service Inventory reserved
2026-09-20 08:55:44 level=INFO service=database-service component=database-service request_id=req-503625 trace_id=trace-38511758 user_id=user-4999 status_code=200 latency_ms=147 message="Query executed successfully"
2026-09-20 08:55:45 INFO redis-service Key expired normally
2026-09-20 08:55:46 DEBUG monitoring-service Metrics scraped
2026-09-20 08:55:47 INFO auth-service Logout successful
2026-09-20 08:55:48 INFO monitoring-service Alert evaluated: no action
2026-09-20 08:55:49 INFO payment-service Payment authorized
2026-09-20 08:55:50 level=INFO service=inventory-service component=inventory-service request_id=req-747637 trace_id=trace-41434257 user_id=user-1389 status_code=200 latency_ms=281 message="Stock level checked"
2026-09-20 08:55:51 INFO search-service Query results returned
2026-09-20 08:55:52 INFO auth-service Token issued
2026-09-20 08:55:53 INFO order-service Order status updated
2026-09-20 08:55:54 INFO monitoring-service Metrics scraped
2026-09-20 08:55:55 level=INFO service=worker-service component=worker-service request_id=req-266623 trace_id=trace-84181689 user_id=user-3697 status_code=200 latency_ms=295 message="Worker heartbeat OK"
2026-09-20 08:55:56 INFO notification-service Push notification sent
2026-09-20 08:55:57 level=INFO service=worker-service component=worker-service request_id=req-611431 trace_id=trace-39713528 user_id=user-6369 status_code=200 latency_ms=261 message="Worker heartbeat OK"
2026-09-20 08:55:58 INFO scheduler-service Cron tick processed
2026-09-20 08:55:59 INFO auth-service Logout successful
2026-09-20 08:56:00 level=INFO service=api-gateway component=api-gateway request_id=req-448563 trace_id=trace-35354100 user_id=user-1848 status_code=200 latency_ms=201 message="Health check OK"
2026-09-20 08:56:01 INFO payment-service Payment authorized
2026-09-20 08:56:02 INFO user-service User created
2026-09-20 08:56:03 INFO search-service Search query executed
2026-09-20 08:56:04 INFO worker-service Job completed successfully
2026-09-20 08:56:05 INFO api-gateway Request routed successfully
2026-09-20 08:56:06 INFO auth-service User authenticated successfully
2026-09-20 08:56:07 INFO order-service Order shipped
2026-09-20 08:56:08 level=INFO service=monitoring-service component=monitoring-service request_id=req-493193 trace_id=trace-52985540 user_id=user-4720 status_code=200 latency_ms=192 message="Metrics scraped"
2026-09-20 08:56:09 INFO auth-service Logout successful
2026-09-20 08:56:10 INFO inventory-service Stock level checked
2026-09-20 08:56:11 level=INFO service=search-service component=search-service request_id=req-956053 trace_id=trace-37991518 user_id=user-7419 status_code=200 latency_ms=282 message="Index refreshed"
2026-09-20 08:56:12 INFO api-gateway Health check OK
2026-09-20 08:56:13 INFO redis-service Cache set
2026-09-20 08:56:14 INFO search-service Query results returned
2026-09-20 08:56:15 WARNING worker-service Worker heartbeat OK
2026-09-20 08:56:16 INFO notification-service SMS delivered
2026-09-20 08:56:17 INFO api-gateway Incoming request accepted
2026-09-20 08:56:18 level=INFO service=inventory-service component=inventory-service request_id=req-398945 trace_id=trace-51827508 user_id=user-4205 status_code=200 latency_ms=191 message="Inventory released"
2026-09-20 08:56:19 level=INFO service=api-gateway component=api-gateway request_id=req-208232 trace_id=trace-44169957 user_id=user-2566 status_code=200 latency_ms=232 message="TLS handshake completed"
2026-09-20 08:56:20 INFO notification-service Email queued
2026-09-20 08:56:21 INFO api-gateway Health check OK
2026-09-20 08:56:22 level=INFO service=order-service component=order-service request_id=req-155515 trace_id=trace-34589382 user_id=user-5813 status_code=200 latency_ms=193 message="Order created"
2026-09-20 08:56:23 INFO monitoring-service Health probe OK
2026-09-20 08:56:24 INFO user-service Profile cache warmed
2026-09-20 08:56:25 level=INFO service=redis-service component=redis-service request_id=req-632485 trace_id=trace-59586058 user_id=user-2643 status_code=200 latency_ms=149 message="Cache hit"
2026-09-20 08:56:26 INFO inventory-service Stock level checked
2026-09-20 08:56:27 INFO order-service Order shipped
2026-09-20 08:56:28 INFO database-service Query executed successfully
2026-09-20 08:56:29 INFO monitoring-service Metrics scraped
2026-09-20 08:56:30 INFO worker-service Worker heartbeat OK
2026-09-20 08:56:31 INFO search-service Search query executed
2026-09-20 08:56:32 level=INFO service=notification-service component=notification-service request_id=req-777169 trace_id=trace-36780313 user_id=user-8472 status_code=200 latency_ms=73 message="Email queued"
2026-09-20 08:56:33 INFO worker-service Job picked up
2026-09-20 08:56:34 INFO notification-service Push notification sent
2026-09-20 08:56:35 INFO order-service Order status updated
2026-09-20 08:56:36 DEBUG user-service User created
2026-09-20 08:56:37 level=INFO service=worker-service component=worker-service request_id=req-786262 trace_id=trace-87368519 user_id=user-4046 status_code=200 latency_ms=175 message="Job completed successfully"
2026-09-20 08:56:38 WARNING monitoring-service Alert evaluated: no action
2026-09-20 08:56:39 INFO database-service Index scan completed
2026-09-20 08:56:40 INFO database-service Index scan completed
2026-09-20 08:56:41 INFO monitoring-service Health probe OK
2026-09-20 08:56:42 WARNING monitoring-service Alert evaluated: no action
2026-09-20 08:56:43 level=INFO service=notification-service component=notification-service request_id=req-348044 trace_id=trace-63293740 user_id=user-2115 status_code=200 latency_ms=166 message="Push notification sent"
2026-09-20 08:56:44 level=WARNING service=worker-service component=worker-service request_id=req-944228 trace_id=trace-79514460 user_id=user-7046 status_code=200 latency_ms=222 message="Job picked up"
2026-09-20 08:56:45 INFO search-service Search query executed
2026-09-20 08:56:46 INFO database-service Index scan completed
2026-09-20 08:56:47 INFO redis-service Cache warmed
2026-09-20 08:56:48 level=INFO service=order-service component=order-service request_id=req-110557 trace_id=trace-26449603 user_id=user-2341 status_code=200 latency_ms=59 message="Order confirmed"
2026-09-20 08:56:49 INFO api-gateway Response sent
2026-09-20 08:56:50 INFO scheduler-service Scheduled job completed
2026-09-20 08:56:51 level=INFO service=monitoring-service component=monitoring-service request_id=req-877548 trace_id=trace-27346238 user_id=user-1744 status_code=200 latency_ms=60 message="Metrics scraped"
2026-09-20 08:56:52 INFO monitoring-service Health probe OK
2026-09-20 08:56:53 INFO database-service Query executed successfully
2026-09-20 08:56:54 level=INFO service=worker-service component=worker-service request_id=req-235747 trace_id=trace-35342830 user_id=user-9202 status_code=200 latency_ms=155 message="Job completed successfully"
2026-09-20 08:56:55 level=INFO service=api-gateway component=api-gateway request_id=req-942705 trace_id=trace-82346653 user_id=user-3524 status_code=200 latency_ms=179 message="Request routed successfully"
2026-09-20 08:56:56 INFO order-service Order status updated
2026-09-20 08:56:57 level=WARNING service=redis-service component=redis-service request_id=req-583752 trace_id=trace-79444170 user_id=user-6947 status_code=200 latency_ms=107 message="Cache warmed"
2026-09-20 08:56:58 INFO database-service Connection acquired from pool
2026-09-20 08:56:59 level=INFO service=order-service component=order-service request_id=req-811924 trace_id=trace-71983300 user_id=user-1995 status_code=200 latency_ms=173 message="Order shipped"
2026-09-20 08:57:00 INFO auth-service User authenticated successfully
2026-09-20 08:57:01 INFO monitoring-service Health probe OK
2026-09-20 08:57:02 INFO search-service Search query executed
2026-09-20 08:57:03 level=INFO service=scheduler-service component=scheduler-service request_id=req-834831 trace_id=trace-25587413 user_id=user-9572 status_code=200 latency_ms=135 message="Scheduled job completed"
2026-09-20 08:57:04 INFO worker-service Job picked up
2026-09-20 08:57:05 level=INFO service=notification-service component=notification-service request_id=req-891575 trace_id=trace-47130210 user_id=user-6741 status_code=200 latency_ms=169 message="Email queued"
2026-09-20 08:57:06 INFO user-service User created
2026-09-20 08:57:07 INFO api-gateway Response sent
2026-09-20 08:57:08 INFO api-gateway Response sent
2026-09-20 08:57:09 INFO inventory-service Inventory released
2026-09-20 08:57:10 level=INFO service=auth-service component=auth-service request_id=req-572630 trace_id=trace-79462140 user_id=user-4279 status_code=200 latency_ms=93 message="Token refreshed"
2026-09-20 08:57:11 INFO notification-service SMS delivered
2026-09-20 08:57:12 INFO scheduler-service Cron tick processed
2026-09-20 08:57:13 INFO payment-service Payment captured
2026-09-20 08:57:14 INFO database-service Transaction committed
2026-09-20 08:57:15 INFO inventory-service Stock level checked
2026-09-20 08:57:16 INFO worker-service Job completed successfully
2026-09-20 08:57:17 level=INFO service=api-gateway component=api-gateway request_id=req-907691 trace_id=trace-27336553 user_id=user-5081 status_code=200 latency_ms=291 message="Incoming request accepted"
2026-09-20 08:57:18 INFO worker-service Job picked up
2026-09-20 08:57:19 level=DEBUG service=api-gateway component=api-gateway request_id=req-662387 trace_id=trace-11149315 user_id=user-7901 status_code=200 latency_ms=256 message="TLS handshake completed"
2026-09-20 08:57:20 level=INFO service=worker-service component=worker-service request_id=req-542429 trace_id=trace-52152750 user_id=user-6136 status_code=200 latency_ms=152 message="Worker heartbeat OK"
2026-09-20 08:57:21 level=DEBUG service=user-service component=user-service request_id=req-226818 trace_id=trace-27150794 user_id=user-9421 status_code=200 latency_ms=102 message="User preferences updated"
2026-09-20 08:57:22 level=INFO service=redis-service component=redis-service request_id=req-959407 trace_id=trace-82011749 user_id=user-4556 status_code=200 latency_ms=178 message="Cache hit"
2026-09-20 08:57:23 WARNING monitoring-service Metrics scraped
2026-09-20 08:57:24 level=INFO service=auth-service component=auth-service request_id=req-371627 trace_id=trace-28547083 user_id=user-5389 status_code=200 latency_ms=171 message="Session created"
2026-09-20 08:57:25 INFO payment-service Refund processed successfully
2026-09-20 08:57:26 INFO redis-service Cache hit
2026-09-20 08:57:27 INFO redis-service Key expired normally
2026-09-20 08:57:28 level=INFO service=worker-service component=worker-service request_id=req-233068 trace_id=trace-33683379 user_id=user-9226 status_code=200 latency_ms=113 message="Worker heartbeat OK"
2026-09-20 08:57:29 level=INFO service=scheduler-service component=scheduler-service request_id=req-185021 trace_id=trace-16093116 user_id=user-9328 status_code=200 latency_ms=242 message="Scheduled job completed"
2026-09-20 08:57:30 INFO scheduler-service Cron tick processed
2026-09-20 08:57:31 level=INFO service=auth-service component=auth-service request_id=req-567762 trace_id=trace-52682146 user_id=user-3925 status_code=200 latency_ms=131 message="User authenticated successfully"
2026-09-20 08:57:32 INFO payment-service Payment captured
2026-09-20 08:57:33 level=INFO service=order-service component=order-service request_id=req-849121 trace_id=trace-16881441 user_id=user-5327 status_code=200 latency_ms=29 message="Order confirmed"
2026-09-20 08:57:34 INFO redis-service Cache warmed
2026-09-20 08:57:35 INFO monitoring-service Metrics scraped
2026-09-20 08:57:36 level=INFO service=search-service component=search-service request_id=req-615499 trace_id=trace-43965933 user_id=user-9439 status_code=200 latency_ms=126 message="Index refreshed"
2026-09-20 08:57:37 INFO monitoring-service Metrics scraped
2026-09-20 08:57:38 WARNING monitoring-service Health probe OK
2026-09-20 08:57:39 INFO auth-service User authenticated successfully
2026-09-20 08:57:40 level=INFO service=api-gateway component=api-gateway request_id=req-611192 trace_id=trace-42636940 user_id=user-8122 status_code=200 latency_ms=247 message="Response sent"
2026-09-20 08:57:41 INFO scheduler-service Scheduled job completed
2026-09-20 08:57:42 INFO redis-service Cache warmed
2026-09-20 08:57:43 INFO payment-service Payment captured
2026-09-20 08:57:44 INFO user-service User created
2026-09-20 08:57:45 level=INFO service=redis-service component=redis-service request_id=req-858505 trace_id=trace-89472775 user_id=user-5768 status_code=200 latency_ms=288 message="Cache hit"
2026-09-20 08:57:46 INFO monitoring-service Health probe OK
2026-09-20 08:57:47 INFO scheduler-service Scheduled job completed
2026-09-20 08:57:48 WARNING payment-service Payment authorized
2026-09-20 08:57:49 level=INFO service=scheduler-service component=scheduler-service request_id=req-583830 trace_id=trace-91282384 user_id=user-7566 status_code=200 latency_ms=37 message="Scheduled job started"
2026-09-20 08:57:50 INFO auth-service User authenticated successfully
2026-09-20 08:57:51 level=INFO service=monitoring-service component=monitoring-service request_id=req-891014 trace_id=trace-71008495 user_id=user-6369 status_code=200 latency_ms=83 message="Metrics scraped"
2026-09-20 08:57:52 INFO notification-service Push notification sent
2026-09-20 08:57:53 INFO database-service Query executed successfully
2026-09-20 08:57:54 level=INFO service=scheduler-service component=scheduler-service request_id=req-436780 trace_id=trace-95639162 user_id=user-6408 status_code=200 latency_ms=243 message="Scheduled job started"
2026-09-20 08:57:55 INFO inventory-service Inventory reserved
2026-09-20 08:57:56 level=INFO service=order-service component=order-service request_id=req-575316 trace_id=trace-50757248 user_id=user-5867 status_code=200 latency_ms=229 message="Order shipped"
2026-09-20 08:57:57 INFO order-service Order created
2026-09-20 08:57:58 INFO database-service Index scan completed
2026-09-20 08:57:59 level=INFO service=database-service component=database-service request_id=req-400277 trace_id=trace-87256555 user_id=user-3220 status_code=200 latency_ms=99 message="Query executed successfully"
2026-09-20 08:58:00 INFO user-service User profile fetched
2026-09-20 08:58:01 INFO api-gateway Health check OK
2026-09-20 08:58:02 INFO redis-service Cache hit
2026-09-20 08:58:03 level=INFO service=scheduler-service component=scheduler-service request_id=req-747000 trace_id=trace-93937754 user_id=user-4180 status_code=200 latency_ms=115 message="Cron tick processed"
2026-09-20 08:58:04 INFO api-gateway Health check OK
2026-09-20 08:58:05 INFO api-gateway Rate limit check passed
2026-09-20 08:58:06 INFO payment-service Payment authorized
2026-09-20 08:58:07 INFO user-service User created
2026-09-20 08:58:08 INFO api-gateway Rate limit check passed
2026-09-20 08:58:09 INFO redis-service Cache hit
2026-09-20 08:58:10 INFO redis-service Key expired normally
2026-09-20 08:58:11 INFO search-service Search query executed
2026-09-20 08:58:12 INFO worker-service Job completed successfully
2026-09-20 08:58:13 level=INFO service=search-service component=search-service request_id=req-515346 trace_id=trace-38274894 user_id=user-2542 status_code=200 latency_ms=291 message="Query results returned"
2026-09-20 08:58:14 level=DEBUG service=worker-service component=worker-service request_id=req-970825 trace_id=trace-71737955 user_id=user-7795 status_code=200 latency_ms=234 message="Job picked up"
2026-09-20 08:58:15 INFO user-service User preferences updated
2026-09-20 08:58:16 INFO notification-service SMS delivered
2026-09-20 08:58:17 INFO redis-service Cache hit
2026-09-20 08:58:18 INFO notification-service SMS delivered
2026-09-20 08:58:19 INFO order-service Order shipped
2026-09-20 08:58:20 level=INFO service=payment-service component=payment-service request_id=req-375485 trace_id=trace-99778466 user_id=user-3727 status_code=200 latency_ms=190 message="Payment request received"
2026-09-20 08:58:21 INFO database-service Connection acquired from pool
2026-09-20 08:58:22 INFO database-service Query executed successfully
2026-09-20 08:58:23 level=DEBUG service=scheduler-service component=scheduler-service request_id=req-416066 trace_id=trace-33543826 user_id=user-4674 status_code=200 latency_ms=272 message="Scheduled job completed"
2026-09-20 08:58:24 INFO api-gateway TLS handshake completed
2026-09-20 08:58:25 INFO monitoring-service Alert evaluated: no action
2026-09-20 08:58:26 INFO inventory-service Inventory released
2026-09-20 08:58:27 level=INFO service=auth-service component=auth-service request_id=req-835117 trace_id=trace-45756404 user_id=user-4630 status_code=200 latency_ms=76 message="Token issued"
2026-09-20 08:58:28 INFO order-service Order status updated
2026-09-20 08:58:29 INFO user-service Profile cache warmed
2026-09-20 08:58:30 INFO monitoring-service Alert evaluated: no action
2026-09-20 08:58:31 INFO database-service Query executed successfully
2026-09-20 08:58:32 level=INFO service=redis-service component=redis-service request_id=req-836577 trace_id=trace-50427096 user_id=user-7456 status_code=200 latency_ms=111 message="Cache warmed"
2026-09-20 08:58:33 INFO scheduler-service Scheduled job completed
2026-09-20 08:58:34 INFO monitoring-service Alert evaluated: no action
2026-09-20 08:58:35 INFO redis-service Cache warmed
2026-09-20 08:58:36 INFO search-service Search query executed
2026-09-20 08:58:37 INFO order-service Order status updated
2026-09-20 08:58:38 INFO search-service Search query executed
2026-09-20 08:58:39 INFO database-service Index scan completed
2026-09-20 08:58:40 level=INFO service=inventory-service component=inventory-service request_id=req-167496 trace_id=trace-21461006 user_id=user-1210 status_code=200 latency_ms=293 message="Inventory released"
2026-09-20 08:58:41 DEBUG api-gateway TLS handshake completed
2026-09-20 08:58:42 WARNING user-service User profile fetched
2026-09-20 08:58:43 INFO redis-service Cache set
2026-09-20 08:58:44 level=INFO service=user-service component=user-service request_id=req-608211 trace_id=trace-16397579 user_id=user-4404 status_code=200 latency_ms=291 message="User created"
2026-09-20 08:58:45 INFO auth-service User authenticated successfully
2026-09-20 08:58:46 INFO payment-service Payment authorized
2026-09-20 08:58:47 INFO auth-service Token refreshed
2026-09-20 08:58:48 INFO inventory-service Inventory released
2026-09-20 08:58:49 INFO order-service Order status updated
2026-09-20 08:58:50 INFO database-service Index scan completed
2026-09-20 08:58:51 INFO auth-service Session created
2026-09-20 08:58:52 INFO scheduler-service Scheduled job started
2026-09-20 08:58:53 INFO api-gateway Incoming request accepted
2026-09-20 08:58:54 level=INFO service=database-service component=database-service request_id=req-814117 trace_id=trace-60455173 user_id=user-2976 status_code=200 latency_ms=17 message="Transaction committed"
2026-09-20 08:58:55 level=INFO service=user-service component=user-service request_id=req-189549 trace_id=trace-85269235 user_id=user-3144 status_code=200 latency_ms=207 message="User preferences updated"
2026-09-20 08:58:56 WARNING inventory-service Inventory released
2026-09-20 08:58:57 INFO user-service Profile cache warmed
2026-09-20 08:58:58 INFO monitoring-service Metrics scraped
2026-09-20 08:58:59 level=INFO service=auth-service component=auth-service request_id=req-269193 trace_id=trace-64471448 user_id=user-4559 status_code=200 latency_ms=57 message="User authenticated successfully"
2026-09-20 08:59:00 INFO inventory-service Inventory released
2026-09-20 08:59:01 level=INFO service=payment-service component=payment-service request_id=req-507658 trace_id=trace-32999769 user_id=user-3792 status_code=200 latency_ms=103 message="Refund processed successfully"
2026-09-20 08:59:02 level=INFO service=scheduler-service component=scheduler-service request_id=req-301321 trace_id=trace-52536435 user_id=user-7869 status_code=200 latency_ms=117 message="Cron tick processed"
2026-09-20 08:59:03 INFO auth-service Logout successful
2026-09-20 08:59:04 INFO order-service Order confirmed
2026-09-20 08:59:05 INFO auth-service Logout successful
2026-09-20 08:59:06 INFO scheduler-service Scheduled job started
2026-09-20 08:59:07 INFO scheduler-service Scheduled job started
2026-09-20 08:59:08 DEBUG auth-service User authenticated successfully
2026-09-20 08:59:09 level=INFO service=redis-service component=redis-service request_id=req-747814 trace_id=trace-63329851 user_id=user-7863 status_code=200 latency_ms=261 message="Cache hit"
2026-09-20 08:59:10 INFO notification-service SMS delivered
2026-09-20 08:59:11 DEBUG user-service User profile fetched
2026-09-20 08:59:12 INFO search-service Search query executed
2026-09-20 08:59:13 INFO user-service Profile cache warmed
2026-09-20 08:59:14 INFO user-service User created
2026-09-20 08:59:15 INFO order-service Order created
2026-09-20 08:59:16 INFO scheduler-service Cron tick processed
2026-09-20 08:59:17 level=INFO service=payment-service component=payment-service request_id=req-103003 trace_id=trace-78283489 user_id=user-5453 status_code=200 latency_ms=93 message="Payment captured"
2026-09-20 08:59:18 level=INFO service=search-service component=search-service request_id=req-452297 trace_id=trace-22238792 user_id=user-5298 status_code=200 latency_ms=277 message="Index refreshed"
2026-09-20 08:59:19 INFO api-gateway Incoming request accepted
2026-09-20 08:59:20 INFO monitoring-service Alert evaluated: no action
2026-09-20 08:59:21 INFO search-service Query results returned
2026-09-20 08:59:22 DEBUG payment-service Refund processed successfully
2026-09-20 08:59:23 INFO auth-service Logout successful
2026-09-20 08:59:24 INFO auth-service Token refreshed
2026-09-20 08:59:25 level=INFO service=scheduler-service component=scheduler-service request_id=req-452663 trace_id=trace-92811913 user_id=user-5071 status_code=200 latency_ms=104 message="Scheduled job completed"
2026-09-20 08:59:26 level=INFO service=scheduler-service component=scheduler-service request_id=req-597976 trace_id=trace-32648177 user_id=user-7108 status_code=200 latency_ms=109 message="Cron tick processed"
2026-09-20 08:59:27 INFO order-service Order shipped
2026-09-20 08:59:28 level=DEBUG service=worker-service component=worker-service request_id=req-672377 trace_id=trace-27785474 user_id=user-6411 status_code=200 latency_ms=177 message="Worker heartbeat OK"
2026-09-20 08:59:29 INFO order-service Order status updated
2026-09-20 08:59:30 INFO auth-service Session created
2026-09-20 08:59:31 INFO database-service Query executed successfully
2026-09-20 08:59:32 level=INFO service=inventory-service component=inventory-service request_id=req-520124 trace_id=trace-67205300 user_id=user-3965 status_code=200 latency_ms=17 message="Inventory reserved"
2026-09-20 08:59:33 INFO notification-service SMS delivered
2026-09-20 08:59:34 INFO api-gateway Response sent
2026-09-20 08:59:35 INFO api-gateway Incoming request accepted
2026-09-20 08:59:36 INFO auth-service User authenticated successfully
2026-09-20 08:59:37 INFO order-service Order confirmed
2026-09-20 08:59:38 INFO order-service Order shipped
2026-09-20 08:59:39 INFO api-gateway Health check OK
2026-09-20 08:59:40 level=INFO service=search-service component=search-service request_id=req-883766 trace_id=trace-80140425 user_id=user-5600 status_code=200 latency_ms=181 message="Index refreshed"
2026-09-20 08:59:41 INFO redis-service Key expired normally
2026-09-20 08:59:42 INFO monitoring-service Metrics scraped
2026-09-20 08:59:43 level=INFO service=scheduler-service component=scheduler-service request_id=req-473828 trace_id=trace-18595396 user_id=user-2343 status_code=200 latency_ms=134 message="Cron tick processed"
2026-09-20 08:59:44 INFO worker-service Job completed successfully
2026-09-20 08:59:45 INFO redis-service Cache set
2026-09-20 08:59:46 INFO user-service User profile fetched
2026-09-20 08:59:47 INFO order-service Order created
2026-09-20 08:59:48 level=INFO service=worker-service component=worker-service request_id=req-610584 trace_id=trace-60275377 user_id=user-4136 status_code=200 latency_ms=68 message="Job completed successfully"
2026-09-20 08:59:49 INFO payment-service Refund processed successfully
2026-09-20 08:59:50 INFO payment-service Payment request received
2026-09-20 08:59:51 INFO order-service Order confirmed
2026-09-20 08:59:52 INFO payment-service Payment captured
2026-09-20 08:59:53 WARNING search-service Search query executed
2026-09-20 08:59:54 INFO notification-service SMS delivered
2026-09-20 08:59:55 INFO search-service Index refreshed
2026-09-20 08:59:56 INFO redis-service Cache set
2026-09-20 08:59:57 INFO search-service Index refreshed
2026-09-20 08:59:58 INFO redis-service Cache warmed
2026-09-20 08:59:59 INFO redis-service Cache warmed
2026-09-20 09:00:00 INFO payment-service Payment gateway responded 200
2026-09-20 09:00:01 level=INFO service=order-service component=order-service request_id=req-187552 trace_id=trace-73715179 user_id=user-8415 status_code=200 latency_ms=107 message="Order status updated"
2026-09-20 09:00:02 INFO redis-service Key expired normally
2026-09-20 09:00:03 level=INFO service=order-service component=order-service request_id=req-646220 trace_id=trace-95594067 user_id=user-6601 status_code=200 latency_ms=35 message="Order status updated"
2026-09-20 09:00:04 INFO scheduler-service Cron tick processed
2026-09-20 09:00:05 INFO user-service User created
2026-09-20 09:00:06 INFO order-service Order confirmed
2026-09-20 09:00:07 level=INFO service=database-service component=database-service request_id=req-861290 trace_id=trace-53184932 user_id=user-7976 status_code=200 latency_ms=51 message="Transaction committed"
2026-09-20 09:00:08 level=INFO service=inventory-service component=inventory-service request_id=req-773645 trace_id=trace-56208828 user_id=user-7272 status_code=200 latency_ms=58 message="Inventory reserved"
2026-09-20 09:00:09 INFO auth-service Logout successful
2026-09-20 09:00:10 level=INFO service=payment-service component=payment-service request_id=req-127800 trace_id=trace-16051542 user_id=user-6336 status_code=200 latency_ms=91 message="Payment captured"
2026-09-20 09:00:11 INFO order-service Order created
2026-09-20 09:00:12 INFO monitoring-service Alert evaluated: no action
2026-09-20 09:00:13 INFO api-gateway TLS handshake completed
2026-09-20 09:00:14 INFO order-service Order confirmed
2026-09-20 09:00:15 INFO user-service User created
2026-09-20 09:00:16 INFO redis-service Cache set
2026-09-20 09:00:17 INFO user-service User profile fetched
2026-09-20 09:00:18 INFO user-service User created
2026-09-20 09:00:19 INFO redis-service Cache set
2026-09-20 09:00:20 INFO worker-service Job picked up
2026-09-20 09:00:21 INFO monitoring-service Health probe OK
2026-09-20 09:00:22 INFO order-service Order status updated
2026-09-20 09:00:23 level=INFO service=monitoring-service component=monitoring-service request_id=req-985258 trace_id=trace-82065988 user_id=user-2350 status_code=200 latency_ms=92 message="Alert evaluated: no action"
2026-09-20 09:00:24 DEBUG api-gateway Health check OK
2026-09-20 09:00:25 INFO scheduler-service Scheduled job completed
2026-09-20 09:00:26 INFO database-service Index scan completed
2026-09-20 09:00:27 INFO order-service Order created
2026-09-20 09:00:28 WARNING auth-service Session created
2026-09-20 09:00:29 DEBUG inventory-service Inventory released
2026-09-20 09:00:30 INFO order-service Order confirmed
2026-09-20 09:00:31 INFO monitoring-service Metrics scraped
2026-09-20 09:00:32 INFO search-service Search query executed
2026-09-20 09:00:33 INFO database-service Connection acquired from pool
2026-09-20 09:00:34 WARNING payment-service Refund processed successfully
2026-09-20 09:00:35 INFO scheduler-service Scheduled job started
2026-09-20 09:00:36 level=INFO service=order-service component=order-service request_id=req-214717 trace_id=trace-99793462 user_id=user-1793 status_code=200 latency_ms=27 message="Order confirmed"
2026-09-20 09:00:37 level=INFO service=monitoring-service component=monitoring-service request_id=req-583358 trace_id=trace-49417749 user_id=user-6054 status_code=200 latency_ms=239 message="Alert evaluated: no action"
2026-09-20 09:00:38 DEBUG notification-service Email queued
2026-09-20 09:00:39 INFO redis-service Key expired normally
2026-09-20 09:00:40 INFO database-service Query executed successfully
2026-09-20 09:00:41 level=INFO service=monitoring-service component=monitoring-service request_id=req-314891 trace_id=trace-39880859 user_id=user-2888 status_code=200 latency_ms=82 message="Metrics scraped"
2026-09-20 09:00:42 INFO inventory-service Stock level checked
2026-09-20 09:00:43 INFO database-service Query executed successfully
2026-09-20 09:00:44 INFO order-service Order created
2026-09-20 09:00:45 level=INFO service=worker-service component=worker-service request_id=req-498216 trace_id=trace-47607402 user_id=user-7690 status_code=200 latency_ms=69 message="Job completed successfully"
2026-09-20 09:00:46 INFO scheduler-service Cron tick processed
2026-09-20 09:00:47 INFO auth-service Token issued
2026-09-20 09:00:48 INFO database-service Connection acquired from pool
2026-09-20 09:00:49 level=INFO service=auth-service component=auth-service request_id=req-403951 trace_id=trace-93804267 user_id=user-7768 status_code=200 latency_ms=284 message="Session created"
2026-09-20 09:00:50 INFO user-service User created
2026-09-20 09:00:51 level=INFO service=worker-service component=worker-service request_id=req-789661 trace_id=trace-90561936 user_id=user-2326 status_code=200 latency_ms=48 message="Job picked up"
2026-09-20 09:00:52 level=INFO service=order-service component=order-service request_id=req-453245 trace_id=trace-87402240 user_id=user-6985 status_code=200 latency_ms=112 message="Order shipped"
2026-09-20 09:00:53 INFO user-service User profile fetched
2026-09-20 09:00:54 INFO notification-service SMS delivered
2026-09-20 09:00:55 INFO api-gateway Response sent
2026-09-20 09:00:56 INFO order-service Order created
2026-09-20 09:00:57 level=INFO service=auth-service component=auth-service request_id=req-770978 trace_id=trace-37492270 user_id=user-9263 status_code=200 latency_ms=34 message="User authenticated successfully"
2026-09-20 09:00:58 INFO redis-service Cache hit
2026-09-20 09:00:59 level=INFO service=payment-service component=payment-service request_id=req-237804 trace_id=trace-18950881 user_id=user-3313 status_code=200 latency_ms=162 message="Refund processed successfully"
2026-09-20 09:01:00 level=INFO service=payment-service component=payment-service request_id=req-667628 trace_id=trace-75113929 user_id=user-8725 status_code=200 latency_ms=223 message="Payment request received"
2026-09-20 09:01:01 INFO inventory-service Stock level checked
2026-09-20 09:01:02 INFO redis-service Cache warmed
2026-09-20 09:01:03 INFO auth-service Token refreshed
2026-09-20 09:01:04 level=INFO service=scheduler-service component=scheduler-service request_id=req-882620 trace_id=trace-96349654 user_id=user-6279 status_code=200 latency_ms=43 message="Scheduled job started"
2026-09-20 09:01:05 INFO monitoring-service Metrics scraped
2026-09-20 09:01:06 INFO api-gateway Incoming request accepted
2026-09-20 09:01:07 level=INFO service=search-service component=search-service request_id=req-890688 trace_id=trace-86957835 user_id=user-1539 status_code=200 latency_ms=225 message="Query results returned"
2026-09-20 09:01:08 WARNING database-service Index scan completed
2026-09-20 09:01:09 INFO redis-service Cache set
2026-09-20 09:01:10 level=INFO service=inventory-service component=inventory-service request_id=req-186634 trace_id=trace-72024471 user_id=user-6969 status_code=200 latency_ms=185 message="Inventory released"
2026-09-20 09:01:11 INFO worker-service Job completed successfully
2026-09-20 09:01:12 level=DEBUG service=api-gateway component=api-gateway request_id=req-820474 trace_id=trace-69949857 user_id=user-7401 status_code=200 latency_ms=18 message="Response sent"
2026-09-20 09:01:13 INFO auth-service Token issued
2026-09-20 09:01:14 level=INFO service=inventory-service component=inventory-service request_id=req-326484 trace_id=trace-84960818 user_id=user-4837 status_code=200 latency_ms=172 message="Inventory released"
2026-09-20 09:01:15 INFO auth-service Session created
2026-09-20 09:01:16 level=INFO service=auth-service component=auth-service request_id=req-418850 trace_id=trace-81067470 user_id=user-4455 status_code=200 latency_ms=121 message="Token refreshed"
2026-09-20 09:01:17 INFO database-service Connection acquired from pool
2026-09-20 09:01:18 INFO user-service User profile fetched
2026-09-20 09:01:19 INFO notification-service Push notification sent
2026-09-20 09:01:20 INFO monitoring-service Metrics scraped
2026-09-20 09:01:21 INFO monitoring-service Health probe OK
2026-09-20 09:01:22 level=INFO service=payment-service component=payment-service request_id=req-210227 trace_id=trace-15854035 user_id=user-2981 status_code=200 latency_ms=268 message="Payment authorized"
2026-09-20 09:01:23 INFO scheduler-service Scheduled job completed
2026-09-20 09:01:24 INFO user-service User created
2026-09-20 09:01:25 INFO search-service Query results returned
2026-09-20 09:01:26 level=INFO service=monitoring-service component=monitoring-service request_id=req-830727 trace_id=trace-12648608 user_id=user-1898 status_code=200 latency_ms=224 message="Health probe OK"
2026-09-20 09:01:27 INFO scheduler-service Scheduled job completed
2026-09-20 09:01:28 INFO notification-service SMS delivered
2026-09-20 09:01:29 INFO inventory-service Inventory released
2026-09-20 09:01:30 INFO auth-service Session created
2026-09-20 09:01:31 INFO redis-service Key expired normally
2026-09-20 09:01:32 INFO notification-service Push notification sent
2026-09-20 09:01:33 INFO auth-service Session created
2026-09-20 09:01:34 level=INFO service=api-gateway component=api-gateway request_id=req-236831 trace_id=trace-64736344 user_id=user-8229 status_code=200 latency_ms=199 message="Health check OK"
2026-09-20 09:01:35 INFO order-service Order confirmed
2026-09-20 09:01:36 INFO monitoring-service Metrics scraped
2026-09-20 09:01:37 level=INFO service=api-gateway component=api-gateway request_id=req-930502 trace_id=trace-23732035 user_id=user-5499 status_code=200 latency_ms=275 message="Rate limit check passed"
2026-09-20 09:01:38 INFO search-service Search query executed
2026-09-20 09:01:39 INFO auth-service Token issued
2026-09-20 09:01:40 INFO database-service Index scan completed
2026-09-20 09:01:41 INFO payment-service Payment request received
2026-09-20 09:01:42 INFO user-service User preferences updated
2026-09-20 09:01:43 INFO monitoring-service Metrics scraped
2026-09-20 09:01:44 level=INFO service=inventory-service component=inventory-service request_id=req-309821 trace_id=trace-94787118 user_id=user-5875 status_code=200 latency_ms=254 message="Stock level checked"
2026-09-20 09:01:45 level=WARNING service=database-service component=database-service request_id=req-435838 trace_id=trace-81982346 user_id=user-6833 status_code=200 latency_ms=237 message="Index scan completed"
2026-09-20 09:01:46 INFO redis-service Cache warmed
2026-09-20 09:01:47 INFO order-service Order status updated
2026-09-20 09:01:48 INFO search-service Search query executed
2026-09-20 09:01:49 INFO worker-service Worker heartbeat OK
2026-09-20 09:01:50 DEBUG worker-service Job picked up
2026-09-20 09:01:51 INFO monitoring-service Health probe OK
2026-09-20 09:01:52 INFO payment-service Payment captured
2026-09-20 09:01:53 INFO auth-service Logout successful
2026-09-20 09:01:54 INFO user-service Profile cache warmed
2026-09-20 09:01:55 level=DEBUG service=search-service component=search-service request_id=req-182389 trace_id=trace-23306890 user_id=user-6687 status_code=200 latency_ms=217 message="Index refreshed"
2026-09-20 09:01:56 level=INFO service=monitoring-service component=monitoring-service request_id=req-945779 trace_id=trace-89881131 user_id=user-9929 status_code=200 latency_ms=168 message="Metrics scraped"
2026-09-20 09:01:57 INFO payment-service Refund processed successfully
2026-09-20 09:01:58 level=INFO service=search-service component=search-service request_id=req-653392 trace_id=trace-91627819 user_id=user-1450 status_code=200 latency_ms=299 message="Search query executed"
2026-09-20 09:01:59 INFO payment-service Payment gateway responded 200
2026-09-20 09:02:00 INFO auth-service User authenticated successfully
2026-09-20 09:02:01 INFO scheduler-service Scheduled job completed
2026-09-20 09:02:02 level=INFO service=worker-service component=worker-service request_id=req-295158 trace_id=trace-18088385 user_id=user-7395 status_code=200 latency_ms=148 message="Job completed successfully"
2026-09-20 09:02:03 INFO api-gateway Request routed successfully
2026-09-20 09:02:04 INFO notification-service Push notification sent
2026-09-20 09:02:05 INFO api-gateway Health check OK
2026-09-20 09:02:06 INFO auth-service Logout successful
2026-09-20 09:02:07 INFO scheduler-service Scheduled job started
2026-09-20 09:02:08 INFO order-service Order created
2026-09-20 09:02:09 level=INFO service=api-gateway component=api-gateway request_id=req-840582 trace_id=trace-24142112 user_id=user-1527 status_code=200 latency_ms=269 message="TLS handshake completed"
2026-09-20 09:02:10 level=INFO service=scheduler-service component=scheduler-service request_id=req-483203 trace_id=trace-93678374 user_id=user-3295 status_code=200 latency_ms=246 message="Scheduled job started"
2026-09-20 09:02:11 INFO payment-service Payment authorized
2026-09-20 09:02:12 WARNING monitoring-service Health probe OK
2026-09-20 09:02:13 level=INFO service=search-service component=search-service request_id=req-847452 trace_id=trace-43725117 user_id=user-4348 status_code=200 latency_ms=224 message="Query results returned"
2026-09-20 09:02:14 INFO payment-service Payment request received
2026-09-20 09:02:15 level=INFO service=worker-service component=worker-service request_id=req-928849 trace_id=trace-19548247 user_id=user-9601 status_code=200 latency_ms=49 message="Job completed successfully"
2026-09-20 09:02:16 INFO scheduler-service Cron tick processed
2026-09-20 09:02:17 INFO api-gateway Response sent
2026-09-20 09:02:18 INFO redis-service Cache set
2026-09-20 09:02:19 INFO worker-service Job completed successfully
2026-09-20 09:02:20 level=INFO service=user-service component=user-service request_id=req-255845 trace_id=trace-58185789 user_id=user-5789 status_code=200 latency_ms=63 message="User profile fetched"
2026-09-20 09:02:21 level=DEBUG service=database-service component=database-service request_id=req-347425 trace_id=trace-58033540 user_id=user-1350 status_code=200 latency_ms=67 message="Index scan completed"
2026-09-20 09:02:22 INFO inventory-service Stock level checked
2026-09-20 09:02:23 level=INFO service=notification-service component=notification-service request_id=req-976727 trace_id=trace-61618388 user_id=user-3128 status_code=200 latency_ms=299 message="Push notification sent"
2026-09-20 09:02:24 INFO worker-service Job picked up
2026-09-20 09:02:25 INFO scheduler-service Scheduled job started
2026-09-20 09:02:26 INFO inventory-service Stock level checked
2026-09-20 09:02:27 INFO order-service Order created
2026-09-20 09:02:28 INFO auth-service Session created
2026-09-20 09:02:29 INFO order-service Order shipped
2026-09-20 09:02:30 level=INFO service=redis-service component=redis-service request_id=req-269466 trace_id=trace-69523345 user_id=user-8921 status_code=200 latency_ms=82 message="Key expired normally"
2026-09-20 09:02:31 level=INFO service=notification-service component=notification-service request_id=req-544132 trace_id=trace-68220691 user_id=user-8944 status_code=200 latency_ms=42 message="Email queued"
2026-09-20 09:02:32 INFO auth-service Session created
2026-09-20 09:02:33 INFO monitoring-service Health probe OK
2026-09-20 09:02:34 INFO order-service Order created
2026-09-20 09:02:35 DEBUG search-service Index refreshed
2026-09-20 09:02:36 INFO worker-service Worker heartbeat OK
2026-09-20 09:02:37 level=WARNING service=monitoring-service component=monitoring-service request_id=req-858949 trace_id=trace-47136192 user_id=user-5837 status_code=200 latency_ms=121 message="Metrics scraped"
2026-09-20 09:02:38 level=INFO service=user-service component=user-service request_id=req-368641 trace_id=trace-32424880 user_id=user-6434 status_code=200 latency_ms=280 message="Profile cache warmed"
2026-09-20 09:02:39 INFO database-service Transaction committed
2026-09-20 09:02:40 INFO auth-service Session created
2026-09-20 09:02:41 INFO inventory-service Inventory reserved
2026-09-20 09:02:42 INFO database-service Transaction committed
2026-09-20 09:02:43 INFO notification-service SMS delivered
2026-09-20 09:02:44 level=INFO service=worker-service component=worker-service request_id=req-989932 trace_id=trace-39681988 user_id=user-6515 status_code=200 latency_ms=185 message="Job picked up"
2026-09-20 09:02:45 INFO api-gateway Health check OK
2026-09-20 09:02:46 INFO database-service Index scan completed
2026-09-20 09:02:47 INFO api-gateway Response sent
2026-09-20 09:02:48 INFO payment-service Refund processed successfully
2026-09-20 09:02:49 INFO inventory-service Inventory reserved
2026-09-20 09:02:50 level=INFO service=scheduler-service component=scheduler-service request_id=req-926901 trace_id=trace-21073871 user_id=user-3624 status_code=200 latency_ms=108 message="Scheduled job completed"
2026-09-20 09:02:51 INFO scheduler-service Scheduled job started
2026-09-20 09:02:52 INFO api-gateway Health check OK
2026-09-20 09:02:53 level=INFO service=order-service component=order-service request_id=req-601823 trace_id=trace-95978451 user_id=user-4453 status_code=200 latency_ms=294 message="Order created"
2026-09-20 09:02:54 INFO redis-service Cache set
2026-09-20 09:02:55 level=INFO service=api-gateway component=api-gateway request_id=req-351536 trace_id=trace-82885469 user_id=user-4248 status_code=200 latency_ms=225 message="Health check OK"
2026-09-20 09:02:56 INFO notification-service SMS delivered
2026-09-20 09:02:57 INFO monitoring-service Health probe OK
2026-09-20 09:02:58 INFO scheduler-service Scheduled job completed
2026-09-20 09:02:59 INFO search-service Query results returned
2026-09-20 09:03:00 INFO inventory-service Stock level checked
2026-09-20 09:03:01 INFO scheduler-service Scheduled job completed
2026-09-20 09:03:02 INFO inventory-service Stock level checked
2026-09-20 09:03:03 level=INFO service=search-service component=search-service request_id=req-709790 trace_id=trace-51824005 user_id=user-3558 status_code=200 latency_ms=176 message="Index refreshed"
2026-09-20 09:03:04 level=INFO service=redis-service component=redis-service request_id=req-519487 trace_id=trace-40813626 user_id=user-4995 status_code=200 latency_ms=229 message="Cache warmed"
2026-09-20 09:03:05 INFO order-service Order created
2026-09-20 09:03:06 INFO payment-service Payment request received
2026-09-20 09:03:07 INFO auth-service Session created
2026-09-20 09:03:08 INFO monitoring-service Health probe OK
2026-09-20 09:03:09 INFO payment-service Payment captured
2026-09-20 09:03:10 INFO notification-service Push notification sent
2026-09-20 09:03:11 INFO notification-service Email queued
2026-09-20 09:03:12 INFO notification-service SMS delivered
2026-09-20 09:03:13 INFO scheduler-service Cron tick processed
2026-09-20 09:03:14 INFO database-service Connection acquired from pool
2026-09-20 09:03:15 INFO user-service User created
2026-09-20 09:03:16 level=INFO service=notification-service component=notification-service request_id=req-799096 trace_id=trace-90610769 user_id=user-6328 status_code=200 latency_ms=169 message="SMS delivered"
2026-09-20 09:03:17 INFO notification-service Email queued
2026-09-20 09:03:18 INFO redis-service Cache set
2026-09-20 09:03:19 INFO search-service Index refreshed
2026-09-20 09:03:20 INFO api-gateway Incoming request accepted
2026-09-20 09:03:21 INFO scheduler-service Cron tick processed
2026-09-20 09:03:22 INFO payment-service Payment gateway responded 200
2026-09-20 09:03:23 INFO worker-service Job completed successfully
2026-09-20 09:03:24 INFO order-service Order status updated
2026-09-20 09:03:25 INFO scheduler-service Cron tick processed
2026-09-20 09:03:26 level=INFO service=inventory-service component=inventory-service request_id=req-773829 trace_id=trace-89914782 user_id=user-4665 status_code=200 latency_ms=161 message="Inventory released"
2026-09-20 09:03:27 WARNING database-service Transaction committed
2026-09-20 09:03:28 INFO worker-service Job picked up
2026-09-20 09:03:29 INFO user-service User profile fetched
2026-09-20 09:03:30 INFO scheduler-service Scheduled job completed
2026-09-20 09:03:31 INFO order-service Order shipped
2026-09-20 09:03:32 INFO database-service Index scan completed
2026-09-20 09:03:33 INFO database-service Query executed successfully
2026-09-20 09:03:34 INFO redis-service Cache hit
2026-09-20 09:03:35 INFO order-service Order created
2026-09-20 09:03:36 INFO auth-service Logout successful
2026-09-20 09:03:37 INFO worker-service Worker heartbeat OK
2026-09-20 09:03:38 INFO worker-service Job picked up
2026-09-20 09:03:39 INFO scheduler-service Cron tick processed
2026-09-20 09:03:40 level=INFO service=api-gateway component=api-gateway request_id=req-711283 trace_id=trace-88626341 user_id=user-5902 status_code=200 latency_ms=48 message="Rate limit check passed"
2026-09-20 09:03:41 INFO scheduler-service Cron tick processed
2026-09-20 09:03:42 INFO inventory-service Stock level checked
2026-09-20 09:03:43 level=INFO service=database-service component=database-service request_id=req-248751 trace_id=trace-69577715 user_id=user-6083 status_code=200 latency_ms=82 message="Index scan completed"
2026-09-20 09:03:44 INFO api-gateway Request routed successfully
2026-09-20 09:03:45 INFO auth-service Token refreshed
2026-09-20 09:03:46 INFO monitoring-service Alert evaluated: no action
2026-09-20 09:03:47 INFO user-service User profile fetched
2026-09-20 09:03:48 INFO api-gateway Rate limit check passed
2026-09-20 09:03:49 INFO order-service Order created
2026-09-20 09:03:50 DEBUG payment-service Payment captured
2026-09-20 09:03:51 INFO search-service Index refreshed
2026-09-20 09:03:52 INFO monitoring-service Metrics scraped
2026-09-20 09:03:53 INFO inventory-service Inventory released
2026-09-20 09:03:54 INFO scheduler-service Cron tick processed
2026-09-20 09:03:55 level=INFO service=auth-service component=auth-service request_id=req-155141 trace_id=trace-78717849 user_id=user-2168 status_code=200 latency_ms=186 message="Token issued"
2026-09-20 09:03:56 INFO api-gateway Incoming request accepted
2026-09-20 09:03:57 INFO api-gateway TLS handshake completed
2026-09-20 09:03:58 INFO scheduler-service Cron tick processed
2026-09-20 09:03:59 WARNING api-gateway Rate limit check passed
2026-09-20 09:04:00 INFO api-gateway Incoming request accepted
2026-09-20 09:04:01 level=INFO service=scheduler-service component=scheduler-service request_id=req-696104 trace_id=trace-77223069 user_id=user-5585 status_code=200 latency_ms=199 message="Scheduled job started"
2026-09-20 09:04:02 INFO monitoring-service Health probe OK
2026-09-20 09:04:03 INFO search-service Query results returned
2026-09-20 09:04:04 INFO notification-service SMS delivered
2026-09-20 09:04:05 level=INFO service=order-service component=order-service request_id=req-395401 trace_id=trace-86435122 user_id=user-7219 status_code=200 latency_ms=136 message="Order confirmed"
2026-09-20 09:04:06 level=INFO service=api-gateway component=api-gateway request_id=req-144405 trace_id=trace-62596701 user_id=user-3395 status_code=200 latency_ms=270 message="TLS handshake completed"
2026-09-20 09:04:07 level=INFO service=database-service component=database-service request_id=req-846617 trace_id=trace-38150814 user_id=user-7251 status_code=200 latency_ms=153 message="Transaction committed"
2026-09-20 09:04:08 INFO payment-service Payment gateway responded 200
2026-09-20 09:04:09 INFO redis-service Key expired normally
2026-09-20 09:04:10 INFO notification-service SMS delivered
2026-09-20 09:04:11 INFO database-service Transaction committed
2026-09-20 09:04:12 INFO api-gateway Request routed successfully
2026-09-20 09:04:13 INFO order-service Order shipped
2026-09-20 09:04:14 INFO search-service Search query executed
2026-09-20 09:04:15 INFO monitoring-service Alert evaluated: no action
2026-09-20 09:04:16 DEBUG scheduler-service Scheduled job completed
2026-09-20 09:04:17 INFO redis-service Cache warmed
2026-09-20 09:04:18 INFO monitoring-service Alert evaluated: no action
2026-09-20 09:04:19 INFO scheduler-service Cron tick processed
2026-09-20 09:04:20 level=INFO service=inventory-service component=inventory-service request_id=req-772594 trace_id=trace-62444214 user_id=user-2242 status_code=200 latency_ms=131 message="Inventory released"
2026-09-20 09:04:21 level=INFO service=search-service component=search-service request_id=req-359940 trace_id=trace-82712887 user_id=user-7505 status_code=200 latency_ms=26 message="Search query executed"
2026-09-20 09:04:22 INFO payment-service Refund processed successfully
2026-09-20 09:04:23 WARNING monitoring-service Metrics scraped
2026-09-20 09:04:24 INFO scheduler-service Scheduled job completed
2026-09-20 09:04:25 INFO database-service Query executed successfully
2026-09-20 09:04:26 INFO database-service Query executed successfully
2026-09-20 09:04:27 level=INFO service=inventory-service component=inventory-service request_id=req-522837 trace_id=trace-25602232 user_id=user-3401 status_code=200 latency_ms=160 message="Inventory released"
2026-09-20 09:04:28 INFO api-gateway Incoming request accepted
2026-09-20 09:04:29 INFO inventory-service Inventory reserved
2026-09-20 09:04:30 INFO scheduler-service Scheduled job started
2026-09-20 09:04:31 level=INFO service=scheduler-service component=scheduler-service request_id=req-934959 trace_id=trace-98539470 user_id=user-3302 status_code=200 latency_ms=88 message="Scheduled job started"
2026-09-20 09:04:32 INFO auth-service User authenticated successfully
2026-09-20 09:04:33 level=INFO service=monitoring-service component=monitoring-service request_id=req-954659 trace_id=trace-34962221 user_id=user-1502 status_code=200 latency_ms=296 message="Metrics scraped"
2026-09-20 09:04:34 INFO order-service Order status updated
2026-09-20 09:04:35 INFO scheduler-service Scheduled job completed
2026-09-20 09:04:36 level=INFO service=monitoring-service component=monitoring-service request_id=req-974003 trace_id=trace-86353346 user_id=user-4567 status_code=200 latency_ms=244 message="Metrics scraped"
2026-09-20 09:04:37 INFO scheduler-service Scheduled job completed
2026-09-20 09:04:38 level=INFO service=inventory-service component=inventory-service request_id=req-718299 trace_id=trace-93350593 user_id=user-3126 status_code=200 latency_ms=81 message="Stock level checked"
2026-09-20 09:04:39 level=INFO service=search-service component=search-service request_id=req-565504 trace_id=trace-11944383 user_id=user-5682 status_code=200 latency_ms=122 message="Search query executed"
2026-09-20 09:04:40 INFO inventory-service Inventory reserved
2026-09-20 09:04:41 level=INFO service=worker-service component=worker-service request_id=req-840192 trace_id=trace-49822568 user_id=user-2282 status_code=200 latency_ms=256 message="Job completed successfully"
2026-09-20 09:04:42 level=WARNING service=payment-service component=payment-service request_id=req-305837 trace_id=trace-65228664 user_id=user-7922 status_code=200 latency_ms=83 message="Payment gateway responded 200"
2026-09-20 09:04:43 INFO scheduler-service Scheduled job started
2026-09-20 09:04:44 level=INFO service=auth-service component=auth-service request_id=req-675475 trace_id=trace-11863839 user_id=user-1315 status_code=200 latency_ms=137 message="Logout successful"
2026-09-20 09:04:45 INFO scheduler-service Scheduled job started
2026-09-20 09:04:46 INFO user-service Profile cache warmed
2026-09-20 09:04:47 level=INFO service=user-service component=user-service request_id=req-397644 trace_id=trace-76967429 user_id=user-7783 status_code=200 latency_ms=46 message="Profile cache warmed"
2026-09-20 09:04:48 INFO payment-service Payment captured
2026-09-20 09:04:49 INFO notification-service SMS delivered
2026-09-20 09:04:50 INFO redis-service Cache hit
2026-09-20 09:04:51 INFO api-gateway Response sent
2026-09-20 09:04:52 level=INFO service=worker-service component=worker-service request_id=req-166577 trace_id=trace-93272140 user_id=user-9035 status_code=200 latency_ms=135 message="Worker heartbeat OK"
2026-09-20 09:04:53 INFO scheduler-service Cron tick processed
2026-09-20 09:04:54 INFO inventory-service Inventory released
2026-09-20 09:04:55 level=INFO service=user-service component=user-service request_id=req-812912 trace_id=trace-85100644 user_id=user-9484 status_code=200 latency_ms=34 message="User preferences updated"
2026-09-20 09:04:56 INFO scheduler-service Scheduled job started
2026-09-20 09:04:57 INFO user-service User preferences updated
2026-09-20 09:04:58 INFO worker-service Job completed successfully
2026-09-20 09:04:59 INFO scheduler-service Scheduled job started
2026-09-20 09:05:00 INFO payment-service Payment captured
2026-09-20 09:05:01 level=INFO service=api-gateway component=api-gateway request_id=req-362533 trace_id=trace-30330039 user_id=user-6558 status_code=200 latency_ms=152 message="Response sent"
2026-09-20 09:05:02 INFO user-service User preferences updated
2026-09-20 09:05:03 INFO monitoring-service Health probe OK
2026-09-20 09:05:04 level=INFO service=redis-service component=redis-service request_id=req-712114 trace_id=trace-27527526 user_id=user-9304 status_code=200 latency_ms=125 message="Cache warmed"
2026-09-20 09:05:05 level=INFO service=worker-service component=worker-service request_id=req-492360 trace_id=trace-68944755 user_id=user-2122 status_code=200 latency_ms=48 message="Job picked up"
2026-09-20 09:05:06 INFO search-service Search query executed
2026-09-20 09:05:07 INFO user-service Profile cache warmed
2026-09-20 09:05:08 INFO scheduler-service Scheduled job started
2026-09-20 09:05:09 DEBUG payment-service Payment authorized
2026-09-20 09:05:10 INFO order-service Order created
2026-09-20 09:05:11 level=INFO service=worker-service component=worker-service request_id=req-899624 trace_id=trace-31161881 user_id=user-7943 status_code=200 latency_ms=207 message="Job picked up"
2026-09-20 09:05:12 INFO redis-service Cache hit
2026-09-20 09:05:13 INFO database-service Index scan completed
2026-09-20 09:05:14 INFO worker-service Worker heartbeat OK
2026-09-20 09:05:15 INFO scheduler-service Scheduled job completed
2026-09-20 09:05:16 level=INFO service=database-service component=database-service request_id=req-416027 trace_id=trace-32836043 user_id=user-9067 status_code=200 latency_ms=25 message="Index scan completed"
2026-09-20 09:05:17 INFO inventory-service Inventory released
2026-09-20 09:05:18 INFO api-gateway TLS handshake completed
2026-09-20 09:05:19 INFO order-service Order created
2026-09-20 09:05:20 INFO auth-service Logout successful
2026-09-20 09:05:21 level=DEBUG service=user-service component=user-service request_id=req-533659 trace_id=trace-84831723 user_id=user-3638 status_code=200 latency_ms=260 message="User created"
2026-09-20 09:05:22 INFO inventory-service Inventory reserved
2026-09-20 09:05:23 level=INFO service=monitoring-service component=monitoring-service request_id=req-425054 trace_id=trace-91723080 user_id=user-7824 status_code=200 latency_ms=36 message="Alert evaluated: no action"
2026-09-20 09:05:24 INFO api-gateway Rate limit check passed
2026-09-20 09:05:25 INFO api-gateway Request routed successfully
2026-09-20 09:05:26 INFO worker-service Worker heartbeat OK
2026-09-20 09:05:27 INFO payment-service Payment request received
2026-09-20 09:05:28 INFO auth-service Token refreshed
2026-09-20 09:05:29 INFO api-gateway Incoming request accepted
2026-09-20 09:05:30 INFO database-service Connection acquired from pool
2026-09-20 09:05:31 INFO auth-service Logout successful
2026-09-20 09:05:32 INFO order-service Order confirmed
2026-09-20 09:05:33 INFO inventory-service Stock level checked
2026-09-20 09:05:34 level=INFO service=worker-service component=worker-service request_id=req-115807 trace_id=trace-13770978 user_id=user-3325 status_code=200 latency_ms=259 message="Job picked up"
2026-09-20 09:05:35 INFO user-service User created
2026-09-20 09:05:36 INFO user-service User profile fetched
2026-09-20 09:05:37 INFO database-service Query executed successfully
2026-09-20 09:05:38 INFO monitoring-service Metrics scraped
2026-09-20 09:05:39 INFO redis-service Cache warmed
2026-09-20 09:05:40 INFO order-service Order created
2026-09-20 09:05:41 INFO inventory-service Stock level checked
2026-09-20 09:05:42 INFO order-service Order created
2026-09-20 09:05:43 level=INFO service=worker-service component=worker-service request_id=req-964737 trace_id=trace-56434542 user_id=user-6167 status_code=200 latency_ms=172 message="Worker heartbeat OK"
2026-09-20 09:05:44 INFO database-service Index scan completed
2026-09-20 09:05:45 level=INFO service=scheduler-service component=scheduler-service request_id=req-327530 trace_id=trace-15918491 user_id=user-6552 status_code=200 latency_ms=23 message="Scheduled job started"
2026-09-20 09:05:46 INFO redis-service Cache hit
2026-09-20 09:05:47 WARNING redis-service Cache set
2026-09-20 09:05:48 INFO notification-service Email queued
2026-09-20 09:05:49 INFO redis-service Key expired normally
2026-09-20 09:05:50 INFO search-service Index refreshed
2026-09-20 09:05:51 level=INFO service=database-service component=database-service request_id=req-953891 trace_id=trace-92531374 user_id=user-4353 status_code=200 latency_ms=105 message="Connection acquired from pool"
2026-09-20 09:05:52 INFO scheduler-service Cron tick processed
2026-09-20 09:05:53 INFO inventory-service Inventory released
2026-09-20 09:05:54 INFO worker-service Job picked up
2026-09-20 09:05:55 INFO api-gateway Request routed successfully
2026-09-20 09:05:56 INFO redis-service Cache warmed
2026-09-20 09:05:57 level=INFO service=worker-service component=worker-service request_id=req-168491 trace_id=trace-38501425 user_id=user-4017 status_code=200 latency_ms=204 message="Worker heartbeat OK"
2026-09-20 09:05:58 INFO monitoring-service Health probe OK
2026-09-20 09:05:59 INFO redis-service Key expired normally
2026-09-20 09:06:00 level=INFO service=search-service component=search-service request_id=req-146751 trace_id=trace-25346198 user_id=user-5347 status_code=200 latency_ms=100 message="Index refreshed"
2026-09-20 09:06:01 INFO api-gateway Response sent
2026-09-20 09:06:02 INFO user-service User profile fetched
2026-09-20 09:06:03 INFO database-service Index scan completed
2026-09-20 09:06:04 INFO payment-service Payment gateway responded 200
2026-09-20 09:06:05 INFO scheduler-service Scheduled job started
2026-09-20 09:06:06 INFO database-service Transaction committed
2026-09-20 09:06:07 level=INFO service=scheduler-service component=scheduler-service request_id=req-476859 trace_id=trace-39736273 user_id=user-4949 status_code=200 latency_ms=203 message="Scheduled job started"
2026-09-20 09:06:08 level=INFO service=search-service component=search-service request_id=req-443247 trace_id=trace-27619120 user_id=user-9950 status_code=200 latency_ms=268 message="Index refreshed"
2026-09-20 09:06:09 INFO notification-service Email queued
2026-09-20 09:06:10 INFO auth-service User authenticated successfully
2026-09-20 09:06:11 level=INFO service=worker-service component=worker-service request_id=req-618010 trace_id=trace-54844252 user_id=user-9842 status_code=200 latency_ms=116 message="Job picked up"
2026-09-20 09:06:12 level=INFO service=payment-service component=payment-service request_id=req-294030 trace_id=trace-29512727 user_id=user-8748 status_code=200 latency_ms=38 message="Payment captured"
2026-09-20 09:06:13 INFO scheduler-service Cron tick processed
2026-09-20 09:06:14 INFO database-service Index scan completed
2026-09-20 09:06:15 INFO redis-service Cache set
2026-09-20 09:06:16 INFO inventory-service Inventory released
2026-09-20 09:06:17 INFO api-gateway Health check OK
2026-09-20 09:06:18 INFO order-service Order shipped
2026-09-20 09:06:19 level=INFO service=redis-service component=redis-service request_id=req-843934 trace_id=trace-47371056 user_id=user-5676 status_code=200 latency_ms=134 message="Key expired normally"
2026-09-20 09:06:20 INFO database-service Connection acquired from pool
2026-09-20 09:06:21 INFO search-service Query results returned
2026-09-20 09:06:22 level=INFO service=search-service component=search-service request_id=req-968948 trace_id=trace-20806899 user_id=user-7010 status_code=200 latency_ms=203 message="Search query executed"
2026-09-20 09:06:23 INFO scheduler-service Scheduled job started
2026-09-20 09:06:24 INFO inventory-service Stock level checked
2026-09-20 09:06:25 DEBUG user-service User preferences updated
2026-09-20 09:06:26 INFO order-service Order shipped
2026-09-20 09:06:27 INFO redis-service Cache set
2026-09-20 09:06:28 level=INFO service=redis-service component=redis-service request_id=req-316289 trace_id=trace-24951020 user_id=user-5311 status_code=200 latency_ms=267 message="Key expired normally"
2026-09-20 09:06:29 INFO worker-service Job picked up
2026-09-20 09:06:30 WARNING user-service User profile fetched
2026-09-20 09:06:31 level=INFO service=monitoring-service component=monitoring-service request_id=req-173642 trace_id=trace-25591074 user_id=user-5909 status_code=200 latency_ms=61 message="Metrics scraped"
2026-09-20 09:06:32 INFO api-gateway Rate limit check passed
2026-09-20 09:06:33 level=INFO service=database-service component=database-service request_id=req-325401 trace_id=trace-43869869 user_id=user-9289 status_code=200 latency_ms=228 message="Index scan completed"
2026-09-20 09:06:34 level=INFO service=order-service component=order-service request_id=req-449788 trace_id=trace-38625278 user_id=user-5934 status_code=200 latency_ms=45 message="Order shipped"
2026-09-20 09:06:35 INFO order-service Order status updated
2026-09-20 09:06:36 level=DEBUG service=inventory-service component=inventory-service request_id=req-681544 trace_id=trace-29526892 user_id=user-9654 status_code=200 latency_ms=132 message="Inventory released"
2026-09-20 09:06:37 INFO worker-service Job picked up
2026-09-20 09:06:38 INFO payment-service Refund processed successfully
2026-09-20 09:06:39 INFO search-service Query results returned
2026-09-20 09:06:40 DEBUG monitoring-service Metrics scraped
2026-09-20 09:06:41 INFO auth-service User authenticated successfully
2026-09-20 09:06:42 level=INFO service=user-service component=user-service request_id=req-555912 trace_id=trace-79761877 user_id=user-7784 status_code=200 latency_ms=171 message="User created"
2026-09-20 09:06:43 level=INFO service=user-service component=user-service request_id=req-274930 trace_id=trace-36763899 user_id=user-9606 status_code=200 latency_ms=122 message="Profile cache warmed"
2026-09-20 09:06:44 INFO user-service User preferences updated
2026-09-20 09:06:45 INFO order-service Order confirmed
2026-09-20 09:06:46 level=INFO service=auth-service component=auth-service request_id=req-469694 trace_id=trace-56017101 user_id=user-6303 status_code=200 latency_ms=209 message="Token refreshed"
2026-09-20 09:06:47 INFO search-service Index refreshed
2026-09-20 09:06:48 INFO api-gateway TLS handshake completed
2026-09-20 09:06:49 DEBUG payment-service Payment request received
2026-09-20 09:06:50 INFO worker-service Worker heartbeat OK
2026-09-20 09:06:51 INFO inventory-service Stock level checked
2026-09-20 09:06:52 level=INFO service=worker-service component=worker-service request_id=req-611783 trace_id=trace-95331468 user_id=user-5367 status_code=200 latency_ms=130 message="Worker heartbeat OK"
2026-09-20 09:06:53 DEBUG search-service Query results returned
2026-09-20 09:06:54 INFO order-service Order created
2026-09-20 09:06:55 INFO worker-service Job picked up
2026-09-20 09:06:56 INFO auth-service User authenticated successfully
2026-09-20 09:06:57 level=INFO service=payment-service component=payment-service request_id=req-468151 trace_id=trace-44981588 user_id=user-8173 status_code=200 latency_ms=125 message="Refund processed successfully"
2026-09-20 09:06:58 INFO user-service User preferences updated
2026-09-20 09:06:59 INFO auth-service Token refreshed
2026-09-20 09:07:00 INFO monitoring-service Alert evaluated: no action
2026-09-20 09:07:01 INFO order-service Order created
2026-09-20 09:07:02 INFO payment-service Payment captured
2026-09-20 09:07:03 INFO database-service Query executed successfully
2026-09-20 09:07:04 INFO order-service Order confirmed
2026-09-20 09:07:05 INFO worker-service Job picked up
2026-09-20 09:07:06 INFO notification-service Email queued
2026-09-20 09:07:07 INFO inventory-service Inventory released
2026-09-20 09:07:08 DEBUG search-service Search query executed
2026-09-20 09:07:09 INFO database-service Index scan completed
2026-09-20 09:07:10 INFO notification-service SMS delivered
2026-09-20 09:07:11 level=INFO service=search-service component=search-service request_id=req-299556 trace_id=trace-40456548 user_id=user-8783 status_code=200 latency_ms=234 message="Index refreshed"
2026-09-20 09:07:12 INFO scheduler-service Scheduled job completed
2026-09-20 09:07:13 INFO monitoring-service Metrics scraped
2026-09-20 09:07:14 level=INFO service=auth-service component=auth-service request_id=req-162962 trace_id=trace-97088896 user_id=user-1950 status_code=200 latency_ms=270 message="Session created"
2026-09-20 09:07:15 level=WARNING service=search-service component=search-service request_id=req-369821 trace_id=trace-33047039 user_id=user-9835 status_code=200 latency_ms=25 message="Query results returned"
2026-09-20 09:07:16 level=INFO service=notification-service component=notification-service request_id=req-523198 trace_id=trace-58180764 user_id=user-6239 status_code=200 latency_ms=105 message="Email queued"
2026-09-20 09:07:17 INFO database-service Transaction committed
2026-09-20 09:07:18 INFO search-service Index refreshed
2026-09-20 09:07:19 INFO inventory-service Stock level checked
2026-09-20 09:07:20 level=INFO service=redis-service component=redis-service request_id=req-720921 trace_id=trace-71215899 user_id=user-5576 status_code=200 latency_ms=274 message="Cache hit"
2026-09-20 09:07:21 DEBUG monitoring-service Metrics scraped
2026-09-20 09:07:22 INFO worker-service Job completed successfully
2026-09-20 09:07:23 INFO search-service Query results returned
2026-09-20 09:07:24 INFO database-service Connection acquired from pool
2026-09-20 09:07:25 INFO search-service Index refreshed
2026-09-20 09:07:26 INFO auth-service Token refreshed
2026-09-20 09:07:27 INFO scheduler-service Scheduled job started
2026-09-20 09:07:28 INFO database-service Connection acquired from pool
2026-09-20 09:07:29 level=INFO service=scheduler-service component=scheduler-service request_id=req-711573 trace_id=trace-22381853 user_id=user-7756 status_code=200 latency_ms=48 message="Scheduled job started"
2026-09-20 09:07:30 INFO notification-service Email queued
2026-09-20 09:07:31 INFO payment-service Refund processed successfully
2026-09-20 09:07:32 WARNING database-service Transaction committed
2026-09-20 09:07:33 INFO order-service Order status updated
2026-09-20 09:07:34 level=INFO service=api-gateway component=api-gateway request_id=req-563912 trace_id=trace-61983909 user_id=user-8477 status_code=200 latency_ms=129 message="Rate limit check passed"
2026-09-20 09:07:35 level=INFO service=search-service component=search-service request_id=req-257672 trace_id=trace-46671945 user_id=user-5008 status_code=200 latency_ms=219 message="Index refreshed"
2026-09-20 09:07:36 INFO search-service Search query executed
2026-09-20 09:07:37 DEBUG user-service Profile cache warmed
2026-09-20 09:07:38 INFO auth-service Token issued
2026-09-20 09:07:39 INFO scheduler-service Scheduled job started
2026-09-20 09:07:40 INFO database-service Transaction committed
2026-09-20 09:07:41 level=INFO service=user-service component=user-service request_id=req-681039 trace_id=trace-23890868 user_id=user-7292 status_code=200 latency_ms=247 message="User profile fetched"
2026-09-20 09:07:42 INFO auth-service Logout successful
2026-09-20 09:07:43 INFO database-service Query executed successfully
2026-09-20 09:07:44 INFO inventory-service Inventory released
2026-09-20 09:07:45 INFO user-service Profile cache warmed
2026-09-20 09:07:46 WARNING monitoring-service Metrics scraped
2026-09-20 09:07:47 INFO database-service Transaction committed
2026-09-20 09:07:48 level=INFO service=worker-service component=worker-service request_id=req-994386 trace_id=trace-96899418 user_id=user-7531 status_code=200 latency_ms=134 message="Worker heartbeat OK"
2026-09-20 09:07:49 level=WARNING service=monitoring-service component=monitoring-service request_id=req-261668 trace_id=trace-91811609 user_id=user-1664 status_code=200 latency_ms=225 message="Alert evaluated: no action"
2026-09-20 09:07:50 INFO redis-service Cache set
2026-09-20 09:07:51 level=WARNING service=redis-service component=redis-service request_id=req-867934 trace_id=trace-75757033 user_id=user-8420 status_code=200 latency_ms=233 message="Cache warmed"
2026-09-20 09:07:52 INFO notification-service Push notification sent
2026-09-20 09:07:53 INFO inventory-service Stock level checked
2026-09-20 09:07:54 INFO api-gateway Incoming request accepted
2026-09-20 09:07:55 INFO api-gateway TLS handshake completed
2026-09-20 09:07:56 level=INFO service=payment-service component=payment-service request_id=req-701576 trace_id=trace-16829757 user_id=user-2601 status_code=200 latency_ms=271 message="Payment gateway responded 200"
2026-09-20 09:07:57 INFO payment-service Payment authorized
2026-09-20 09:07:58 INFO worker-service Worker heartbeat OK
2026-09-20 09:07:59 WARNING api-gateway Incoming request accepted
2026-09-20 09:08:00 INFO search-service Query results returned
2026-09-20 09:08:01 level=INFO service=worker-service component=worker-service request_id=req-840518 trace_id=trace-19210473 user_id=user-7786 status_code=200 latency_ms=227 message="Worker heartbeat OK"
2026-09-20 09:08:02 INFO notification-service Email queued
2026-09-20 09:08:03 level=INFO service=api-gateway component=api-gateway request_id=req-288257 trace_id=trace-50385722 user_id=user-5819 status_code=200 latency_ms=102 message="Response sent"
2026-09-20 09:08:04 INFO notification-service SMS delivered
2026-09-20 09:08:05 INFO payment-service Payment captured
2026-09-20 09:08:06 INFO notification-service Email queued
2026-09-20 09:08:07 WARNING inventory-service Stock level checked
2026-09-20 09:08:08 level=INFO service=user-service component=user-service request_id=req-307319 trace_id=trace-80067498 user_id=user-5342 status_code=200 latency_ms=104 message="User preferences updated"
2026-09-20 09:08:09 level=INFO service=api-gateway component=api-gateway request_id=req-727876 trace_id=trace-20426578 user_id=user-8457 status_code=200 latency_ms=217 message="TLS handshake completed"
2026-09-20 09:08:10 INFO notification-service SMS delivered
2026-09-20 09:08:11 level=INFO service=database-service component=database-service request_id=req-978865 trace_id=trace-52292266 user_id=user-5290 status_code=200 latency_ms=122 message="Transaction committed"
2026-09-20 09:08:12 INFO api-gateway TLS handshake completed
2026-09-20 09:08:13 DEBUG database-service Transaction committed
2026-09-20 09:08:14 level=DEBUG service=auth-service component=auth-service request_id=req-989288 trace_id=trace-62130911 user_id=user-6363 status_code=200 latency_ms=152 message="Logout successful"
2026-09-20 09:08:15 INFO monitoring-service Health probe OK
2026-09-20 09:08:16 level=INFO service=search-service component=search-service request_id=req-835743 trace_id=trace-67635088 user_id=user-7713 status_code=200 latency_ms=54 message="Index refreshed"
2026-09-20 09:08:17 DEBUG redis-service Cache set
2026-09-20 09:08:18 level=INFO service=payment-service component=payment-service request_id=req-569656 trace_id=trace-86380018 user_id=user-8717 status_code=200 latency_ms=55 message="Payment request received"
2026-09-20 09:08:19 level=INFO service=database-service component=database-service request_id=req-114392 trace_id=trace-13340842 user_id=user-5095 status_code=200 latency_ms=96 message="Query executed successfully"
2026-09-20 09:08:20 INFO scheduler-service Scheduled job completed
2026-09-20 09:08:21 level=INFO service=user-service component=user-service request_id=req-289453 trace_id=trace-28926039 user_id=user-1485 status_code=200 latency_ms=178 message="User preferences updated"
2026-09-20 09:08:22 INFO search-service Search query executed
2026-09-20 09:08:23 level=INFO service=inventory-service component=inventory-service request_id=req-255052 trace_id=trace-13112261 user_id=user-3774 status_code=200 latency_ms=70 message="Inventory reserved"
2026-09-20 09:08:24 INFO inventory-service Inventory released
2026-09-20 09:08:25 INFO search-service Search query executed
2026-09-20 09:08:26 INFO search-service Index refreshed
2026-09-20 09:08:27 level=INFO service=auth-service component=auth-service request_id=req-435018 trace_id=trace-65796963 user_id=user-4609 status_code=200 latency_ms=214 message="Token refreshed"
2026-09-20 09:08:28 INFO notification-service SMS delivered
2026-09-20 09:08:29 INFO api-gateway TLS handshake completed
2026-09-20 09:08:30 INFO notification-service SMS delivered
2026-09-20 09:08:31 level=INFO service=inventory-service component=inventory-service request_id=req-846217 trace_id=trace-23331723 user_id=user-5698 status_code=200 latency_ms=113 message="Inventory reserved"
2026-09-20 09:08:32 INFO scheduler-service Scheduled job started
2026-09-20 09:08:33 INFO order-service Order confirmed
2026-09-20 09:08:34 INFO inventory-service Inventory released
2026-09-20 09:08:35 DEBUG database-service Query executed successfully
2026-09-20 09:08:36 level=INFO service=search-service component=search-service request_id=req-333864 trace_id=trace-73405851 user_id=user-2170 status_code=200 latency_ms=80 message="Query results returned"
2026-09-20 09:08:37 level=INFO service=api-gateway component=api-gateway request_id=req-788771 trace_id=trace-24031288 user_id=user-4662 status_code=200 latency_ms=64 message="Response sent"
2026-09-20 09:08:38 INFO worker-service Job completed successfully
2026-09-20 09:08:39 INFO search-service Index refreshed
2026-09-20 09:08:40 INFO redis-service Key expired normally
2026-09-20 09:08:41 level=INFO service=api-gateway component=api-gateway request_id=req-934677 trace_id=trace-74954076 user_id=user-1609 status_code=200 latency_ms=250 message="Request routed successfully"
2026-09-20 09:08:42 INFO inventory-service Inventory released
2026-09-20 09:08:43 level=INFO service=database-service component=database-service request_id=req-289278 trace_id=trace-87509575 user_id=user-8397 status_code=200 latency_ms=143 message="Transaction committed"
2026-09-20 09:08:44 WARNING worker-service Job picked up
2026-09-20 09:08:45 level=INFO service=database-service component=database-service request_id=req-103365 trace_id=trace-14097358 user_id=user-5141 status_code=200 latency_ms=278 message="Index scan completed"
2026-09-20 09:08:46 level=INFO service=payment-service component=payment-service request_id=req-864235 trace_id=trace-96574372 user_id=user-6118 status_code=200 latency_ms=228 message="Payment authorized"
2026-09-20 09:08:47 INFO worker-service Job picked up
2026-09-20 09:08:48 INFO monitoring-service Metrics scraped
2026-09-20 09:08:49 DEBUG api-gateway TLS handshake completed
2026-09-20 09:08:50 WARNING redis-service Key expired normally
2026-09-20 09:08:51 INFO auth-service Token issued
2026-09-20 09:08:52 INFO order-service Order created
2026-09-20 09:08:53 level=INFO service=order-service component=order-service request_id=req-559233 trace_id=trace-96538471 user_id=user-5631 status_code=200 latency_ms=160 message="Order created"
2026-09-20 09:08:54 level=INFO service=notification-service component=notification-service request_id=req-188696 trace_id=trace-94298156 user_id=user-5101 status_code=200 latency_ms=177 message="Push notification sent"
2026-09-20 09:08:55 level=INFO service=payment-service component=payment-service request_id=req-190381 trace_id=trace-33827142 user_id=user-5584 status_code=200 latency_ms=112 message="Refund processed successfully"
2026-09-20 09:08:56 INFO user-service Profile cache warmed
2026-09-20 09:08:57 INFO auth-service Session created
2026-09-20 09:08:58 INFO scheduler-service Scheduled job started
2026-09-20 09:08:59 INFO api-gateway TLS handshake completed
2026-09-20 09:09:00 DEBUG scheduler-service Scheduled job completed
2026-09-20 09:09:01 WARNING redis-service Cache hit
2026-09-20 09:09:02 level=INFO service=auth-service component=auth-service request_id=req-949357 trace_id=trace-54253684 user_id=user-5304 status_code=200 latency_ms=266 message="Token refreshed"
2026-09-20 09:09:03 INFO payment-service Payment authorized
2026-09-20 09:09:04 INFO scheduler-service Cron tick processed
2026-09-20 09:09:05 INFO monitoring-service Health probe OK
2026-09-20 09:09:06 level=INFO service=redis-service component=redis-service request_id=req-311956 trace_id=trace-16016425 user_id=user-3484 status_code=200 latency_ms=273 message="Cache set"
2026-09-20 09:09:07 level=INFO service=auth-service component=auth-service request_id=req-132015 trace_id=trace-43962195 user_id=user-6274 status_code=200 latency_ms=252 message="Token issued"
2026-09-20 09:09:08 INFO monitoring-service Metrics scraped
2026-09-20 09:09:09 INFO redis-service Cache hit
2026-09-20 09:09:10 INFO search-service Search query executed
2026-09-20 09:09:11 INFO redis-service Key expired normally
2026-09-20 09:09:12 INFO auth-service User authenticated successfully
2026-09-20 09:09:13 INFO worker-service Job picked up
2026-09-20 09:09:14 INFO inventory-service Inventory reserved
2026-09-20 09:09:15 INFO scheduler-service Scheduled job completed
2026-09-20 09:09:16 INFO api-gateway Health check OK
2026-09-20 09:09:17 INFO notification-service SMS delivered
2026-09-20 09:09:18 INFO redis-service Cache warmed
2026-09-20 09:09:19 level=INFO service=inventory-service component=inventory-service request_id=req-981093 trace_id=trace-17429231 user_id=user-7688 status_code=200 latency_ms=286 message="Inventory released"
2026-09-20 09:09:20 INFO search-service Index refreshed
2026-09-20 09:09:21 level=INFO service=monitoring-service component=monitoring-service request_id=req-322347 trace_id=trace-20614454 user_id=user-7516 status_code=200 latency_ms=184 message="Metrics scraped"
2026-09-20 09:09:22 INFO payment-service Refund processed successfully
2026-09-20 09:09:23 INFO redis-service Cache warmed
2026-09-20 09:09:24 INFO user-service User profile fetched
2026-09-20 09:09:25 INFO auth-service Logout successful
2026-09-20 09:09:26 level=INFO service=redis-service component=redis-service request_id=req-677719 trace_id=trace-94534851 user_id=user-6316 status_code=200 latency_ms=123 message="Key expired normally"
2026-09-20 09:09:27 INFO worker-service Job completed successfully
2026-09-20 09:09:28 INFO inventory-service Inventory reserved
2026-09-20 09:09:29 DEBUG inventory-service Inventory released
2026-09-20 09:09:30 INFO order-service Order shipped
2026-09-20 09:09:31 INFO worker-service Job picked up
2026-09-20 09:09:32 INFO api-gateway Response sent
2026-09-20 09:09:33 INFO database-service Transaction committed
2026-09-20 09:09:34 INFO redis-service Key expired normally
2026-09-20 09:09:35 INFO api-gateway Health check OK
2026-09-20 09:09:36 INFO search-service Search query executed
2026-09-20 09:09:37 INFO inventory-service Stock level checked
2026-09-20 09:09:38 INFO worker-service Worker heartbeat OK
2026-09-20 09:09:39 DEBUG search-service Search query executed
2026-09-20 09:09:40 level=INFO service=database-service component=database-service request_id=req-194805 trace_id=trace-54254027 user_id=user-4765 status_code=200 latency_ms=272 message="Connection acquired from pool"
2026-09-20 09:09:41 level=INFO service=api-gateway component=api-gateway request_id=req-506198 trace_id=trace-72402632 user_id=user-8353 status_code=200 latency_ms=118 message="Response sent"
2026-09-20 09:09:42 INFO api-gateway Response sent
2026-09-20 09:09:43 INFO auth-service Logout successful
2026-09-20 09:09:44 INFO scheduler-service Cron tick processed
2026-09-20 09:09:45 level=INFO service=worker-service component=worker-service request_id=req-360659 trace_id=trace-28777357 user_id=user-6857 status_code=200 latency_ms=127 message="Job picked up"
2026-09-20 09:09:46 INFO redis-service Key expired normally
2026-09-20 09:09:47 WARNING monitoring-service Metrics scraped
2026-09-20 09:09:48 INFO payment-service Refund processed successfully
2026-09-20 09:09:49 level=INFO service=auth-service component=auth-service request_id=req-415707 trace_id=trace-97425792 user_id=user-5449 status_code=200 latency_ms=181 message="User authenticated successfully"
2026-09-20 09:09:50 level=INFO service=order-service component=order-service request_id=req-893223 trace_id=trace-64712081 user_id=user-2199 status_code=200 latency_ms=167 message="Order shipped"
2026-09-20 09:09:51 INFO api-gateway Request routed successfully
2026-09-20 09:09:52 INFO redis-service Cache hit
2026-09-20 09:09:53 INFO user-service Profile cache warmed
2026-09-20 09:09:54 INFO scheduler-service Scheduled job started
2026-09-20 09:09:55 INFO worker-service Job picked up
2026-09-20 09:09:56 level=INFO service=worker-service component=worker-service request_id=req-617384 trace_id=trace-33077059 user_id=user-1934 status_code=200 latency_ms=112 message="Job completed successfully"
2026-09-20 09:09:57 DEBUG order-service Order confirmed
2026-09-20 09:09:58 INFO monitoring-service Health probe OK
2026-09-20 09:09:59 INFO api-gateway Request routed successfully
2026-09-20 09:10:00 WARNING inventory-service Inventory released
2026-09-20 09:10:01 level=INFO service=user-service component=user-service request_id=req-387199 trace_id=trace-55246974 user_id=user-6974 status_code=200 latency_ms=50 message="User created"
2026-09-20 09:10:02 level=INFO service=api-gateway component=api-gateway request_id=req-186946 trace_id=trace-31402848 user_id=user-9665 status_code=200 latency_ms=137 message="Response sent"
2026-09-20 09:10:03 INFO notification-service Push notification sent
2026-09-20 09:10:04 INFO database-service Transaction committed
2026-09-20 09:10:05 WARNING search-service Query results returned
2026-09-20 09:10:06 INFO user-service User preferences updated
2026-09-20 09:10:07 DEBUG auth-service Token refreshed
2026-09-20 09:10:08 level=INFO service=payment-service component=payment-service request_id=req-821206 trace_id=trace-80482215 user_id=user-8735 status_code=200 latency_ms=15 message="Payment captured"
2026-09-20 09:10:09 INFO api-gateway Rate limit check passed
2026-09-20 09:10:10 INFO redis-service Cache hit
2026-09-20 09:10:11 INFO scheduler-service Cron tick processed
2026-09-20 09:10:12 INFO search-service Index refreshed
2026-09-20 09:10:13 INFO monitoring-service Health probe OK
2026-09-20 09:10:14 INFO monitoring-service Metrics scraped
2026-09-20 09:10:15 INFO api-gateway Response sent
2026-09-20 09:10:16 INFO user-service User created
2026-09-20 09:10:17 INFO search-service Query results returned
2026-09-20 09:10:18 INFO worker-service Worker heartbeat OK
2026-09-20 09:10:19 INFO worker-service Job picked up
2026-09-20 09:10:20 INFO user-service User created
2026-09-20 09:10:21 INFO search-service Search query executed
2026-09-20 09:10:22 level=INFO service=worker-service component=worker-service request_id=req-512540 trace_id=trace-19652767 user_id=user-9470 status_code=200 latency_ms=17 message="Job picked up"
2026-09-20 09:10:23 INFO notification-service SMS delivered
2026-09-20 09:10:24 INFO api-gateway Response sent
2026-09-20 09:10:25 INFO auth-service Token refreshed
2026-09-20 09:10:26 INFO api-gateway TLS handshake completed
2026-09-20 09:10:27 level=INFO service=search-service component=search-service request_id=req-997589 trace_id=trace-67644577 user_id=user-2552 status_code=200 latency_ms=57 message="Query results returned"
2026-09-20 09:10:28 INFO user-service User preferences updated
2026-09-20 09:10:29 level=INFO service=redis-service component=redis-service request_id=req-687601 trace_id=trace-16313996 user_id=user-4037 status_code=200 latency_ms=188 message="Cache hit"
2026-09-20 09:10:30 level=INFO service=inventory-service component=inventory-service request_id=req-383285 trace_id=trace-73797115 user_id=user-8140 status_code=200 latency_ms=241 message="Stock level checked"
2026-09-20 09:10:31 level=INFO service=api-gateway component=api-gateway request_id=req-379286 trace_id=trace-24570116 user_id=user-5728 status_code=200 latency_ms=90 message="Rate limit check passed"
2026-09-20 09:10:32 INFO auth-service Session created
2026-09-20 09:10:33 level=INFO service=auth-service component=auth-service request_id=req-411317 trace_id=trace-43054609 user_id=user-1436 status_code=200 latency_ms=221 message="Session created"
2026-09-20 09:10:34 DEBUG scheduler-service Scheduled job started
2026-09-20 09:10:35 level=INFO service=notification-service component=notification-service request_id=req-913046 trace_id=trace-39246230 user_id=user-2175 status_code=200 latency_ms=197 message="SMS delivered"
2026-09-20 09:10:36 INFO user-service Profile cache warmed
2026-09-20 09:10:37 INFO user-service Profile cache warmed
2026-09-20 09:10:38 INFO monitoring-service Metrics scraped
2026-09-20 09:10:39 INFO scheduler-service Scheduled job started
2026-09-20 09:10:40 level=INFO service=scheduler-service component=scheduler-service request_id=req-427045 trace_id=trace-19680227 user_id=user-3886 status_code=200 latency_ms=276 message="Scheduled job completed"
2026-09-20 09:10:41 INFO redis-service Cache warmed
2026-09-20 09:10:42 INFO monitoring-service Alert evaluated: no action
2026-09-20 09:10:43 WARNING notification-service Email queued
2026-09-20 09:10:44 INFO scheduler-service Cron tick processed
2026-09-20 09:10:45 INFO search-service Index refreshed
2026-09-20 09:10:46 INFO redis-service Key expired normally
2026-09-20 09:10:47 level=INFO service=api-gateway component=api-gateway request_id=req-463841 trace_id=trace-63913910 user_id=user-2478 status_code=200 latency_ms=249 message="Response sent"
2026-09-20 09:10:48 DEBUG scheduler-service Scheduled job started
2026-09-20 09:10:49 level=INFO service=database-service component=database-service request_id=req-511835 trace_id=trace-77553449 user_id=user-5360 status_code=200 latency_ms=281 message="Connection acquired from pool"
2026-09-20 09:10:50 INFO redis-service Cache warmed
2026-09-20 09:10:51 INFO order-service Order status updated
2026-09-20 09:10:52 INFO notification-service SMS delivered
2026-09-20 09:10:53 INFO scheduler-service Cron tick processed
2026-09-20 09:10:54 level=INFO service=inventory-service component=inventory-service request_id=req-216231 trace_id=trace-57624587 user_id=user-3109 status_code=200 latency_ms=149 message="Stock level checked"
2026-09-20 09:10:55 DEBUG redis-service Cache warmed
2026-09-20 09:10:56 level=INFO service=monitoring-service component=monitoring-service request_id=req-709496 trace_id=trace-60375629 user_id=user-3269 status_code=200 latency_ms=230 message="Health probe OK"
2026-09-20 09:10:57 INFO api-gateway Health check OK
2026-09-20 09:10:58 INFO user-service Profile cache warmed
2026-09-20 09:10:59 INFO notification-service Email queued
2026-09-20 09:11:00 INFO payment-service Refund processed successfully
2026-09-20 09:11:01 level=INFO service=inventory-service component=inventory-service request_id=req-443684 trace_id=trace-49543793 user_id=user-4700 status_code=200 latency_ms=118 message="Inventory released"
2026-09-20 09:11:02 level=INFO service=inventory-service component=inventory-service request_id=req-426543 trace_id=trace-58236833 user_id=user-9928 status_code=200 latency_ms=24 message="Stock level checked"
2026-09-20 09:11:03 level=INFO service=monitoring-service component=monitoring-service request_id=req-471216 trace_id=trace-90938760 user_id=user-6961 status_code=200 latency_ms=297 message="Health probe OK"
2026-09-20 09:11:04 INFO auth-service User authenticated successfully
2026-09-20 09:11:05 INFO api-gateway Rate limit check passed
2026-09-20 09:11:06 INFO scheduler-service Scheduled job started
2026-09-20 09:11:07 level=INFO service=worker-service component=worker-service request_id=req-638455 trace_id=trace-15942088 user_id=user-6172 status_code=200 latency_ms=299 message="Job completed successfully"
2026-09-20 09:11:08 level=INFO service=search-service component=search-service request_id=req-189362 trace_id=trace-55215684 user_id=user-9626 status_code=200 latency_ms=272 message="Index refreshed"
2026-09-20 09:11:09 level=INFO service=worker-service component=worker-service request_id=req-966688 trace_id=trace-75647650 user_id=user-1918 status_code=200 latency_ms=206 message="Job picked up"
2026-09-20 09:11:10 INFO auth-service Session created
2026-09-20 09:11:11 INFO notification-service SMS delivered
2026-09-20 09:11:12 INFO auth-service Logout successful
2026-09-20 09:11:13 INFO scheduler-service Scheduled job started
2026-09-20 09:11:14 INFO redis-service Key expired normally
2026-09-20 09:11:15 INFO worker-service Job picked up
2026-09-20 09:11:16 INFO database-service Transaction committed
2026-09-20 09:11:17 level=INFO service=worker-service component=worker-service request_id=req-942179 trace_id=trace-21639685 user_id=user-2129 status_code=200 latency_ms=211 message="Worker heartbeat OK"
2026-09-20 09:11:18 level=INFO service=inventory-service component=inventory-service request_id=req-507498 trace_id=trace-95810095 user_id=user-6007 status_code=200 latency_ms=208 message="Stock level checked"
2026-09-20 09:11:19 INFO order-service Order shipped
2026-09-20 09:11:20 INFO order-service Order confirmed
2026-09-20 09:11:21 INFO auth-service Session created
2026-09-20 09:11:22 INFO monitoring-service Health probe OK
2026-09-20 09:11:23 level=INFO service=notification-service component=notification-service request_id=req-467135 trace_id=trace-63546009 user_id=user-2263 status_code=200 latency_ms=183 message="Email queued"
2026-09-20 09:11:24 INFO notification-service SMS delivered
2026-09-20 09:11:25 INFO order-service Order shipped
2026-09-20 09:11:26 level=INFO service=database-service component=database-service request_id=req-593887 trace_id=trace-83132930 user_id=user-3581 status_code=200 latency_ms=53 message="Index scan completed"
2026-09-20 09:11:27 WARNING worker-service Job completed successfully
2026-09-20 09:11:28 level=INFO service=order-service component=order-service request_id=req-406566 trace_id=trace-82641526 user_id=user-1466 status_code=200 latency_ms=246 message="Order status updated"
2026-09-20 09:11:29 INFO auth-service Session created
2026-09-20 09:11:30 level=INFO service=scheduler-service component=scheduler-service request_id=req-963801 trace_id=trace-88841465 user_id=user-8001 status_code=200 latency_ms=72 message="Scheduled job completed"
2026-09-20 09:11:31 INFO search-service Query results returned
2026-09-20 09:11:32 level=INFO service=inventory-service component=inventory-service request_id=req-489948 trace_id=trace-97563239 user_id=user-7415 status_code=200 latency_ms=164 message="Stock level checked"
2026-09-20 09:11:33 INFO inventory-service Inventory released
2026-09-20 09:11:34 INFO order-service Order status updated
2026-09-20 09:11:35 INFO order-service Order created
2026-09-20 09:11:36 INFO redis-service Key expired normally
2026-09-20 09:11:37 INFO search-service Index refreshed
2026-09-20 09:11:38 level=INFO service=monitoring-service component=monitoring-service request_id=req-458952 trace_id=trace-94994569 user_id=user-7949 status_code=200 latency_ms=48 message="Health probe OK"
2026-09-20 09:11:39 INFO scheduler-service Cron tick processed
2026-09-20 09:11:40 INFO worker-service Job picked up
2026-09-20 09:11:41 level=INFO service=notification-service component=notification-service request_id=req-998293 trace_id=trace-31627853 user_id=user-8881 status_code=200 latency_ms=131 message="SMS delivered"
2026-09-20 09:11:42 INFO notification-service Email queued
2026-09-20 09:11:43 INFO worker-service Job completed successfully
2026-09-20 09:11:44 INFO database-service Index scan completed
2026-09-20 09:11:45 INFO database-service Index scan completed
2026-09-20 09:11:46 level=INFO service=notification-service component=notification-service request_id=req-806993 trace_id=trace-74739950 user_id=user-6839 status_code=200 latency_ms=56 message="Push notification sent"
2026-09-20 09:11:47 level=INFO service=user-service component=user-service request_id=req-909727 trace_id=trace-94655706 user_id=user-6639 status_code=200 latency_ms=240 message="Profile cache warmed"
2026-09-20 09:11:48 INFO payment-service Refund processed successfully
2026-09-20 09:11:49 INFO user-service User created
2026-09-20 09:11:50 level=INFO service=api-gateway component=api-gateway request_id=req-501453 trace_id=trace-34507867 user_id=user-8099 status_code=200 latency_ms=66 message="Health check OK"
2026-09-20 09:11:51 INFO search-service Index refreshed
2026-09-20 09:11:52 INFO auth-service Session created
2026-09-20 09:11:53 level=INFO service=redis-service component=redis-service request_id=req-497704 trace_id=trace-37913923 user_id=user-9063 status_code=200 latency_ms=106 message="Cache set"
2026-09-20 09:11:54 INFO user-service Profile cache warmed
2026-09-20 09:11:55 INFO auth-service Session created
2026-09-20 09:11:56 level=INFO service=payment-service component=payment-service request_id=req-683357 trace_id=trace-92564759 user_id=user-8352 status_code=200 latency_ms=257 message="Payment request received"
2026-09-20 09:11:57 INFO auth-service User authenticated successfully
2026-09-20 09:11:58 INFO notification-service SMS delivered
2026-09-20 09:11:59 level=INFO service=scheduler-service component=scheduler-service request_id=req-321661 trace_id=trace-88789267 user_id=user-5186 status_code=200 latency_ms=293 message="Scheduled job started"
2026-09-20 09:12:00 INFO worker-service Job picked up
2026-09-20 09:12:01 INFO notification-service Email queued
2026-09-20 09:12:02 INFO payment-service Payment request received
2026-09-20 09:12:03 INFO scheduler-service Scheduled job completed
2026-09-20 09:12:04 level=INFO service=redis-service component=redis-service request_id=req-443706 trace_id=trace-60263578 user_id=user-8691 status_code=200 latency_ms=148 message="Cache set"
2026-09-20 09:12:05 INFO scheduler-service Scheduled job completed
2026-09-20 09:12:06 level=INFO service=monitoring-service component=monitoring-service request_id=req-875013 trace_id=trace-17013017 user_id=user-1302 status_code=200 latency_ms=79 message="Metrics scraped"
2026-09-20 09:12:07 INFO monitoring-service Health probe OK
2026-09-20 09:12:08 INFO search-service Query results returned
2026-09-20 09:12:09 level=INFO service=worker-service component=worker-service request_id=req-187003 trace_id=trace-78128910 user_id=user-1041 status_code=200 latency_ms=43 message="Job completed successfully"
2026-09-20 09:12:10 level=INFO service=user-service component=user-service request_id=req-869124 trace_id=trace-83745996 user_id=user-8654 status_code=200 latency_ms=208 message="User preferences updated"
2026-09-20 09:12:11 level=INFO service=auth-service component=auth-service request_id=req-538055 trace_id=trace-80454870 user_id=user-8743 status_code=200 latency_ms=234 message="Session created"
2026-09-20 09:12:12 INFO worker-service Worker heartbeat OK
2026-09-20 09:12:13 INFO worker-service Job completed successfully
2026-09-20 09:12:14 INFO auth-service Session created
2026-09-20 09:12:15 INFO auth-service Token refreshed
2026-09-20 09:12:16 INFO inventory-service Inventory reserved
2026-09-20 09:12:17 INFO search-service Search query executed
2026-09-20 09:12:18 INFO worker-service Job picked up
2026-09-20 09:12:19 level=INFO service=notification-service component=notification-service request_id=req-542417 trace_id=trace-64722032 user_id=user-3681 status_code=200 latency_ms=130 message="SMS delivered"
2026-09-20 09:12:20 INFO auth-service Token issued
2026-09-20 09:12:21 INFO api-gateway Request routed successfully
2026-09-20 09:12:22 INFO auth-service User authenticated successfully
2026-09-20 09:12:23 DEBUG inventory-service Inventory released
2026-09-20 09:12:24 INFO user-service User created
2026-09-20 09:12:25 INFO user-service User profile fetched
2026-09-20 09:12:26 DEBUG notification-service SMS delivered
2026-09-20 09:12:27 INFO redis-service Cache warmed
2026-09-20 09:12:28 INFO scheduler-service Cron tick processed
2026-09-20 09:12:29 INFO user-service User created
2026-09-20 09:12:30 WARNING worker-service Job completed successfully
2026-09-20 09:12:31 INFO notification-service SMS delivered
2026-09-20 09:12:32 INFO payment-service Payment authorized
2026-09-20 09:12:33 level=INFO service=auth-service component=auth-service request_id=req-949309 trace_id=trace-61616675 user_id=user-2345 status_code=200 latency_ms=262 message="User authenticated successfully"
2026-09-20 09:12:34 INFO api-gateway Health check OK
2026-09-20 09:12:35 INFO notification-service SMS delivered
2026-09-20 09:12:36 INFO redis-service Cache warmed
2026-09-20 09:12:37 DEBUG worker-service Worker heartbeat OK
2026-09-20 09:12:38 level=INFO service=payment-service component=payment-service request_id=req-661152 trace_id=trace-38717889 user_id=user-2012 status_code=200 latency_ms=283 message="Payment gateway responded 200"
2026-09-20 09:12:39 DEBUG search-service Index refreshed
2026-09-20 09:12:40 INFO payment-service Refund processed successfully
2026-09-20 09:12:41 INFO search-service Query results returned
2026-09-20 09:12:42 level=INFO service=api-gateway component=api-gateway request_id=req-714163 trace_id=trace-18243207 user_id=user-6731 status_code=200 latency_ms=202 message="Request routed successfully"
2026-09-20 09:12:43 level=INFO service=auth-service component=auth-service request_id=req-559813 trace_id=trace-62823933 user_id=user-6752 status_code=200 latency_ms=296 message="User authenticated successfully"
2026-09-20 09:12:44 level=INFO service=notification-service component=notification-service request_id=req-264218 trace_id=trace-78535058 user_id=user-7382 status_code=200 latency_ms=70 message="Email queued"
2026-09-20 09:12:45 level=INFO service=inventory-service component=inventory-service request_id=req-427412 trace_id=trace-26758376 user_id=user-1894 status_code=200 latency_ms=279 message="Inventory released"
2026-09-20 09:12:46 INFO payment-service Payment gateway responded 200
2026-09-20 09:12:47 WARNING search-service Query results returned
2026-09-20 09:12:48 level=INFO service=auth-service component=auth-service request_id=req-367178 trace_id=trace-45387579 user_id=user-1448 status_code=200 latency_ms=153 message="Logout successful"
2026-09-20 09:12:49 INFO scheduler-service Scheduled job completed
2026-09-20 09:12:50 INFO payment-service Payment gateway responded 200
2026-09-20 09:12:51 INFO scheduler-service Scheduled job started
2026-09-20 09:12:52 INFO database-service Transaction committed
2026-09-20 09:12:53 INFO notification-service Email queued
2026-09-20 09:12:54 INFO redis-service Key expired normally
2026-09-20 09:12:55 INFO payment-service Payment authorized
2026-09-20 09:12:56 level=INFO service=monitoring-service component=monitoring-service request_id=req-495776 trace_id=trace-18135677 user_id=user-6637 status_code=200 latency_ms=194 message="Health probe OK"
2026-09-20 09:12:57 INFO payment-service Payment request received
2026-09-20 09:12:58 INFO api-gateway Request routed successfully
2026-09-20 09:12:59 INFO database-service Query executed successfully
2026-09-20 09:13:00 INFO payment-service Payment authorized
2026-09-20 09:13:01 level=INFO service=scheduler-service component=scheduler-service request_id=req-262507 trace_id=trace-17986536 user_id=user-6865 status_code=200 latency_ms=150 message="Scheduled job started"
2026-09-20 09:13:02 INFO database-service Connection acquired from pool
2026-09-20 09:13:03 level=INFO service=search-service component=search-service request_id=req-126985 trace_id=trace-76101662 user_id=user-4061 status_code=200 latency_ms=259 message="Query results returned"
2026-09-20 09:13:04 INFO monitoring-service Alert evaluated: no action
2026-09-20 09:13:05 INFO auth-service Token refreshed
2026-09-20 09:13:06 INFO scheduler-service Cron tick processed
2026-09-20 09:13:07 INFO monitoring-service Metrics scraped
2026-09-20 09:13:08 INFO payment-service Payment authorized
2026-09-20 09:13:09 level=WARNING service=worker-service component=worker-service request_id=req-859143 trace_id=trace-19573523 user_id=user-7273 status_code=200 latency_ms=235 message="Job completed successfully"
2026-09-20 09:13:10 level=INFO service=database-service component=database-service request_id=req-156081 trace_id=trace-30276348 user_id=user-3374 status_code=200 latency_ms=269 message="Index scan completed"
2026-09-20 09:13:11 INFO scheduler-service Scheduled job started
2026-09-20 09:13:12 INFO notification-service Email queued
2026-09-20 09:13:13 level=INFO service=api-gateway component=api-gateway request_id=req-418596 trace_id=trace-40382551 user_id=user-3000 status_code=200 latency_ms=59 message="Health check OK"
2026-09-20 09:13:14 INFO search-service Index refreshed
2026-09-20 09:13:15 INFO monitoring-service Metrics scraped
2026-09-20 09:13:16 INFO worker-service Worker heartbeat OK
2026-09-20 09:13:17 level=INFO service=user-service component=user-service request_id=req-249599 trace_id=trace-86214162 user_id=user-9863 status_code=200 latency_ms=251 message="User preferences updated"
2026-09-20 09:13:18 INFO redis-service Cache set
2026-09-20 09:13:19 INFO database-service Query executed successfully
2026-09-20 09:13:20 INFO user-service Profile cache warmed
2026-09-20 09:13:21 level=INFO service=api-gateway component=api-gateway request_id=req-952904 trace_id=trace-71592296 user_id=user-7994 status_code=200 latency_ms=262 message="Request routed successfully"
2026-09-20 09:13:22 INFO order-service Order status updated
2026-09-20 09:13:23 DEBUG scheduler-service Scheduled job completed
2026-09-20 09:13:24 INFO inventory-service Stock level checked
2026-09-20 09:13:25 level=INFO service=monitoring-service component=monitoring-service request_id=req-438318 trace_id=trace-51386139 user_id=user-2115 status_code=200 latency_ms=283 message="Metrics scraped"
2026-09-20 09:13:26 INFO user-service Profile cache warmed
2026-09-20 09:13:27 INFO order-service Order shipped
2026-09-20 09:13:28 INFO payment-service Payment captured
2026-09-20 09:13:29 INFO auth-service Token issued
2026-09-20 09:13:30 INFO api-gateway TLS handshake completed
2026-09-20 09:13:31 WARNING redis-service Key expired normally
2026-09-20 09:13:32 level=INFO service=api-gateway component=api-gateway request_id=req-565279 trace_id=trace-22885506 user_id=user-1022 status_code=200 latency_ms=67 message="Response sent"
2026-09-20 09:13:33 INFO redis-service Key expired normally
2026-09-20 09:13:34 INFO user-service Profile cache warmed
2026-09-20 09:13:35 INFO notification-service SMS delivered
2026-09-20 09:13:36 INFO worker-service Job completed successfully
2026-09-20 09:13:37 level=WARNING service=database-service component=database-service request_id=req-895405 trace_id=trace-83417599 user_id=user-2938 status_code=200 latency_ms=276 message="Transaction committed"
2026-09-20 09:13:38 INFO scheduler-service Scheduled job completed
2026-09-20 09:13:39 INFO inventory-service Inventory reserved
2026-09-20 09:13:40 level=INFO service=payment-service component=payment-service request_id=req-931625 trace_id=trace-67327320 user_id=user-3476 status_code=200 latency_ms=75 message="Payment request received"
2026-09-20 09:13:41 WARNING payment-service Payment gateway responded 200
2026-09-20 09:13:42 INFO monitoring-service Health probe OK
2026-09-20 09:13:43 WARNING monitoring-service Metrics scraped
2026-09-20 09:13:44 INFO scheduler-service Cron tick processed
2026-09-20 09:13:45 INFO worker-service Job completed successfully
2026-09-20 09:13:46 level=INFO service=scheduler-service component=scheduler-service request_id=req-391657 trace_id=trace-55794129 user_id=user-2900 status_code=200 latency_ms=153 message="Scheduled job completed"
2026-09-20 09:13:47 INFO search-service Index refreshed
2026-09-20 09:13:48 INFO auth-service User authenticated successfully
2026-09-20 09:13:49 level=INFO service=notification-service component=notification-service request_id=req-784954 trace_id=trace-46463478 user_id=user-9480 status_code=200 latency_ms=260 message="SMS delivered"
2026-09-20 09:13:50 level=INFO service=order-service component=order-service request_id=req-984264 trace_id=trace-72282268 user_id=user-2955 status_code=200 latency_ms=224 message="Order shipped"
2026-09-20 09:13:51 INFO search-service Index refreshed
2026-09-20 09:13:52 INFO worker-service Job completed successfully
2026-09-20 09:13:53 INFO scheduler-service Cron tick processed
2026-09-20 09:13:54 level=INFO service=user-service component=user-service request_id=req-318614 trace_id=trace-54214182 user_id=user-6919 status_code=200 latency_ms=154 message="User preferences updated"
2026-09-20 09:13:55 level=INFO service=payment-service component=payment-service request_id=req-878899 trace_id=trace-90209259 user_id=user-7106 status_code=200 latency_ms=224 message="Payment authorized"
2026-09-20 09:13:56 level=INFO service=order-service component=order-service request_id=req-694499 trace_id=trace-39445873 user_id=user-6746 status_code=200 latency_ms=227 message="Order confirmed"
2026-09-20 09:13:57 INFO inventory-service Inventory released
2026-09-20 09:13:58 INFO redis-service Cache warmed
2026-09-20 09:13:59 INFO database-service Connection acquired from pool
2026-09-20 09:14:00 INFO order-service Order status updated
2026-09-20 09:14:01 level=INFO service=redis-service component=redis-service request_id=req-873133 trace_id=trace-60455763 user_id=user-7970 status_code=200 latency_ms=71 message="Key expired normally"
2026-09-20 09:14:02 INFO inventory-service Inventory reserved
2026-09-20 09:14:03 INFO user-service User preferences updated
2026-09-20 09:14:04 INFO api-gateway Rate limit check passed
2026-09-20 09:14:05 INFO search-service Query results returned
2026-09-20 09:14:06 level=INFO service=order-service component=order-service request_id=req-642905 trace_id=trace-89730659 user_id=user-5912 status_code=200 latency_ms=216 message="Order shipped"
2026-09-20 09:14:07 INFO auth-service Token issued
2026-09-20 09:14:08 INFO notification-service Email queued
2026-09-20 09:14:09 DEBUG redis-service Cache hit
2026-09-20 09:14:10 INFO redis-service Cache hit
2026-09-20 09:14:11 INFO search-service Search query executed
2026-09-20 09:14:12 DEBUG auth-service User authenticated successfully
2026-09-20 09:14:13 INFO notification-service Push notification sent
2026-09-20 09:14:14 INFO auth-service Logout successful
2026-09-20 09:14:15 level=INFO service=payment-service component=payment-service request_id=req-173260 trace_id=trace-88057592 user_id=user-2770 status_code=200 latency_ms=234 message="Payment request received"
2026-09-20 09:14:16 INFO user-service Profile cache warmed
2026-09-20 09:14:17 INFO api-gateway Response sent
2026-09-20 09:14:18 DEBUG redis-service Key expired normally
2026-09-20 09:14:19 level=INFO service=payment-service component=payment-service request_id=req-611499 trace_id=trace-42388459 user_id=user-6802 status_code=200 latency_ms=267 message="Payment captured"
2026-09-20 09:14:20 INFO api-gateway Request routed successfully
2026-09-20 09:14:21 INFO redis-service Cache warmed
2026-09-20 09:14:22 level=INFO service=payment-service component=payment-service request_id=req-427948 trace_id=trace-57597541 user_id=user-7658 status_code=200 latency_ms=284 message="Payment authorized"
2026-09-20 09:14:23 INFO user-service User preferences updated
2026-09-20 09:14:24 level=DEBUG service=worker-service component=worker-service request_id=req-862954 trace_id=trace-22448436 user_id=user-9156 status_code=200 latency_ms=90 message="Job picked up"
2026-09-20 09:14:25 INFO worker-service Job picked up
2026-09-20 09:14:26 level=INFO service=payment-service component=payment-service request_id=req-701806 trace_id=trace-19314323 user_id=user-5061 status_code=200 latency_ms=288 message="Payment gateway responded 200"
2026-09-20 09:14:27 level=INFO service=api-gateway component=api-gateway request_id=req-575398 trace_id=trace-21526327 user_id=user-1289 status_code=200 latency_ms=94 message="Rate limit check passed"
2026-09-20 09:14:28 level=INFO service=inventory-service component=inventory-service request_id=req-755550 trace_id=trace-87161543 user_id=user-7875 status_code=200 latency_ms=250 message="Inventory released"
2026-09-20 09:14:29 INFO worker-service Job completed successfully
2026-09-20 09:14:30 level=WARNING service=user-service component=user-service request_id=req-580982 trace_id=trace-87402810 user_id=user-8378 status_code=200 latency_ms=145 message="User preferences updated"
2026-09-20 09:14:31 INFO notification-service SMS delivered
2026-09-20 09:14:32 INFO order-service Order status updated
2026-09-20 09:14:33 INFO order-service Order confirmed
2026-09-20 09:14:34 INFO order-service Order confirmed
2026-09-20 09:14:35 INFO database-service Connection acquired from pool
2026-09-20 09:14:36 INFO api-gateway Request routed successfully
2026-09-20 09:14:37 INFO payment-service Refund processed successfully
2026-09-20 09:14:38 INFO auth-service Token issued
2026-09-20 09:14:39 INFO scheduler-service Scheduled job started
2026-09-20 09:14:40 INFO auth-service User authenticated successfully
2026-09-20 09:14:41 level=INFO service=api-gateway component=api-gateway request_id=req-240720 trace_id=trace-16920433 user_id=user-8997 status_code=200 latency_ms=191 message="Request routed successfully"
2026-09-20 09:14:42 INFO worker-service Job picked up
2026-09-20 09:14:43 INFO scheduler-service Scheduled job started
2026-09-20 09:14:44 INFO inventory-service Inventory reserved
2026-09-20 09:14:45 DEBUG database-service Query executed successfully
2026-09-20 09:14:46 INFO monitoring-service Alert evaluated: no action
2026-09-20 09:14:47 INFO user-service Profile cache warmed
2026-09-20 09:14:48 INFO payment-service Payment captured
2026-09-20 09:14:49 INFO inventory-service Inventory reserved
2026-09-20 09:14:50 INFO auth-service Logout successful
2026-09-20 09:14:51 INFO order-service Order status updated
2026-09-20 09:14:52 INFO api-gateway Rate limit check passed
2026-09-20 09:14:53 INFO monitoring-service Alert evaluated: no action
2026-09-20 09:14:54 level=INFO service=payment-service component=payment-service request_id=req-491666 trace_id=trace-84475144 user_id=user-2608 status_code=200 latency_ms=130 message="Refund processed successfully"
2026-09-20 09:14:55 INFO inventory-service Stock level checked
2026-09-20 09:14:56 level=INFO service=inventory-service component=inventory-service request_id=req-634344 trace_id=trace-91260434 user_id=user-7580 status_code=200 latency_ms=174 message="Inventory reserved"
2026-09-20 09:14:57 INFO inventory-service Inventory released
2026-09-20 09:14:58 INFO search-service Query results returned
2026-09-20 09:14:59 INFO inventory-service Inventory released
2026-09-20 09:15:00 INFO search-service Index refreshed
2026-09-20 09:15:01 level=INFO service=notification-service component=notification-service request_id=req-118115 trace_id=trace-16093467 user_id=user-2341 status_code=200 latency_ms=164 message="Email queued"
2026-09-20 09:15:02 level=INFO service=monitoring-service component=monitoring-service request_id=req-408009 trace_id=trace-13403152 user_id=user-2466 status_code=200 latency_ms=28 message="Metrics scraped"
2026-09-20 09:15:03 level=DEBUG service=inventory-service component=inventory-service request_id=req-278953 trace_id=trace-13119934 user_id=user-2609 status_code=200 latency_ms=153 message="Inventory reserved"
2026-09-20 09:15:04 level=INFO service=auth-service component=auth-service request_id=req-144173 trace_id=trace-89470167 user_id=user-5924 status_code=200 latency_ms=109 message="Session created"
2026-09-20 09:15:05 level=INFO service=user-service component=user-service request_id=req-411549 trace_id=trace-21358774 user_id=user-9971 status_code=200 latency_ms=85 message="User preferences updated"
2026-09-20 09:15:06 INFO worker-service Job completed successfully
2026-09-20 09:15:07 INFO database-service Query executed successfully
2026-09-20 09:15:08 level=WARNING service=user-service component=user-service request_id=req-336868 trace_id=trace-52329887 user_id=user-9077 status_code=200 latency_ms=248 message="User preferences updated"
2026-09-20 09:15:09 INFO payment-service Refund processed successfully
2026-09-20 09:15:10 INFO redis-service Key expired normally
2026-09-20 09:15:11 level=INFO service=redis-service component=redis-service request_id=req-270978 trace_id=trace-53075509 user_id=user-9741 status_code=200 latency_ms=201 message="Key expired normally"
2026-09-20 09:15:12 INFO inventory-service Inventory reserved
2026-09-20 09:15:13 level=INFO service=scheduler-service component=scheduler-service request_id=req-210494 trace_id=trace-49126185 user_id=user-5065 status_code=200 latency_ms=153 message="Scheduled job completed"
2026-09-20 09:15:14 level=INFO service=notification-service component=notification-service request_id=req-233331 trace_id=trace-48508506 user_id=user-4854 status_code=200 latency_ms=267 message="Push notification sent"
2026-09-20 09:15:15 WARNING api-gateway Response sent
2026-09-20 09:15:16 INFO monitoring-service Metrics scraped
2026-09-20 09:15:17 INFO order-service Order shipped
2026-09-20 09:15:18 INFO auth-service User authenticated successfully
2026-09-20 09:15:19 level=INFO service=worker-service component=worker-service request_id=req-448083 trace_id=trace-75200287 user_id=user-1798 status_code=200 latency_ms=269 message="Job picked up"
2026-09-20 09:15:20 INFO payment-service Payment captured
2026-09-20 09:15:21 level=INFO service=redis-service component=redis-service request_id=req-645869 trace_id=trace-48693015 user_id=user-6444 status_code=200 latency_ms=188 message="Cache warmed"
2026-09-20 09:15:22 INFO order-service Order shipped
2026-09-20 09:15:23 INFO worker-service Worker heartbeat OK
2026-09-20 09:15:24 INFO user-service User created
2026-09-20 09:15:25 INFO scheduler-service Scheduled job started
2026-09-20 09:15:26 INFO inventory-service Inventory reserved
2026-09-20 09:15:27 INFO inventory-service Stock level checked
2026-09-20 09:15:28 level=INFO service=user-service component=user-service request_id=req-480409 trace_id=trace-45143561 user_id=user-9034 status_code=200 latency_ms=200 message="User profile fetched"
2026-09-20 09:15:29 level=INFO service=worker-service component=worker-service request_id=req-121567 trace_id=trace-42251056 user_id=user-4296 status_code=200 latency_ms=188 message="Job completed successfully"
2026-09-20 09:15:30 INFO notification-service Push notification sent
2026-09-20 09:15:31 level=DEBUG service=order-service component=order-service request_id=req-462625 trace_id=trace-50007828 user_id=user-9512 status_code=200 latency_ms=152 message="Order created"
2026-09-20 09:15:32 INFO api-gateway TLS handshake completed
2026-09-20 09:15:33 INFO api-gateway Health check OK
2026-09-20 09:15:34 INFO worker-service Job picked up
2026-09-20 09:15:35 INFO notification-service Email queued
2026-09-20 09:15:36 INFO payment-service Payment request received
2026-09-20 09:15:37 INFO inventory-service Stock level checked
2026-09-20 09:15:38 DEBUG search-service Index refreshed
2026-09-20 09:15:39 INFO order-service Order confirmed
2026-09-20 09:15:40 level=INFO service=user-service component=user-service request_id=req-819431 trace_id=trace-19987024 user_id=user-1767 status_code=200 latency_ms=94 message="User preferences updated"
2026-09-20 09:15:41 level=INFO service=redis-service component=redis-service request_id=req-594180 trace_id=trace-35657509 user_id=user-9980 status_code=200 latency_ms=265 message="Cache hit"
2026-09-20 09:15:42 INFO api-gateway Incoming request accepted
2026-09-20 09:15:43 WARNING monitoring-service Alert evaluated: no action
2026-09-20 09:15:44 INFO redis-service Cache warmed
2026-09-20 09:15:45 INFO database-service Index scan completed
2026-09-20 09:15:46 INFO notification-service SMS delivered
2026-09-20 09:15:47 INFO user-service User profile fetched
2026-09-20 09:15:48 level=INFO service=api-gateway component=api-gateway request_id=req-169234 trace_id=trace-99098167 user_id=user-3947 status_code=200 latency_ms=287 message="Health check OK"
2026-09-20 09:15:49 INFO database-service Transaction committed
2026-09-20 09:15:50 level=INFO service=api-gateway component=api-gateway request_id=req-308918 trace_id=trace-89983794 user_id=user-4771 status_code=200 latency_ms=171 message="Rate limit check passed"
2026-09-20 09:15:51 INFO order-service Order shipped
2026-09-20 09:15:52 level=INFO service=user-service component=user-service request_id=req-955436 trace_id=trace-38812920 user_id=user-8981 status_code=200 latency_ms=177 message="User created"
2026-09-20 09:15:53 level=WARNING service=auth-service component=auth-service request_id=req-908049 trace_id=trace-41161768 user_id=user-7041 status_code=200 latency_ms=187 message="Logout successful"
2026-09-20 09:15:54 level=INFO service=redis-service component=redis-service request_id=req-136987 trace_id=trace-37443626 user_id=user-3989 status_code=200 latency_ms=24 message="Cache warmed"
2026-09-20 09:15:55 level=DEBUG service=user-service component=user-service request_id=req-498066 trace_id=trace-98099893 user_id=user-9780 status_code=200 latency_ms=84 message="User profile fetched"
2026-09-20 09:15:56 INFO notification-service Email queued
2026-09-20 09:15:57 INFO redis-service Key expired normally
2026-09-20 09:15:58 INFO api-gateway TLS handshake completed
2026-09-20 09:15:59 INFO scheduler-service Scheduled job completed
2026-09-20 09:16:00 INFO notification-service Email queued
2026-09-20 09:16:01 INFO notification-service Email queued
2026-09-20 09:16:02 INFO user-service Profile cache warmed
2026-09-20 09:16:03 INFO api-gateway TLS handshake completed
2026-09-20 09:16:04 level=INFO service=payment-service component=payment-service request_id=req-775529 trace_id=trace-62751410 user_id=user-5514 status_code=200 latency_ms=106 message="Payment gateway responded 200"
2026-09-20 09:16:05 INFO search-service Index refreshed
2026-09-20 09:16:06 INFO database-service Transaction committed
2026-09-20 09:16:07 INFO order-service Order confirmed
2026-09-20 09:16:08 INFO scheduler-service Scheduled job completed
2026-09-20 09:16:09 INFO search-service Search query executed
2026-09-20 09:16:10 INFO user-service User created
2026-09-20 09:16:11 INFO notification-service Email queued
2026-09-20 09:16:12 INFO order-service Order shipped
2026-09-20 09:16:13 level=INFO service=search-service component=search-service request_id=req-125680 trace_id=trace-32615236 user_id=user-5108 status_code=200 latency_ms=30 message="Search query executed"
2026-09-20 09:16:14 DEBUG auth-service User authenticated successfully
2026-09-20 09:16:15 INFO database-service Query executed successfully
2026-09-20 09:16:16 WARNING notification-service Email queued
2026-09-20 09:16:17 INFO search-service Index refreshed
2026-09-20 09:16:18 level=INFO service=order-service component=order-service request_id=req-425730 trace_id=trace-77279467 user_id=user-5702 status_code=200 latency_ms=272 message="Order created"
2026-09-20 09:16:19 INFO auth-service Token issued
2026-09-20 09:16:20 level=INFO service=database-service component=database-service request_id=req-157637 trace_id=trace-98499286 user_id=user-5706 status_code=200 latency_ms=146 message="Connection acquired from pool"
2026-09-20 09:16:21 level=INFO service=database-service component=database-service request_id=req-216094 trace_id=trace-68608555 user_id=user-2148 status_code=200 latency_ms=260 message="Query executed successfully"
2026-09-20 09:16:22 INFO worker-service Job completed successfully
2026-09-20 09:16:23 INFO worker-service Worker heartbeat OK
2026-09-20 09:16:24 INFO search-service Search query executed
2026-09-20 09:16:25 INFO notification-service SMS delivered
2026-09-20 09:16:26 INFO monitoring-service Alert evaluated: no action
2026-09-20 09:16:27 level=INFO service=order-service component=order-service request_id=req-350872 trace_id=trace-38320915 user_id=user-4206 status_code=200 latency_ms=253 message="Order shipped"
2026-09-20 09:16:28 INFO api-gateway Response sent
2026-09-20 09:16:29 INFO user-service User preferences updated
2026-09-20 09:16:30 INFO auth-service Logout successful
2026-09-20 09:16:31 INFO auth-service Token refreshed
2026-09-20 09:16:32 INFO worker-service Job completed successfully
2026-09-20 09:16:33 INFO order-service Order status updated
2026-09-20 09:16:34 INFO monitoring-service Health probe OK
2026-09-20 09:16:35 INFO order-service Order shipped
2026-09-20 09:16:36 level=INFO service=user-service component=user-service request_id=req-233283 trace_id=trace-32200740 user_id=user-2212 status_code=200 latency_ms=205 message="User profile fetched"
2026-09-20 09:16:37 INFO worker-service Job completed successfully
2026-09-20 09:16:38 INFO search-service Query results returned
2026-09-20 09:16:39 INFO auth-service Logout successful
2026-09-20 09:16:40 DEBUG notification-service SMS delivered
2026-09-20 09:16:41 INFO auth-service Token issued
2026-09-20 09:16:42 INFO payment-service Payment gateway responded 200
2026-09-20 09:16:43 INFO auth-service Token refreshed
2026-09-20 09:16:44 level=INFO service=monitoring-service component=monitoring-service request_id=req-592458 trace_id=trace-63972770 user_id=user-9943 status_code=200 latency_ms=55 message="Health probe OK"
2026-09-20 09:16:45 INFO worker-service Job picked up
2026-09-20 09:16:46 INFO worker-service Job picked up
2026-09-20 09:16:47 level=INFO service=api-gateway component=api-gateway request_id=req-406745 trace_id=trace-20568222 user_id=user-5544 status_code=200 latency_ms=65 message="Health check OK"
2026-09-20 09:16:48 INFO auth-service Session created
2026-09-20 09:16:49 INFO order-service Order shipped
2026-09-20 09:16:50 level=INFO service=monitoring-service component=monitoring-service request_id=req-896582 trace_id=trace-41112066 user_id=user-4174 status_code=200 latency_ms=241 message="Alert evaluated: no action"
2026-09-20 09:16:51 INFO api-gateway Rate limit check passed
2026-09-20 09:16:52 INFO order-service Order status updated
2026-09-20 09:16:53 INFO database-service Transaction committed
2026-09-20 09:16:54 INFO payment-service Payment captured
2026-09-20 09:16:55 level=INFO service=worker-service component=worker-service request_id=req-505684 trace_id=trace-43628663 user_id=user-3525 status_code=200 latency_ms=300 message="Job completed successfully"
2026-09-20 09:16:56 level=INFO service=payment-service component=payment-service request_id=req-603494 trace_id=trace-22488302 user_id=user-5980 status_code=200 latency_ms=73 message="Refund processed successfully"
2026-09-20 09:16:57 INFO database-service Connection acquired from pool
2026-09-20 09:16:58 INFO auth-service Token issued
2026-09-20 09:16:59 INFO monitoring-service Health probe OK
2026-09-20 09:17:00 level=INFO service=payment-service component=payment-service request_id=req-931058 trace_id=trace-49002967 user_id=user-2613 status_code=200 latency_ms=159 message="Payment captured"
2026-09-20 09:17:01 INFO redis-service Key expired normally
2026-09-20 09:17:02 DEBUG api-gateway Rate limit check passed
2026-09-20 09:17:03 INFO redis-service Cache hit
2026-09-20 09:17:04 level=INFO service=search-service component=search-service request_id=req-897895 trace_id=trace-92659926 user_id=user-7518 status_code=200 latency_ms=253 message="Search query executed"
2026-09-20 09:17:05 INFO scheduler-service Cron tick processed
2026-09-20 09:17:06 INFO worker-service Worker heartbeat OK
2026-09-20 09:17:07 INFO search-service Query results returned
2026-09-20 09:17:08 INFO payment-service Payment request received
2026-09-20 09:17:09 DEBUG database-service Index scan completed
2026-09-20 09:17:10 INFO payment-service Payment captured
2026-09-20 09:17:11 level=INFO service=worker-service component=worker-service request_id=req-554634 trace_id=trace-73367143 user_id=user-1804 status_code=200 latency_ms=179 message="Job completed successfully"
2026-09-20 09:17:12 INFO worker-service Job completed successfully
2026-09-20 09:17:13 INFO monitoring-service Alert evaluated: no action
2026-09-20 09:17:14 level=INFO service=scheduler-service component=scheduler-service request_id=req-969796 trace_id=trace-59348082 user_id=user-3391 status_code=200 latency_ms=300 message="Scheduled job started"
2026-09-20 09:17:15 INFO worker-service Job completed successfully
2026-09-20 09:17:16 INFO monitoring-service Health probe OK
2026-09-20 09:17:17 INFO order-service Order created
2026-09-20 09:17:18 INFO api-gateway Response sent
2026-09-20 09:17:19 INFO payment-service Payment gateway responded 200
2026-09-20 09:17:20 INFO payment-service Refund processed successfully
2026-09-20 09:17:21 INFO redis-service Key expired normally
2026-09-20 09:17:22 level=INFO service=api-gateway component=api-gateway request_id=req-744677 trace_id=trace-64194035 user_id=user-7739 status_code=200 latency_ms=144 message="Rate limit check passed"
2026-09-20 09:17:23 INFO database-service Query executed successfully
2026-09-20 09:17:24 level=INFO service=notification-service component=notification-service request_id=req-198418 trace_id=trace-36951178 user_id=user-5705 status_code=200 latency_ms=113 message="Push notification sent"
2026-09-20 09:17:25 level=INFO service=auth-service component=auth-service request_id=req-716364 trace_id=trace-93031286 user_id=user-6637 status_code=200 latency_ms=210 message="Logout successful"
2026-09-20 09:17:26 INFO database-service Connection acquired from pool
2026-09-20 09:17:27 INFO worker-service Job completed successfully
2026-09-20 09:17:28 INFO api-gateway Response sent
2026-09-20 09:17:29 level=INFO service=inventory-service component=inventory-service request_id=req-760744 trace_id=trace-18323955 user_id=user-3853 status_code=200 latency_ms=153 message="Stock level checked"
2026-09-20 09:17:30 INFO user-service Profile cache warmed
2026-09-20 09:17:31 level=INFO service=redis-service component=redis-service request_id=req-220889 trace_id=trace-49660543 user_id=user-8625 status_code=200 latency_ms=290 message="Cache set"
2026-09-20 09:17:32 INFO notification-service Email queued
2026-09-20 09:17:33 INFO search-service Query results returned
2026-09-20 09:17:34 INFO scheduler-service Scheduled job started
2026-09-20 09:17:35 INFO auth-service Logout successful
2026-09-20 09:17:36 INFO scheduler-service Scheduled job completed
2026-09-20 09:17:37 INFO payment-service Payment gateway responded 200
2026-09-20 09:17:38 INFO inventory-service Inventory released
2026-09-20 09:17:39 INFO database-service Query executed successfully
2026-09-20 09:17:40 INFO database-service Transaction committed
2026-09-20 09:17:41 DEBUG worker-service Worker heartbeat OK
2026-09-20 09:17:42 INFO api-gateway Rate limit check passed
2026-09-20 09:17:43 INFO database-service Transaction committed
2026-09-20 09:17:44 INFO scheduler-service Cron tick processed
2026-09-20 09:17:45 INFO redis-service Cache warmed
2026-09-20 09:17:46 level=INFO service=auth-service component=auth-service request_id=req-154096 trace_id=trace-47348298 user_id=user-7877 status_code=200 latency_ms=241 message="Logout successful"
2026-09-20 09:17:47 level=INFO service=database-service component=database-service request_id=req-712723 trace_id=trace-19436788 user_id=user-8029 status_code=200 latency_ms=58 message="Transaction committed"
2026-09-20 09:17:48 level=INFO service=user-service component=user-service request_id=req-253262 trace_id=trace-10206100 user_id=user-3729 status_code=200 latency_ms=244 message="User profile fetched"
2026-09-20 09:17:49 INFO scheduler-service Cron tick processed
2026-09-20 09:17:50 WARNING auth-service Logout successful
2026-09-20 09:17:51 INFO monitoring-service Alert evaluated: no action
2026-09-20 09:17:52 INFO database-service Query executed successfully
2026-09-20 09:17:53 INFO auth-service Token refreshed
2026-09-20 09:17:54 level=INFO service=order-service component=order-service request_id=req-750782 trace_id=trace-86976160 user_id=user-4557 status_code=200 latency_ms=79 message="Order created"
2026-09-20 09:17:55 INFO monitoring-service Metrics scraped
2026-09-20 09:17:56 INFO notification-service Push notification sent
2026-09-20 09:17:57 INFO api-gateway TLS handshake completed
2026-09-20 09:17:58 level=INFO service=monitoring-service component=monitoring-service request_id=req-931958 trace_id=trace-89084975 user_id=user-9436 status_code=200 latency_ms=27 message="Health probe OK"
2026-09-20 09:17:59 INFO user-service User profile fetched
2026-09-20 09:18:00 level=INFO service=api-gateway component=api-gateway request_id=req-209720 trace_id=trace-50502639 user_id=user-9867 status_code=200 latency_ms=248 message="Rate limit check passed"
2026-09-20 09:18:01 INFO monitoring-service Metrics scraped
2026-09-20 09:18:02 INFO inventory-service Inventory reserved
2026-09-20 09:18:03 level=INFO service=monitoring-service component=monitoring-service request_id=req-767886 trace_id=trace-58067365 user_id=user-9922 status_code=200 latency_ms=267 message="Alert evaluated: no action"
2026-09-20 09:18:04 INFO monitoring-service Alert evaluated: no action
2026-09-20 09:18:05 INFO redis-service Cache warmed
2026-09-20 09:18:06 INFO redis-service Key expired normally
2026-09-20 09:18:07 level=INFO service=database-service component=database-service request_id=req-929317 trace_id=trace-82107286 user_id=user-7530 status_code=200 latency_ms=102 message="Connection acquired from pool"
2026-09-20 09:18:08 level=INFO service=order-service component=order-service request_id=req-392196 trace_id=trace-71975665 user_id=user-2533 status_code=200 latency_ms=223 message="Order shipped"
2026-09-20 09:18:09 WARNING scheduler-service Cron tick processed
2026-09-20 09:18:10 INFO database-service Index scan completed
2026-09-20 09:18:11 INFO redis-service Key expired normally
2026-09-20 09:18:12 INFO notification-service Email queued
2026-09-20 09:18:13 level=INFO service=order-service component=order-service request_id=req-949841 trace_id=trace-23491686 user_id=user-3571 status_code=200 latency_ms=34 message="Order created"
2026-09-20 09:18:14 INFO monitoring-service Alert evaluated: no action
2026-09-20 09:18:15 level=INFO service=payment-service component=payment-service request_id=req-155343 trace_id=trace-71243805 user_id=user-7508 status_code=200 latency_ms=224 message="Payment request received"
2026-09-20 09:18:16 INFO auth-service User authenticated successfully
2026-09-20 09:18:17 level=INFO service=notification-service component=notification-service request_id=req-196847 trace_id=trace-60553027 user_id=user-5444 status_code=200 latency_ms=107 message="SMS delivered"
2026-09-20 09:18:18 level=INFO service=database-service component=database-service request_id=req-304387 trace_id=trace-19319090 user_id=user-6111 status_code=200 latency_ms=209 message="Query executed successfully"
2026-09-20 09:18:19 level=INFO service=payment-service component=payment-service request_id=req-324772 trace_id=trace-34429120 user_id=user-6853 status_code=200 latency_ms=146 message="Payment gateway responded 200"
2026-09-20 09:18:20 level=INFO service=scheduler-service component=scheduler-service request_id=req-936109 trace_id=trace-68460573 user_id=user-9701 status_code=200 latency_ms=191 message="Scheduled job completed"
2026-09-20 09:18:21 INFO scheduler-service Scheduled job started
2026-09-20 09:18:22 INFO monitoring-service Metrics scraped
2026-09-20 09:18:23 INFO database-service Transaction committed
2026-09-20 09:18:24 INFO monitoring-service Metrics scraped
2026-09-20 09:18:25 INFO worker-service Worker heartbeat OK
2026-09-20 09:18:26 INFO search-service Index refreshed
2026-09-20 09:18:27 level=INFO service=order-service component=order-service request_id=req-395335 trace_id=trace-48657528 user_id=user-6797 status_code=200 latency_ms=241 message="Order confirmed"
2026-09-20 09:18:28 INFO database-service Query executed successfully
2026-09-20 09:18:29 INFO worker-service Job completed successfully
2026-09-20 09:18:30 INFO worker-service Job picked up
2026-09-20 09:18:31 INFO payment-service Refund processed successfully
2026-09-20 09:18:32 INFO monitoring-service Metrics scraped
2026-09-20 09:18:33 INFO worker-service Job completed successfully
2026-09-20 09:18:34 level=DEBUG service=search-service component=search-service request_id=req-989989 trace_id=trace-85661156 user_id=user-5783 status_code=200 latency_ms=128 message="Search query executed"
2026-09-20 09:18:35 INFO auth-service Token issued
2026-09-20 09:18:36 INFO auth-service User authenticated successfully
2026-09-20 09:18:37 level=INFO service=order-service component=order-service request_id=req-429844 trace_id=trace-69739816 user_id=user-2593 status_code=200 latency_ms=80 message="Order confirmed"
2026-09-20 09:18:38 level=INFO service=notification-service component=notification-service request_id=req-393780 trace_id=trace-77241680 user_id=user-6899 status_code=200 latency_ms=29 message="Push notification sent"
2026-09-20 09:18:39 level=INFO service=auth-service component=auth-service request_id=req-924915 trace_id=trace-58820841 user_id=user-8027 status_code=200 latency_ms=158 message="Token refreshed"
2026-09-20 09:18:40 level=INFO service=order-service component=order-service request_id=req-183360 trace_id=trace-77190675 user_id=user-1688 status_code=200 latency_ms=261 message="Order status updated"
2026-09-20 09:18:41 INFO payment-service Payment request received
2026-09-20 09:18:42 INFO user-service Profile cache warmed
2026-09-20 09:18:43 INFO search-service Index refreshed
2026-09-20 09:18:44 INFO search-service Index refreshed
2026-09-20 09:18:45 INFO notification-service SMS delivered
2026-09-20 09:18:46 INFO notification-service Push notification sent
2026-09-20 09:18:47 INFO search-service Search query executed
2026-09-20 09:18:48 INFO redis-service Key expired normally
2026-09-20 09:18:49 level=INFO service=user-service component=user-service request_id=req-835732 trace_id=trace-44339920 user_id=user-6785 status_code=200 latency_ms=231 message="User preferences updated"
2026-09-20 09:18:50 INFO user-service User created
2026-09-20 09:18:51 level=INFO service=order-service component=order-service request_id=req-199703 trace_id=trace-11771411 user_id=user-1267 status_code=200 latency_ms=219 message="Order confirmed"
2026-09-20 09:18:52 INFO order-service Order confirmed
2026-09-20 09:18:53 DEBUG search-service Search query executed
2026-09-20 09:18:54 INFO redis-service Cache set
2026-09-20 09:18:55 INFO payment-service Refund processed successfully
2026-09-20 09:18:56 INFO inventory-service Stock level checked
2026-09-20 09:18:57 level=INFO service=user-service component=user-service request_id=req-704668 trace_id=trace-14451382 user_id=user-1595 status_code=200 latency_ms=249 message="User created"
2026-09-20 09:18:58 level=INFO service=inventory-service component=inventory-service request_id=req-195670 trace_id=trace-12285274 user_id=user-9895 status_code=200 latency_ms=145 message="Inventory released"
2026-09-20 09:18:59 INFO api-gateway Request routed successfully
2026-09-20 09:19:00 INFO search-service Query results returned
2026-09-20 09:19:01 WARNING user-service User created
2026-09-20 09:19:02 INFO inventory-service Inventory reserved
2026-09-20 09:19:03 INFO api-gateway TLS handshake completed
2026-09-20 09:19:04 INFO order-service Order confirmed
2026-09-20 09:19:05 INFO api-gateway Response sent
2026-09-20 09:19:06 DEBUG inventory-service Stock level checked
2026-09-20 09:19:07 INFO payment-service Payment request received
2026-09-20 09:19:08 INFO search-service Query results returned
2026-09-20 09:19:09 INFO scheduler-service Scheduled job started
2026-09-20 09:19:10 level=INFO service=payment-service component=payment-service request_id=req-454493 trace_id=trace-53305767 user_id=user-4550 status_code=200 latency_ms=215 message="Refund processed successfully"
2026-09-20 09:19:11 INFO notification-service Email queued
2026-09-20 09:19:12 level=INFO service=payment-service component=payment-service request_id=req-146378 trace_id=trace-43402877 user_id=user-3476 status_code=200 latency_ms=295 message="Payment request received"
2026-09-20 09:19:13 level=INFO service=scheduler-service component=scheduler-service request_id=req-400883 trace_id=trace-45905313 user_id=user-2984 status_code=200 latency_ms=51 message="Cron tick processed"
2026-09-20 09:19:14 INFO database-service Query executed successfully
2026-09-20 09:19:15 level=INFO service=inventory-service component=inventory-service request_id=req-204336 trace_id=trace-49493829 user_id=user-7691 status_code=200 latency_ms=47 message="Inventory released"
2026-09-20 09:19:16 INFO redis-service Cache set
2026-09-20 09:19:17 level=INFO service=payment-service component=payment-service request_id=req-493100 trace_id=trace-38048640 user_id=user-9930 status_code=200 latency_ms=77 message="Refund processed successfully"
2026-09-20 09:19:18 level=INFO service=monitoring-service component=monitoring-service request_id=req-480133 trace_id=trace-53723220 user_id=user-7508 status_code=200 latency_ms=119 message="Health probe OK"
2026-09-20 09:19:19 INFO database-service Connection acquired from pool
2026-09-20 09:19:20 INFO auth-service User authenticated successfully
2026-09-20 09:19:21 INFO auth-service Token refreshed
2026-09-20 09:19:22 level=INFO service=notification-service component=notification-service request_id=req-311108 trace_id=trace-60619011 user_id=user-3921 status_code=200 latency_ms=71 message="Push notification sent"
2026-09-20 09:19:23 INFO payment-service Payment gateway responded 200
2026-09-20 09:19:24 level=DEBUG service=order-service component=order-service request_id=req-539448 trace_id=trace-25146587 user_id=user-3148 status_code=200 latency_ms=164 message="Order status updated"
2026-09-20 09:19:25 INFO api-gateway Response sent
2026-09-20 09:19:26 INFO redis-service Cache warmed
2026-09-20 09:19:27 level=INFO service=search-service component=search-service request_id=req-640771 trace_id=trace-24632742 user_id=user-4310 status_code=200 latency_ms=166 message="Search query executed"
2026-09-20 09:19:28 level=INFO service=worker-service component=worker-service request_id=req-549450 trace_id=trace-93468824 user_id=user-5510 status_code=200 latency_ms=140 message="Job picked up"
2026-09-20 09:19:29 level=INFO service=payment-service component=payment-service request_id=req-806359 trace_id=trace-10431428 user_id=user-8345 status_code=200 latency_ms=30 message="Payment captured"
2026-09-20 09:19:30 INFO worker-service Job completed successfully
2026-09-20 09:19:31 WARNING inventory-service Inventory reserved
2026-09-20 09:19:32 level=INFO service=user-service component=user-service request_id=req-812819 trace_id=trace-55682983 user_id=user-9539 status_code=200 latency_ms=116 message="Profile cache warmed"
2026-09-20 09:19:33 level=INFO service=database-service component=database-service request_id=req-143947 trace_id=trace-90045747 user_id=user-2013 status_code=200 latency_ms=120 message="Transaction committed"
2026-09-20 09:19:34 INFO database-service Transaction committed
2026-09-20 09:19:35 INFO worker-service Job completed successfully
2026-09-20 09:19:36 INFO user-service Profile cache warmed
2026-09-20 09:19:37 INFO payment-service Payment authorized
2026-09-20 09:19:38 INFO scheduler-service Scheduled job started
2026-09-20 09:19:39 INFO notification-service SMS delivered
2026-09-20 09:19:40 level=INFO service=inventory-service component=inventory-service request_id=req-290403 trace_id=trace-21208190 user_id=user-5707 status_code=200 latency_ms=55 message="Stock level checked"
2026-09-20 09:19:41 INFO user-service User created
2026-09-20 09:19:42 level=INFO service=monitoring-service component=monitoring-service request_id=req-269013 trace_id=trace-69718303 user_id=user-3788 status_code=200 latency_ms=147 message="Alert evaluated: no action"
2026-09-20 09:19:43 INFO redis-service Cache set
2026-09-20 09:19:44 INFO redis-service Cache hit
2026-09-20 09:19:45 INFO notification-service SMS delivered
2026-09-20 09:19:46 level=DEBUG service=notification-service component=notification-service request_id=req-395274 trace_id=trace-50940307 user_id=user-8541 status_code=200 latency_ms=252 message="Email queued"
2026-09-20 09:19:47 INFO database-service Index scan completed
2026-09-20 09:19:48 INFO payment-service Payment captured
2026-09-20 09:19:49 INFO auth-service Logout successful
2026-09-20 09:19:50 INFO order-service Order shipped
2026-09-20 09:19:51 INFO user-service User profile fetched
2026-09-20 09:19:52 INFO redis-service Cache set
2026-09-20 09:19:53 level=INFO service=user-service component=user-service request_id=req-542788 trace_id=trace-36351512 user_id=user-9893 status_code=200 latency_ms=89 message="Profile cache warmed"
2026-09-20 09:19:54 level=INFO service=scheduler-service component=scheduler-service request_id=req-713702 trace_id=trace-49684340 user_id=user-8704 status_code=200 latency_ms=85 message="Cron tick processed"
2026-09-20 09:19:55 INFO scheduler-service Cron tick processed
2026-09-20 09:19:56 INFO order-service Order shipped
2026-09-20 09:19:57 INFO notification-service SMS delivered
2026-09-20 09:19:58 INFO user-service Profile cache warmed
2026-09-20 09:19:59 INFO notification-service Email queued
2026-09-20 09:20:00 level=INFO service=search-service component=search-service request_id=req-735557 trace_id=trace-95999069 user_id=user-7754 status_code=200 latency_ms=105 message="Query results returned"
2026-09-20 09:20:01 INFO order-service Order shipped
2026-09-20 09:20:02 INFO auth-service User authenticated successfully
2026-09-20 09:20:03 INFO scheduler-service Scheduled job started
2026-09-20 09:20:04 INFO payment-service Payment gateway responded 200
2026-09-20 09:20:05 INFO scheduler-service Scheduled job completed
2026-09-20 09:20:06 level=INFO service=database-service component=database-service request_id=req-397120 trace_id=trace-51674287 user_id=user-1710 status_code=200 latency_ms=272 message="Query executed successfully"
2026-09-20 09:20:07 INFO scheduler-service Scheduled job completed
2026-09-20 09:20:08 DEBUG scheduler-service Scheduled job started
2026-09-20 09:20:09 level=INFO service=payment-service component=payment-service request_id=req-470023 trace_id=trace-78719799 user_id=user-9946 status_code=200 latency_ms=88 message="Refund processed successfully"
2026-09-20 09:20:10 INFO auth-service Logout successful
2026-09-20 09:20:11 INFO order-service Order confirmed
2026-09-20 09:20:12 INFO payment-service Payment gateway responded 200
2026-09-20 09:20:13 INFO order-service Order created
2026-09-20 09:20:14 level=INFO service=redis-service component=redis-service request_id=req-766885 trace_id=trace-74075629 user_id=user-6010 status_code=200 latency_ms=70 message="Key expired normally"
2026-09-20 09:20:15 INFO monitoring-service Health probe OK
2026-09-20 09:20:16 WARNING inventory-service Inventory released
2026-09-20 09:20:17 level=INFO service=notification-service component=notification-service request_id=req-124745 trace_id=trace-50676330 user_id=user-8515 status_code=200 latency_ms=255 message="SMS delivered"
2026-09-20 09:20:18 INFO api-gateway Health check OK
2026-09-20 09:20:19 level=INFO service=monitoring-service component=monitoring-service request_id=req-495089 trace_id=trace-78391115 user_id=user-4034 status_code=200 latency_ms=26 message="Alert evaluated: no action"
2026-09-20 09:20:20 level=INFO service=payment-service component=payment-service request_id=req-998714 trace_id=trace-59409421 user_id=user-9427 status_code=200 latency_ms=127 message="Payment authorized"
2026-09-20 09:20:21 INFO payment-service Payment gateway responded 200
2026-09-20 09:20:22 level=WARNING service=database-service component=database-service request_id=req-764786 trace_id=trace-34431248 user_id=user-5324 status_code=200 latency_ms=236 message="Transaction committed"
2026-09-20 09:20:23 INFO inventory-service Stock level checked
2026-09-20 09:20:24 level=INFO service=redis-service component=redis-service request_id=req-724271 trace_id=trace-18509028 user_id=user-9402 status_code=200 latency_ms=200 message="Cache set"
2026-09-20 09:20:25 INFO monitoring-service Health probe OK
2026-09-20 09:20:26 INFO inventory-service Stock level checked
2026-09-20 09:20:27 level=INFO service=search-service component=search-service request_id=req-397242 trace_id=trace-57665338 user_id=user-6237 status_code=200 latency_ms=297 message="Search query executed"
2026-09-20 09:20:28 level=INFO service=inventory-service component=inventory-service request_id=req-437014 trace_id=trace-49517659 user_id=user-9224 status_code=200 latency_ms=34 message="Stock level checked"
2026-09-20 09:20:29 INFO scheduler-service Scheduled job started
2026-09-20 09:20:30 INFO monitoring-service Metrics scraped
2026-09-20 09:20:31 INFO worker-service Worker heartbeat OK
2026-09-20 09:20:32 INFO database-service Transaction committed
2026-09-20 09:20:33 INFO worker-service Job picked up
2026-09-20 09:20:34 level=INFO service=notification-service component=notification-service request_id=req-756842 trace_id=trace-19969154 user_id=user-8216 status_code=200 latency_ms=16 message="Email queued"
2026-09-20 09:20:35 INFO payment-service Payment captured
2026-09-20 09:20:36 INFO inventory-service Inventory reserved
2026-09-20 09:20:37 INFO user-service User created
2026-09-20 09:20:38 level=INFO service=payment-service component=payment-service request_id=req-824277 trace_id=trace-66794283 user_id=user-8745 status_code=200 latency_ms=193 message="Refund processed successfully"
2026-09-20 09:20:39 level=INFO service=order-service component=order-service request_id=req-956243 trace_id=trace-75952016 user_id=user-1834 status_code=200 latency_ms=159 message="Order status updated"
2026-09-20 09:20:40 INFO user-service User preferences updated
2026-09-20 09:20:41 WARNING user-service Profile cache warmed
2026-09-20 09:20:42 INFO api-gateway TLS handshake completed
2026-09-20 09:20:43 INFO payment-service Payment captured
2026-09-20 09:20:44 INFO order-service Order created
2026-09-20 09:20:45 INFO monitoring-service Alert evaluated: no action
2026-09-20 09:20:46 level=INFO service=inventory-service component=inventory-service request_id=req-769733 trace_id=trace-72958519 user_id=user-7394 status_code=200 latency_ms=278 message="Stock level checked"
2026-09-20 09:20:47 INFO scheduler-service Scheduled job started
2026-09-20 09:20:48 INFO notification-service Email queued
2026-09-20 09:20:49 DEBUG payment-service Payment captured
2026-09-20 09:20:50 INFO monitoring-service Alert evaluated: no action
2026-09-20 09:20:51 level=INFO service=user-service component=user-service request_id=req-804146 trace_id=trace-85934342 user_id=user-8289 status_code=200 latency_ms=152 message="Profile cache warmed"
2026-09-20 09:20:52 INFO order-service Order created
2026-09-20 09:20:53 INFO api-gateway TLS handshake completed
2026-09-20 09:20:54 INFO api-gateway TLS handshake completed
2026-09-20 09:20:55 level=INFO service=payment-service component=payment-service request_id=req-538321 trace_id=trace-24277696 user_id=user-2588 status_code=200 latency_ms=162 message="Payment captured"
2026-09-20 09:20:56 INFO inventory-service Inventory reserved
2026-09-20 09:20:57 INFO auth-service Token refreshed
2026-09-20 09:20:58 INFO monitoring-service Health probe OK
2026-09-20 09:20:59 level=INFO service=worker-service component=worker-service request_id=req-166942 trace_id=trace-25370822 user_id=user-4753 status_code=200 latency_ms=297 message="Job picked up"
2026-09-20 09:21:00 INFO api-gateway TLS handshake completed
2026-09-20 09:21:01 level=INFO service=search-service component=search-service request_id=req-768606 trace_id=trace-93283340 user_id=user-6296 status_code=200 latency_ms=237 message="Search query executed"
2026-09-20 09:21:02 INFO worker-service Job picked up
2026-09-20 09:21:03 INFO auth-service Token issued
2026-09-20 09:21:04 INFO monitoring-service Alert evaluated: no action
2026-09-20 09:21:05 INFO api-gateway Incoming request accepted
2026-09-20 09:21:06 INFO scheduler-service Scheduled job completed
2026-09-20 09:21:07 level=INFO service=monitoring-service component=monitoring-service request_id=req-502697 trace_id=trace-11337501 user_id=user-8012 status_code=200 latency_ms=46 message="Health probe OK"
2026-09-20 09:21:08 INFO api-gateway TLS handshake completed
2026-09-20 09:21:09 INFO scheduler-service Scheduled job started
2026-09-20 09:21:10 INFO payment-service Payment authorized
2026-09-20 09:21:11 DEBUG order-service Order created
2026-09-20 09:21:12 INFO scheduler-service Scheduled job completed
2026-09-20 09:21:13 INFO order-service Order confirmed
2026-09-20 09:21:14 INFO payment-service Payment authorized
2026-09-20 09:21:15 INFO notification-service SMS delivered
2026-09-20 09:21:16 level=INFO service=auth-service component=auth-service request_id=req-182756 trace_id=trace-49397784 user_id=user-2703 status_code=200 latency_ms=148 message="User authenticated successfully"
2026-09-20 09:21:17 INFO auth-service Logout successful
2026-09-20 09:21:18 level=INFO service=notification-service component=notification-service request_id=req-594636 trace_id=trace-42194119 user_id=user-9794 status_code=200 latency_ms=104 message="SMS delivered"
2026-09-20 09:21:19 INFO user-service Profile cache warmed
2026-09-20 09:21:20 INFO redis-service Cache hit
2026-09-20 09:21:21 WARNING notification-service SMS delivered
2026-09-20 09:21:22 INFO monitoring-service Alert evaluated: no action
2026-09-20 09:21:23 INFO database-service Connection acquired from pool
2026-09-20 09:21:24 INFO search-service Query results returned
2026-09-20 09:21:25 level=INFO service=notification-service component=notification-service request_id=req-723249 trace_id=trace-43942994 user_id=user-5206 status_code=200 latency_ms=139 message="Email queued"
2026-09-20 09:21:26 WARNING monitoring-service Alert evaluated: no action
2026-09-20 09:21:27 DEBUG user-service User created
2026-09-20 09:21:28 INFO redis-service Cache hit
2026-09-20 09:21:29 level=INFO service=auth-service component=auth-service request_id=req-220081 trace_id=trace-51551104 user_id=user-7327 status_code=200 latency_ms=257 message="Token issued"
2026-09-20 09:21:30 INFO inventory-service Stock level checked
2026-09-20 09:21:31 INFO worker-service Worker heartbeat OK
2026-09-20 09:21:32 level=WARNING service=payment-service component=payment-service request_id=req-975641 trace_id=trace-92695724 user_id=user-2103 status_code=200 latency_ms=224 message="Payment gateway responded 200"
2026-09-20 09:21:33 INFO api-gateway Response sent
2026-09-20 09:21:34 INFO redis-service Cache set
2026-09-20 09:21:35 INFO api-gateway Request routed successfully
2026-09-20 09:21:36 INFO api-gateway TLS handshake completed
2026-09-20 09:21:37 INFO scheduler-service Scheduled job completed
2026-09-20 09:21:38 INFO user-service User preferences updated
2026-09-20 09:21:39 INFO database-service Query executed successfully
2026-09-20 09:21:40 level=INFO service=monitoring-service component=monitoring-service request_id=req-479862 trace_id=trace-27697461 user_id=user-7586 status_code=200 latency_ms=154 message="Metrics scraped"
2026-09-20 09:21:41 INFO inventory-service Inventory released
2026-09-20 09:21:42 INFO auth-service Token refreshed
2026-09-20 09:21:43 INFO order-service Order confirmed
2026-09-20 09:21:44 INFO api-gateway Request routed successfully
2026-09-20 09:21:45 INFO redis-service Cache warmed
2026-09-20 09:21:46 INFO order-service Order created
2026-09-20 09:21:47 level=INFO service=database-service component=database-service request_id=req-486619 trace_id=trace-53745984 user_id=user-8038 status_code=200 latency_ms=274 message="Connection acquired from pool"
2026-09-20 09:21:48 INFO monitoring-service Alert evaluated: no action
2026-09-20 09:21:49 INFO payment-service Payment captured
2026-09-20 09:21:50 level=INFO service=inventory-service component=inventory-service request_id=req-856129 trace_id=trace-76068777 user_id=user-4290 status_code=200 latency_ms=37 message="Inventory released"
2026-09-20 09:21:51 INFO auth-service User authenticated successfully
2026-09-20 09:21:52 INFO search-service Search query executed
2026-09-20 09:21:53 level=INFO service=database-service component=database-service request_id=req-957846 trace_id=trace-52818952 user_id=user-4165 status_code=200 latency_ms=102 message="Query executed successfully"
2026-09-20 09:21:54 INFO monitoring-service Alert evaluated: no action
2026-09-20 09:21:55 INFO search-service Index refreshed
2026-09-20 09:21:56 INFO inventory-service Inventory reserved
2026-09-20 09:21:57 level=INFO service=worker-service component=worker-service request_id=req-618919 trace_id=trace-45541424 user_id=user-8071 status_code=200 latency_ms=25 message="Job completed successfully"
2026-09-20 09:21:58 INFO database-service Index scan completed
2026-09-20 09:21:59 level=INFO service=redis-service component=redis-service request_id=req-251467 trace_id=trace-22919433 user_id=user-1769 status_code=200 latency_ms=273 message="Cache hit"
2026-09-20 09:22:00 INFO database-service Query executed successfully
2026-09-20 09:22:01 INFO monitoring-service Health probe OK
2026-09-20 09:22:02 INFO redis-service Cache warmed
2026-09-20 09:22:03 level=INFO service=api-gateway component=api-gateway request_id=req-591240 trace_id=trace-64531164 user_id=user-7659 status_code=200 latency_ms=239 message="Rate limit check passed"
2026-09-20 09:22:04 INFO database-service Connection acquired from pool
2026-09-20 09:22:05 level=INFO service=order-service component=order-service request_id=req-922918 trace_id=trace-11017320 user_id=user-3883 status_code=200 latency_ms=263 message="Order status updated"
