2026-09-20 08:00:00 INFO user-service Profile cache warmed
2026-09-20 08:00:01 INFO user-service User profile fetched
2026-09-20 08:00:02 INFO payment-service Payment authorized
2026-09-20 08:00:03 ERROR database-service Connection timeout after 5000ms
2026-09-20 08:00:04 INFO scheduler-service Scheduled job completed
2026-09-20 08:00:05 INFO notification-service SMS delivered
2026-09-20 08:00:06 INFO redis-service Cache set
2026-09-20 08:00:07 INFO order-service Order confirmed
2026-09-20 08:00:08 INFO api-gateway TLS handshake completed
2026-09-20 08:00:09 INFO auth-service Session created
2026-09-20 08:00:10 INFO scheduler-service Cron tick processed
2026-09-20 08:00:11 INFO notification-service Email queued
2026-09-20 08:00:12 INFO worker-service Worker heartbeat OK
2026-09-20 08:00:13 INFO notification-service SMS delivered
2026-09-20 08:00:14 INFO inventory-service Inventory released
2026-09-20 08:00:15 INFO search-service Search query executed
2026-09-20 08:00:16 INFO payment-service Payment gateway responded 200
2026-09-20 08:00:17 ERROR database-service Connection timeout after 5000ms
2026-09-20 08:00:18 INFO scheduler-service Scheduled job started
2026-09-20 08:00:19 INFO api-gateway Rate limit check passed
2026-09-20 08:00:20 INFO payment-service Refund processed successfully
2026-09-20 08:00:21 INFO user-service User created
2026-09-20 08:00:22 INFO redis-service Key expired normally
2026-09-20 08:00:23 INFO inventory-service Inventory released
2026-09-20 08:00:24 ERROR database-service Connection timeout after 5000ms
2026-09-20 08:00:25 INFO auth-service Token refreshed
2026-09-20 08:00:26 ERROR database-service Connection timeout after 5000ms
2026-09-20 08:00:27 INFO worker-service Worker heartbeat OK
2026-09-20 08:00:28 INFO payment-service Refund processed successfully
2026-09-20 08:00:29 INFO payment-service Refund processed successfully
2026-09-20 08:00:30 INFO scheduler-service Cron tick processed
2026-09-20 08:00:31 INFO monitoring-service Health probe OK
2026-09-20 08:00:32 INFO database-service Query executed successfully
2026-09-20 08:00:33 ERROR database-service Connection timeout after 5000ms
2026-09-20 08:00:34 INFO database-service Query executed successfully
2026-09-20 08:00:35 INFO database-service Transaction committed
2026-09-20 08:00:36 INFO payment-service Payment authorized
2026-09-20 08:00:37 INFO api-gateway Incoming request accepted
2026-09-20 08:00:38 INFO worker-service Job completed successfully
2026-09-20 08:00:39 ERROR database-service Connection timeout after 5000ms
2026-09-20 08:00:40 INFO monitoring-service Alert evaluated: no action
2026-09-20 08:00:41 ERROR database-service Connection timeout after 5000ms
2026-09-20 08:00:42 INFO monitoring-service Health probe OK
2026-09-20 08:00:43 INFO api-gateway Health check OK
2026-09-20 08:00:44 INFO worker-service Worker heartbeat OK
2026-09-20 08:00:45 ERROR database-service Connection timeout after 5000ms
2026-09-20 08:00:46 INFO redis-service Cache hit
2026-09-20 08:00:47 INFO auth-service Token refreshed
2026-09-20 08:00:48 INFO api-gateway Incoming request accepted
2026-09-20 08:00:49 INFO api-gateway Response sent
2026-09-20 08:00:50 INFO database-service Index scan completed
2026-09-20 08:00:51 ERROR database-service Connection timeout after 5000ms
2026-09-20 08:00:52 INFO search-service Index refreshed
2026-09-20 08:00:53 INFO notification-service Push notification sent
2026-09-20 08:00:54 INFO search-service Index refreshed
2026-09-20 08:00:55 INFO redis-service Cache warmed
2026-09-20 08:00:56 INFO payment-service Payment captured
2026-09-20 08:00:57 INFO api-gateway Response sent
2026-09-20 08:00:58 INFO redis-service Key expired normally
2026-09-20 08:00:59 INFO search-service Search query executed
2026-09-20 08:01:00 INFO scheduler-service Scheduled job completed
2026-09-20 08:01:01 INFO notification-service Push notification sent
2026-09-20 08:01:02 INFO search-service Search query executed
2026-09-20 08:01:03 INFO auth-service Session created
2026-09-20 08:01:04 ERROR database-service Connection timeout after 5000ms
2026-09-20 08:01:05 INFO inventory-service Stock level checked
2026-09-20 08:01:06 INFO database-service Query executed successfully
2026-09-20 08:01:07 INFO database-service Query executed successfully
2026-09-20 08:01:08 INFO notification-service SMS delivered
2026-09-20 08:01:09 INFO scheduler-service Cron tick processed
2026-09-20 08:01:10 INFO database-service Connection acquired from pool
2026-09-20 08:01:11 INFO payment-service Refund processed successfully
2026-09-20 08:01:12 INFO worker-service Job completed successfully
2026-09-20 08:01:13 INFO database-service Query executed successfully
2026-09-20 08:01:14 INFO auth-service Token refreshed
2026-09-20 08:01:15 INFO scheduler-service Cron tick processed
2026-09-20 08:01:16 INFO user-service User created
2026-09-20 08:01:17 INFO payment-service Payment authorized
2026-09-20 08:01:18 ERROR database-service Connection timeout after 5000ms
2026-09-20 08:01:19 ERROR database-service Connection timeout after 5000ms
2026-09-20 08:01:20 INFO user-service Profile cache warmed
2026-09-20 08:01:21 INFO inventory-service Inventory released
2026-09-20 08:01:22 INFO search-service Search query executed
2026-09-20 08:01:23 INFO user-service User preferences updated
2026-09-20 08:01:24 ERROR database-service Connection timeout after 5000ms
2026-09-20 08:01:25 INFO payment-service Payment gateway responded 200
2026-09-20 08:01:26 INFO notification-service Email queued
2026-09-20 08:01:27 INFO api-gateway Rate limit check passed
2026-09-20 08:01:28 INFO notification-service Email queued
2026-09-20 08:01:29 ERROR database-service Connection timeout after 5000ms
2026-09-20 08:01:30 ERROR database-service Connection timeout after 5000ms
2026-09-20 08:01:31 INFO worker-service Worker heartbeat OK
2026-09-20 08:01:32 ERROR database-service Connection timeout after 5000ms
2026-09-20 08:01:33 INFO redis-service Cache hit
2026-09-20 08:01:34 INFO payment-service Payment gateway responded 200
2026-09-20 08:01:35 INFO scheduler-service Scheduled job started
2026-09-20 08:01:36 INFO redis-service Cache warmed
2026-09-20 08:01:37 INFO notification-service Push notification sent
2026-09-20 08:01:38 INFO order-service Order shipped
2026-09-20 08:01:39 ERROR database-service Connection timeout after 5000ms
2026-09-20 08:01:40 ERROR database-service Connection timeout after 5000ms
2026-09-20 08:01:41 ERROR database-service Connection timeout after 5000ms
2026-09-20 08:01:42 INFO inventory-service Stock level checked
2026-09-20 08:01:43 INFO database-service Transaction committed
2026-09-20 08:01:44 INFO user-service Profile cache warmed
2026-09-20 08:01:45 INFO auth-service Token refreshed
2026-09-20 08:01:46 ERROR database-service Connection timeout after 5000ms
2026-09-20 08:01:47 INFO worker-service Worker heartbeat OK
2026-09-20 08:01:48 INFO notification-service Email queued
2026-09-20 08:01:49 INFO redis-service Cache hit
2026-09-20 08:01:50 ERROR database-service Connection timeout after 5000ms
2026-09-20 08:01:51 ERROR database-service Connection timeout after 5000ms
2026-09-20 08:01:52 INFO auth-service User authenticated successfully
2026-09-20 08:01:53 INFO monitoring-service Alert evaluated: no action
2026-09-20 08:01:54 INFO search-service Search query executed
2026-09-20 08:01:55 INFO user-service Profile cache warmed
2026-09-20 08:01:56 INFO api-gateway TLS handshake completed
2026-09-20 08:01:57 INFO monitoring-service Metrics scraped
2026-09-20 08:01:58 INFO monitoring-service Alert evaluated: no action
2026-09-20 08:01:59 INFO search-service Query results returned
2026-09-20 08:02:00 INFO database-service Connection acquired from pool
2026-09-20 08:02:01 INFO database-service Transaction committed
2026-09-20 08:02:02 INFO scheduler-service Cron tick processed
2026-09-20 08:02:03 INFO worker-service Job completed successfully
2026-09-20 08:02:04 INFO api-gateway Response sent
2026-09-20 08:02:05 INFO order-service Order shipped
2026-09-20 08:02:06 ERROR database-service Connection timeout after 5000ms
2026-09-20 08:02:07 INFO monitoring-service Health probe OK
2026-09-20 08:02:08 INFO order-service Order created
2026-09-20 08:02:09 INFO notification-service Push notification sent
2026-09-20 08:02:10 INFO scheduler-service Scheduled job started
2026-09-20 08:02:11 INFO user-service User profile fetched
2026-09-20 08:02:12 INFO redis-service Key expired normally
2026-09-20 08:02:13 INFO inventory-service Stock level checked
2026-09-20 08:02:14 INFO auth-service Token refreshed
2026-09-20 08:02:15 INFO search-service Query results returned
2026-09-20 08:02:16 INFO auth-service Token issued
2026-09-20 08:02:17 INFO payment-service Payment captured
2026-09-20 08:02:18 ERROR database-service Connection timeout after 5000ms
2026-09-20 08:02:19 INFO notification-service SMS delivered
2026-09-20 08:02:20 INFO inventory-service Inventory reserved
2026-09-20 08:02:21 INFO notification-service Email queued
2026-09-20 08:02:22 INFO scheduler-service Scheduled job started
2026-09-20 08:02:23 INFO user-service User profile fetched
2026-09-20 08:02:24 INFO payment-service Payment authorized
2026-09-20 08:02:25 ERROR database-service Connection timeout after 5000ms
2026-09-20 08:02:26 ERROR database-service Connection timeout after 5000ms
2026-09-20 08:02:27 INFO user-service Profile cache warmed
2026-09-20 08:02:28 ERROR database-service Connection timeout after 5000ms
2026-09-20 08:02:29 INFO notification-service Push notification sent
2026-09-20 08:02:30 INFO search-service Search query executed
2026-09-20 08:02:31 INFO scheduler-service Scheduled job started
2026-09-20 08:02:32 INFO scheduler-service Scheduled job completed
2026-09-20 08:02:33 INFO auth-service Token issued
2026-09-20 08:02:34 ERROR database-service Connection timeout after 5000ms
2026-09-20 08:02:35 ERROR database-service Connection timeout after 5000ms
2026-09-20 08:02:36 ERROR database-service Connection timeout after 5000ms
2026-09-20 08:02:37 INFO search-service Query results returned
2026-09-20 08:02:38 INFO scheduler-service Scheduled job started
2026-09-20 08:02:39 INFO search-service Query results returned
2026-09-20 08:02:40 INFO user-service User preferences updated
2026-09-20 08:02:41 ERROR database-service Connection timeout after 5000ms
2026-09-20 08:02:42 INFO payment-service Payment authorized
2026-09-20 08:02:43 INFO worker-service Worker heartbeat OK
2026-09-20 08:02:44 ERROR database-service Connection timeout after 5000ms
2026-09-20 08:02:45 INFO redis-service Cache warmed
2026-09-20 08:02:46 INFO api-gateway Health check OK
2026-09-20 08:02:47 ERROR database-service Connection timeout after 5000ms
2026-09-20 08:02:48 INFO redis-service Cache set
2026-09-20 08:02:49 INFO notification-service SMS delivered
2026-09-20 08:02:50 INFO scheduler-service Cron tick processed
2026-09-20 08:02:51 INFO redis-service Cache hit
2026-09-20 08:02:52 INFO user-service User created
2026-09-20 08:02:53 INFO worker-service Worker heartbeat OK
2026-09-20 08:02:54 INFO redis-service Cache set
2026-09-20 08:02:55 INFO inventory-service Inventory released
2026-09-20 08:02:56 INFO api-gateway Rate limit check passed
2026-09-20 08:02:57 INFO redis-service Cache warmed
2026-09-20 08:02:58 INFO search-service Index refreshed
2026-09-20 08:02:59 INFO database-service Index scan completed
2026-09-20 08:03:00 INFO search-service Search query executed
2026-09-20 08:03:01 INFO order-service Order status updated
2026-09-20 08:03:02 INFO auth-service Token issued
2026-09-20 08:03:03 INFO search-service Query results returned
2026-09-20 08:03:04 INFO worker-service Worker heartbeat OK
2026-09-20 08:03:05 INFO redis-service Key expired normally
2026-09-20 08:03:06 ERROR database-service Connection timeout after 5000ms
2026-09-20 08:03:07 INFO monitoring-service Alert evaluated: no action
2026-09-20 08:03:08 INFO monitoring-service Health probe OK
2026-09-20 08:03:09 ERROR database-service Connection timeout after 5000ms
2026-09-20 08:03:10 ERROR database-service Connection timeout after 5000ms
2026-09-20 08:03:11 ERROR database-service Connection timeout after 5000ms
2026-09-20 08:03:12 INFO inventory-service Inventory reserved
2026-09-20 08:03:13 INFO monitoring-service Metrics scraped
2026-09-20 08:03:14 INFO worker-service Job completed successfully
2026-09-20 08:03:15 INFO redis-service Cache hit
2026-09-20 08:03:16 ERROR database-service Connection timeout after 5000ms
2026-09-20 08:03:17 INFO redis-service Cache set
2026-09-20 08:03:18 INFO user-service User profile fetched
2026-09-20 08:03:19 INFO search-service Index refreshed
2026-09-20 08:03:20 INFO redis-service Cache warmed
2026-09-20 08:03:21 INFO redis-service Cache hit
2026-09-20 08:03:22 INFO monitoring-service Metrics scraped
2026-09-20 08:03:23 INFO redis-service Key expired normally
2026-09-20 08:03:24 INFO order-service Order shipped
2026-09-20 08:03:25 INFO database-service Connection acquired from pool
2026-09-20 08:03:26 INFO auth-service Session created
2026-09-20 08:03:27 INFO order-service Order shipped
2026-09-20 08:03:28 INFO api-gateway Response sent
2026-09-20 08:03:29 INFO payment-service Refund processed successfully
2026-09-20 08:03:30 INFO search-service Index refreshed
2026-09-20 08:03:31 INFO payment-service Payment captured
2026-09-20 08:03:32 INFO notification-service Push notification sent
2026-09-20 08:03:33 INFO worker-service Job completed successfully
2026-09-20 08:03:34 INFO api-gateway Response sent
2026-09-20 08:03:35 INFO monitoring-service Alert evaluated: no action
2026-09-20 08:03:36 INFO payment-service Payment request received
2026-09-20 08:03:37 INFO notification-service Email queued
2026-09-20 08:03:38 ERROR database-service Connection timeout after 5000ms
2026-09-20 08:03:39 INFO auth-service Token issued
2026-09-20 08:03:40 INFO worker-service Job completed successfully
2026-09-20 08:03:41 INFO search-service Index refreshed
2026-09-20 08:03:42 ERROR database-service Connection timeout after 5000ms
2026-09-20 08:03:43 INFO redis-service Key expired normally
2026-09-20 08:03:44 INFO auth-service Token issued
2026-09-20 08:03:45 INFO search-service Index refreshed
2026-09-20 08:03:46 ERROR database-service Connection timeout after 5000ms
2026-09-20 08:03:47 INFO order-service Order confirmed
2026-09-20 08:03:48 INFO monitoring-service Alert evaluated: no action
2026-09-20 08:03:49 INFO redis-service Key expired normally
2026-09-20 08:03:50 INFO scheduler-service Cron tick processed
2026-09-20 08:03:51 INFO scheduler-service Scheduled job started
2026-09-20 08:03:52 INFO database-service Transaction committed
2026-09-20 08:03:53 INFO scheduler-service Scheduled job completed
2026-09-20 08:03:54 INFO redis-service Cache set
2026-09-20 08:03:55 INFO user-service Profile cache warmed
2026-09-20 08:03:56 INFO worker-service Job picked up
2026-09-20 08:03:57 INFO redis-service Cache warmed
2026-09-20 08:03:58 INFO user-service User profile fetched
2026-09-20 08:03:59 INFO inventory-service Inventory released
2026-09-20 08:04:00 INFO monitoring-service Metrics scraped
2026-09-20 08:04:01 INFO order-service Order status updated
2026-09-20 08:04:02 INFO order-service Order confirmed
2026-09-20 08:04:03 INFO api-gateway Response sent
2026-09-20 08:04:04 INFO database-service Query executed successfully
2026-09-20 08:04:05 INFO inventory-service Stock level checked
2026-09-20 08:04:06 ERROR database-service Connection timeout after 5000ms
2026-09-20 08:04:07 INFO user-service User preferences updated
2026-09-20 08:04:08 INFO monitoring-service Health probe OK
2026-09-20 08:04:09 INFO user-service User profile fetched
2026-09-20 08:04:10 INFO database-service Connection acquired from pool
2026-09-20 08:04:11 INFO database-service Transaction committed
2026-09-20 08:04:12 INFO notification-service SMS delivered
2026-09-20 08:04:13 INFO redis-service Key expired normally
2026-09-20 08:04:14 INFO order-service Order created
2026-09-20 08:04:15 INFO notification-service Email queued
2026-09-20 08:04:16 INFO api-gateway Request routed successfully
2026-09-20 08:04:17 INFO redis-service Key expired normally
2026-09-20 08:04:18 INFO auth-service Session created
2026-09-20 08:04:19 INFO auth-service Token issued
2026-09-20 08:04:20 INFO api-gateway Incoming request accepted
2026-09-20 08:04:21 INFO monitoring-service Alert evaluated: no action
2026-09-20 08:04:22 INFO worker-service Job completed successfully
2026-09-20 08:04:23 INFO redis-service Key expired normally
2026-09-20 08:04:24 INFO api-gateway Rate limit check passed
2026-09-20 08:04:25 INFO auth-service User authenticated successfully
2026-09-20 08:04:26 INFO payment-service Payment request received
2026-09-20 08:04:27 INFO notification-service SMS delivered
2026-09-20 08:04:28 INFO auth-service Session created
2026-09-20 08:04:29 INFO order-service Order created
2026-09-20 08:04:30 ERROR database-service Connection timeout after 5000ms
2026-09-20 08:04:31 INFO payment-service Payment captured
2026-09-20 08:04:32 INFO monitoring-service Alert evaluated: no action
2026-09-20 08:04:33 INFO order-service Order created
2026-09-20 08:04:34 INFO payment-service Payment gateway responded 200
2026-09-20 08:04:35 INFO auth-service Session created
2026-09-20 08:04:36 ERROR database-service Connection timeout after 5000ms
2026-09-20 08:04:37 INFO monitoring-service Alert evaluated: no action
2026-09-20 08:04:38 INFO monitoring-service Metrics scraped
2026-09-20 08:04:39 INFO search-service Index refreshed
2026-09-20 08:04:40 INFO scheduler-service Cron tick processed
2026-09-20 08:04:41 INFO auth-service Session created
2026-09-20 08:04:42 INFO user-service User created
2026-09-20 08:04:43 INFO search-service Index refreshed
2026-09-20 08:04:44 INFO inventory-service Inventory reserved
2026-09-20 08:04:45 INFO redis-service Cache warmed
2026-09-20 08:04:46 INFO monitoring-service Metrics scraped
2026-09-20 08:04:47 INFO order-service Order status updated
2026-09-20 08:04:48 INFO database-service Transaction committed
2026-09-20 08:04:49 INFO payment-service Payment captured
2026-09-20 08:04:50 INFO monitoring-service Health probe OK
2026-09-20 08:04:51 INFO order-service Order status updated
2026-09-20 08:04:52 INFO user-service User profile fetched
2026-09-20 08:04:53 INFO worker-service Worker heartbeat OK
2026-09-20 08:04:54 INFO database-service Query executed successfully
2026-09-20 08:04:55 ERROR database-service Connection timeout after 5000ms
2026-09-20 08:04:56 INFO database-service Query executed successfully
2026-09-20 08:04:57 INFO scheduler-service Scheduled job started
2026-09-20 08:04:58 INFO order-service Order confirmed
2026-09-20 08:04:59 INFO database-service Connection acquired from pool
2026-09-20 08:05:00 INFO search-service Index refreshed
2026-09-20 08:05:01 INFO scheduler-service Scheduled job started
2026-09-20 08:05:02 INFO payment-service Payment captured
2026-09-20 08:05:03 INFO inventory-service Inventory released
2026-09-20 08:05:04 INFO notification-service Email queued
2026-09-20 08:05:05 INFO order-service Order confirmed
2026-09-20 08:05:06 INFO inventory-service Inventory released
2026-09-20 08:05:07 INFO api-gateway Incoming request accepted
2026-09-20 08:05:08 INFO redis-service Cache warmed
2026-09-20 08:05:09 INFO monitoring-service Health probe OK
2026-09-20 08:05:10 INFO scheduler-service Cron tick processed
2026-09-20 08:05:11 INFO api-gateway Rate limit check passed
2026-09-20 08:05:12 ERROR database-service Connection timeout after 5000ms
2026-09-20 08:05:13 INFO monitoring-service Alert evaluated: no action
2026-09-20 08:05:14 INFO database-service Transaction committed
2026-09-20 08:05:15 INFO scheduler-service Scheduled job started
2026-09-20 08:05:16 ERROR database-service Connection timeout after 5000ms
2026-09-20 08:05:17 INFO scheduler-service Scheduled job completed
2026-09-20 08:05:18 INFO notification-service SMS delivered
2026-09-20 08:05:19 INFO user-service User preferences updated
2026-09-20 08:05:20 INFO redis-service Cache set
2026-09-20 08:05:21 INFO scheduler-service Scheduled job started
2026-09-20 08:05:22 INFO scheduler-service Scheduled job completed
2026-09-20 08:05:23 INFO search-service Search query executed
2026-09-20 08:05:24 INFO search-service Index refreshed
2026-09-20 08:05:25 INFO redis-service Cache set
2026-09-20 08:05:26 INFO database-service Connection acquired from pool
2026-09-20 08:05:27 INFO scheduler-service Scheduled job started
2026-09-20 08:05:28 INFO api-gateway Request routed successfully
2026-09-20 08:05:29 INFO user-service Profile cache warmed
2026-09-20 08:05:30 INFO order-service Order created
2026-09-20 08:05:31 INFO user-service User profile fetched
2026-09-20 08:05:32 INFO monitoring-service Alert evaluated: no action
2026-09-20 08:05:33 ERROR database-service Connection timeout after 5000ms
2026-09-20 08:05:34 INFO notification-service Push notification sent
2026-09-20 08:05:35 INFO database-service Transaction committed
2026-09-20 08:05:36 INFO inventory-service Inventory reserved
2026-09-20 08:05:37 INFO user-service User preferences updated
2026-09-20 08:05:38 ERROR database-service Connection timeout after 5000ms
2026-09-20 08:05:39 INFO scheduler-service Scheduled job completed
2026-09-20 08:05:40 ERROR database-service Connection timeout after 5000ms
2026-09-20 08:05:41 INFO notification-service Push notification sent
2026-09-20 08:05:42 INFO redis-service Key expired normally
2026-09-20 08:05:43 INFO redis-service Cache hit
2026-09-20 08:05:44 INFO inventory-service Inventory released
2026-09-20 08:05:45 INFO database-service Transaction committed
2026-09-20 08:05:46 INFO api-gateway Health check OK
2026-09-20 08:05:47 INFO search-service Query results returned
2026-09-20 08:05:48 ERROR database-service Connection timeout after 5000ms
2026-09-20 08:05:49 INFO user-service Profile cache warmed
2026-09-20 08:05:50 INFO payment-service Payment captured
2026-09-20 08:05:51 INFO scheduler-service Scheduled job completed
2026-09-20 08:05:52 INFO redis-service Cache hit
2026-09-20 08:05:53 INFO user-service Profile cache warmed
2026-09-20 08:05:54 INFO auth-service Token refreshed
2026-09-20 08:05:55 INFO redis-service Key expired normally
2026-09-20 08:05:56 INFO monitoring-service Alert evaluated: no action
2026-09-20 08:05:57 INFO notification-service SMS delivered
2026-09-20 08:05:58 INFO inventory-service Inventory reserved
2026-09-20 08:05:59 INFO worker-service Job completed successfully
2026-09-20 08:06:00 INFO database-service Transaction committed
2026-09-20 08:06:01 INFO payment-service Payment authorized
2026-09-20 08:06:02 INFO api-gateway Incoming request accepted
2026-09-20 08:06:03 ERROR database-service Connection timeout after 5000ms
2026-09-20 08:06:04 INFO inventory-service Inventory released
2026-09-20 08:06:05 INFO worker-service Job picked up
2026-09-20 08:06:06 INFO api-gateway Health check OK
2026-09-20 08:06:07 INFO auth-service Token refreshed
2026-09-20 08:06:08 INFO api-gateway Health check OK
2026-09-20 08:06:09 INFO scheduler-service Scheduled job started
2026-09-20 08:06:10 INFO scheduler-service Scheduled job started
2026-09-20 08:06:11 INFO api-gateway Request routed successfully
2026-09-20 08:06:12 INFO order-service Order created
2026-09-20 08:06:13 INFO notification-service Push notification sent
2026-09-20 08:06:14 INFO auth-service Logout successful
2026-09-20 08:06:15 INFO redis-service Key expired normally
2026-09-20 08:06:16 INFO api-gateway Incoming request accepted
2026-09-20 08:06:17 INFO user-service User preferences updated
2026-09-20 08:06:18 INFO monitoring-service Metrics scraped
2026-09-20 08:06:19 ERROR database-service Connection timeout after 5000ms
2026-09-20 08:06:20 INFO redis-service Cache set
2026-09-20 08:06:21 INFO monitoring-service Health probe OK
2026-09-20 08:06:22 INFO monitoring-service Alert evaluated: no action
2026-09-20 08:06:23 INFO user-service User profile fetched
2026-09-20 08:06:24 INFO payment-service Payment request received
2026-09-20 08:06:25 INFO inventory-service Inventory released
2026-09-20 08:06:26 INFO api-gateway Rate limit check passed
2026-09-20 08:06:27 ERROR database-service Connection timeout after 5000ms
2026-09-20 08:06:28 INFO order-service Order created
2026-09-20 08:06:29 INFO notification-service Push notification sent
2026-09-20 08:06:30 INFO inventory-service Stock level checked
2026-09-20 08:06:31 INFO payment-service Payment gateway responded 200
2026-09-20 08:06:32 ERROR database-service Connection timeout after 5000ms
2026-09-20 08:06:33 INFO payment-service Payment authorized
2026-09-20 08:06:34 INFO auth-service Logout successful
2026-09-20 08:06:35 INFO payment-service Payment request received
2026-09-20 08:06:36 ERROR database-service Connection timeout after 5000ms
2026-09-20 08:06:37 INFO scheduler-service Scheduled job started
2026-09-20 08:06:38 INFO monitoring-service Metrics scraped
2026-09-20 08:06:39 INFO search-service Query results returned
2026-09-20 08:06:40 INFO scheduler-service Cron tick processed
2026-09-20 08:06:41 INFO redis-service Cache hit
2026-09-20 08:06:42 INFO auth-service Session created
2026-09-20 08:06:43 INFO api-gateway Health check OK
2026-09-20 08:06:44 ERROR database-service Connection timeout after 5000ms
2026-09-20 08:06:45 INFO monitoring-service Alert evaluated: no action
2026-09-20 08:06:46 ERROR database-service Connection timeout after 5000ms
2026-09-20 08:06:47 INFO api-gateway TLS handshake completed
2026-09-20 08:06:48 INFO search-service Query results returned
2026-09-20 08:06:49 INFO worker-service Job picked up
2026-09-20 08:06:50 INFO api-gateway Rate limit check passed
2026-09-20 08:06:51 INFO redis-service Key expired normally
2026-09-20 08:06:52 INFO monitoring-service Metrics scraped
2026-09-20 08:06:53 INFO worker-service Worker heartbeat OK
2026-09-20 08:06:54 ERROR database-service Connection timeout after 5000ms
2026-09-20 08:06:55 INFO worker-service Job picked up
2026-09-20 08:06:56 INFO payment-service Payment gateway responded 200
2026-09-20 08:06:57 INFO scheduler-service Cron tick processed
2026-09-20 08:06:58 ERROR database-service Connection timeout after 5000ms
2026-09-20 08:06:59 INFO database-service Query executed successfully
2026-09-20 08:07:00 INFO user-service User profile fetched
2026-09-20 08:07:01 INFO search-service Query results returned
2026-09-20 08:07:02 INFO monitoring-service Metrics scraped
2026-09-20 08:07:03 ERROR database-service Connection timeout after 5000ms
2026-09-20 08:07:04 INFO user-service User profile fetched
2026-09-20 08:07:05 INFO scheduler-service Scheduled job completed
2026-09-20 08:07:06 INFO payment-service Payment captured
2026-09-20 08:07:07 ERROR database-service Connection timeout after 5000ms
2026-09-20 08:07:08 INFO order-service Order confirmed
2026-09-20 08:07:09 INFO notification-service Push notification sent
2026-09-20 08:07:10 INFO notification-service Email queued
2026-09-20 08:07:11 INFO api-gateway TLS handshake completed
2026-09-20 08:07:12 ERROR database-service Connection timeout after 5000ms
2026-09-20 08:07:13 INFO worker-service Job picked up
2026-09-20 08:07:14 INFO user-service Profile cache warmed
2026-09-20 08:07:15 INFO auth-service Logout successful
2026-09-20 08:07:16 INFO search-service Index refreshed
2026-09-20 08:07:17 ERROR database-service Connection timeout after 5000ms
2026-09-20 08:07:18 INFO scheduler-service Cron tick processed
2026-09-20 08:07:19 ERROR database-service Connection timeout after 5000ms
2026-09-20 08:07:20 INFO worker-service Job completed successfully
2026-09-20 08:07:21 INFO notification-service SMS delivered
2026-09-20 08:07:22 INFO search-service Query results returned
2026-09-20 08:07:23 ERROR database-service Connection timeout after 5000ms
2026-09-20 08:07:24 INFO database-service Query executed successfully
2026-09-20 08:07:25 INFO auth-service Session created
2026-09-20 08:07:26 INFO search-service Index refreshed
2026-09-20 08:07:27 INFO scheduler-service Scheduled job started
2026-09-20 08:07:28 ERROR database-service Connection timeout after 5000ms
2026-09-20 08:07:29 ERROR database-service Connection timeout after 5000ms
2026-09-20 08:07:30 INFO database-service Connection acquired from pool
2026-09-20 08:07:31 INFO user-service User preferences updated
2026-09-20 08:07:32 INFO auth-service Token refreshed
2026-09-20 08:07:33 INFO search-service Index refreshed
2026-09-20 08:07:34 INFO database-service Connection acquired from pool
2026-09-20 08:07:35 ERROR database-service Connection timeout after 5000ms
2026-09-20 08:07:36 INFO redis-service Cache warmed
2026-09-20 08:07:37 INFO notification-service Email queued
2026-09-20 08:07:38 INFO api-gateway TLS handshake completed
2026-09-20 08:07:39 INFO auth-service Token issued
2026-09-20 08:07:40 INFO inventory-service Inventory reserved
2026-09-20 08:07:41 ERROR database-service Connection timeout after 5000ms
2026-09-20 08:07:42 ERROR database-service Connection timeout after 5000ms
2026-09-20 08:07:43 INFO payment-service Refund processed successfully
2026-09-20 08:07:44 INFO monitoring-service Alert evaluated: no action
2026-09-20 08:07:45 INFO inventory-service Inventory released
2026-09-20 08:07:46 ERROR database-service Connection timeout after 5000ms
2026-09-20 08:07:47 INFO notification-service SMS delivered
2026-09-20 08:07:48 INFO auth-service Token refreshed
2026-09-20 08:07:49 INFO order-service Order created
2026-09-20 08:07:50 INFO api-gateway Incoming request accepted
2026-09-20 08:07:51 ERROR database-service Connection timeout after 5000ms
2026-09-20 08:07:52 INFO worker-service Worker heartbeat OK
2026-09-20 08:07:53 INFO auth-service Session created
2026-09-20 08:07:54 INFO order-service Order status updated
2026-09-20 08:07:55 INFO inventory-service Inventory released
2026-09-20 08:07:56 INFO order-service Order status updated
2026-09-20 08:07:57 INFO database-service Connection acquired from pool
2026-09-20 08:07:58 INFO auth-service Session created
2026-09-20 08:07:59 INFO payment-service Payment captured
2026-09-20 08:08:00 INFO user-service User created
2026-09-20 08:08:01 INFO inventory-service Stock level checked
2026-09-20 08:08:02 INFO order-service Order confirmed
2026-09-20 08:08:03 ERROR database-service Connection timeout after 5000ms
2026-09-20 08:08:04 INFO notification-service SMS delivered
2026-09-20 08:08:05 INFO redis-service Cache set
2026-09-20 08:08:06 INFO api-gateway TLS handshake completed
2026-09-20 08:08:07 INFO monitoring-service Metrics scraped
2026-09-20 08:08:08 INFO scheduler-service Scheduled job started
2026-09-20 08:08:09 ERROR database-service Connection timeout after 5000ms
2026-09-20 08:08:10 INFO order-service Order shipped
2026-09-20 08:08:11 INFO api-gateway Health check OK
2026-09-20 08:08:12 INFO api-gateway Rate limit check passed
2026-09-20 08:08:13 INFO inventory-service Inventory reserved
2026-09-20 08:08:14 INFO search-service Index refreshed
2026-09-20 08:08:15 ERROR database-service Connection timeout after 5000ms
2026-09-20 08:08:16 INFO scheduler-service Scheduled job completed
2026-09-20 08:08:17 INFO monitoring-service Alert evaluated: no action
2026-09-20 08:08:18 INFO api-gateway Rate limit check passed
2026-09-20 08:08:19 INFO order-service Order shipped
2026-09-20 08:08:20 INFO scheduler-service Cron tick processed
2026-09-20 08:08:21 INFO monitoring-service Metrics scraped
2026-09-20 08:08:22 INFO api-gateway Response sent
2026-09-20 08:08:23 INFO inventory-service Inventory reserved
2026-09-20 08:08:24 INFO search-service Search query executed
2026-09-20 08:08:25 INFO redis-service Cache set
2026-09-20 08:08:26 ERROR database-service Connection timeout after 5000ms
2026-09-20 08:08:27 ERROR database-service Connection timeout after 5000ms
2026-09-20 08:08:28 INFO scheduler-service Cron tick processed
2026-09-20 08:08:29 INFO search-service Index refreshed
2026-09-20 08:08:30 INFO auth-service Token issued
2026-09-20 08:08:31 INFO user-service User preferences updated
2026-09-20 08:08:32 INFO search-service Index refreshed
2026-09-20 08:08:33 INFO database-service Transaction committed
2026-09-20 08:08:34 INFO search-service Index refreshed
2026-09-20 08:08:35 INFO api-gateway Rate limit check passed
2026-09-20 08:08:36 INFO inventory-service Inventory released
2026-09-20 08:08:37 INFO search-service Index refreshed
2026-09-20 08:08:38 INFO redis-service Cache warmed
2026-09-20 08:08:39 INFO payment-service Refund processed successfully
2026-09-20 08:08:40 INFO redis-service Cache set
2026-09-20 08:08:41 INFO payment-service Payment request received
2026-09-20 08:08:42 INFO inventory-service Inventory released
2026-09-20 08:08:43 INFO monitoring-service Metrics scraped
2026-09-20 08:08:44 INFO auth-service User authenticated successfully
2026-09-20 08:08:45 ERROR database-service Connection timeout after 5000ms
2026-09-20 08:08:46 INFO search-service Query results returned
2026-09-20 08:08:47 INFO notification-service Email queued
2026-09-20 08:08:48 INFO payment-service Payment request received
2026-09-20 08:08:49 INFO notification-service Push notification sent
2026-09-20 08:08:50 INFO inventory-service Inventory reserved
2026-09-20 08:08:51 INFO worker-service Job completed successfully
2026-09-20 08:08:52 INFO api-gateway Request routed successfully
2026-09-20 08:08:53 INFO order-service Order confirmed
2026-09-20 08:08:54 INFO search-service Search query executed
2026-09-20 08:08:55 ERROR database-service Connection timeout after 5000ms
2026-09-20 08:08:56 INFO order-service Order created
2026-09-20 08:08:57 INFO worker-service Job completed successfully
2026-09-20 08:08:58 INFO monitoring-service Health probe OK
2026-09-20 08:08:59 INFO search-service Index refreshed
2026-09-20 08:09:00 INFO order-service Order status updated
2026-09-20 08:09:01 INFO database-service Connection acquired from pool
2026-09-20 08:09:02 INFO auth-service Logout successful
2026-09-20 08:09:03 INFO worker-service Worker heartbeat OK
2026-09-20 08:09:04 INFO auth-service Token refreshed
2026-09-20 08:09:05 INFO database-service Transaction committed
2026-09-20 08:09:06 INFO worker-service Job completed successfully
2026-09-20 08:09:07 ERROR database-service Connection timeout after 5000ms
2026-09-20 08:09:08 INFO notification-service Push notification sent
2026-09-20 08:09:09 INFO notification-service Push notification sent
2026-09-20 08:09:10 INFO notification-service Push notification sent
2026-09-20 08:09:11 ERROR database-service Connection timeout after 5000ms
2026-09-20 08:09:12 INFO notification-service Push notification sent
2026-09-20 08:09:13 INFO notification-service Email queued
2026-09-20 08:09:14 INFO payment-service Payment request received
2026-09-20 08:09:15 INFO notification-service Push notification sent
2026-09-20 08:09:16 INFO search-service Search query executed
2026-09-20 08:09:17 INFO auth-service Token refreshed
2026-09-20 08:09:18 INFO worker-service Job completed successfully
2026-09-20 08:09:19 INFO user-service User created
2026-09-20 08:09:20 INFO notification-service SMS delivered
2026-09-20 08:09:21 INFO redis-service Key expired normally
2026-09-20 08:09:22 ERROR database-service Connection timeout after 5000ms
2026-09-20 08:09:23 INFO scheduler-service Cron tick processed
2026-09-20 08:09:24 INFO database-service Transaction committed
2026-09-20 08:09:25 INFO worker-service Job completed successfully
2026-09-20 08:09:26 ERROR database-service Connection timeout after 5000ms
2026-09-20 08:09:27 INFO user-service User preferences updated
2026-09-20 08:09:28 INFO api-gateway Request routed successfully
2026-09-20 08:09:29 ERROR database-service Connection timeout after 5000ms
2026-09-20 08:09:30 INFO redis-service Cache warmed
2026-09-20 08:09:31 INFO monitoring-service Alert evaluated: no action
2026-09-20 08:09:32 ERROR database-service Connection timeout after 5000ms
2026-09-20 08:09:33 INFO scheduler-service Scheduled job completed
2026-09-20 08:09:34 ERROR database-service Connection timeout after 5000ms
2026-09-20 08:09:35 INFO redis-service Cache hit
2026-09-20 08:09:36 INFO scheduler-service Cron tick processed
2026-09-20 08:09:37 INFO order-service Order created
2026-09-20 08:09:38 INFO notification-service Email queued
2026-09-20 08:09:39 INFO order-service Order status updated
2026-09-20 08:09:40 INFO monitoring-service Health probe OK
2026-09-20 08:09:41 INFO redis-service Key expired normally
2026-09-20 08:09:42 INFO notification-service Push notification sent
2026-09-20 08:09:43 INFO api-gateway Health check OK
2026-09-20 08:09:44 INFO user-service User preferences updated
2026-09-20 08:09:45 INFO auth-service Logout successful
2026-09-20 08:09:46 INFO notification-service Email queued
2026-09-20 08:09:47 ERROR database-service Connection timeout after 5000ms
2026-09-20 08:09:48 ERROR database-service Connection timeout after 5000ms
2026-09-20 08:09:49 INFO worker-service Job picked up
2026-09-20 08:09:50 ERROR database-service Connection timeout after 5000ms
2026-09-20 08:09:51 INFO notification-service SMS delivered
2026-09-20 08:09:52 INFO notification-service Push notification sent
2026-09-20 08:09:53 INFO search-service Search query executed
2026-09-20 08:09:54 INFO worker-service Job picked up
2026-09-20 08:09:55 INFO auth-service Session created
2026-09-20 08:09:56 INFO monitoring-service Metrics scraped
2026-09-20 08:09:57 INFO worker-service Job picked up
2026-09-20 08:09:58 INFO scheduler-service Scheduled job completed
2026-09-20 08:09:59 INFO order-service Order status updated
2026-09-20 08:10:00 INFO notification-service Push notification sent
2026-09-20 08:10:01 INFO scheduler-service Scheduled job completed
2026-09-20 08:10:02 INFO notification-service Push notification sent
2026-09-20 08:10:03 ERROR database-service Connection timeout after 5000ms
2026-09-20 08:10:04 INFO notification-service Email queued
2026-09-20 08:10:05 INFO worker-service Worker heartbeat OK
2026-09-20 08:10:06 INFO user-service User created
2026-09-20 08:10:07 INFO search-service Query results returned
2026-09-20 08:10:08 INFO inventory-service Inventory released
2026-09-20 08:10:09 INFO order-service Order shipped
2026-09-20 08:10:10 INFO payment-service Refund processed successfully
2026-09-20 08:10:11 INFO redis-service Cache set
2026-09-20 08:10:12 INFO order-service Order created
2026-09-20 08:10:13 ERROR database-service Connection timeout after 5000ms
2026-09-20 08:10:14 INFO inventory-service Inventory released
2026-09-20 08:10:15 INFO monitoring-service Metrics scraped
2026-09-20 08:10:16 INFO user-service User preferences updated
2026-09-20 08:10:17 INFO monitoring-service Metrics scraped
2026-09-20 08:10:18 INFO api-gateway Health check OK
2026-09-20 08:10:19 INFO scheduler-service Scheduled job started
2026-09-20 08:10:20 INFO monitoring-service Health probe OK
2026-09-20 08:10:21 INFO api-gateway Rate limit check passed
2026-09-20 08:10:22 INFO user-service User profile fetched
2026-09-20 08:10:23 INFO inventory-service Stock level checked
2026-09-20 08:10:24 INFO user-service Profile cache warmed
2026-09-20 08:10:25 ERROR database-service Connection timeout after 5000ms
2026-09-20 08:10:26 INFO scheduler-service Scheduled job started
2026-09-20 08:10:27 INFO search-service Query results returned
2026-09-20 08:10:28 INFO inventory-service Inventory reserved
2026-09-20 08:10:29 INFO payment-service Payment request received
2026-09-20 08:10:30 ERROR database-service Connection timeout after 5000ms
2026-09-20 08:10:31 INFO redis-service Cache warmed
2026-09-20 08:10:32 INFO redis-service Cache warmed
2026-09-20 08:10:33 INFO scheduler-service Cron tick processed
2026-09-20 08:10:34 INFO order-service Order created
2026-09-20 08:10:35 INFO monitoring-service Health probe OK
2026-09-20 08:10:36 ERROR database-service Connection timeout after 5000ms
2026-09-20 08:10:37 INFO notification-service Push notification sent
2026-09-20 08:10:38 INFO worker-service Job picked up
2026-09-20 08:10:39 INFO api-gateway Incoming request accepted
2026-09-20 08:10:40 INFO order-service Order shipped
2026-09-20 08:10:41 INFO notification-service Email queued
2026-09-20 08:10:42 INFO monitoring-service Metrics scraped
2026-09-20 08:10:43 INFO redis-service Cache hit
2026-09-20 08:10:44 INFO api-gateway Rate limit check passed
2026-09-20 08:10:45 INFO database-service Transaction committed
2026-09-20 08:10:46 INFO worker-service Worker heartbeat OK
2026-09-20 08:10:47 INFO scheduler-service Scheduled job completed
2026-09-20 08:10:48 INFO scheduler-service Scheduled job completed
2026-09-20 08:10:49 INFO api-gateway Health check OK
2026-09-20 08:10:50 INFO search-service Search query executed
2026-09-20 08:10:51 INFO payment-service Payment authorized
2026-09-20 08:10:52 INFO search-service Search query executed
2026-09-20 08:10:53 INFO scheduler-service Scheduled job started
2026-09-20 08:10:54 INFO order-service Order shipped
2026-09-20 08:10:55 INFO inventory-service Inventory released
2026-09-20 08:10:56 INFO monitoring-service Alert evaluated: no action
2026-09-20 08:10:57 ERROR database-service Connection timeout after 5000ms
2026-09-20 08:10:58 INFO database-service Connection acquired from pool
2026-09-20 08:10:59 INFO payment-service Payment gateway responded 200
2026-09-20 08:11:00 INFO inventory-service Stock level checked
2026-09-20 08:11:01 INFO monitoring-service Health probe OK
2026-09-20 08:11:02 INFO monitoring-service Alert evaluated: no action
2026-09-20 08:11:03 INFO redis-service Cache set
2026-09-20 08:11:04 INFO inventory-service Inventory released
2026-09-20 08:11:05 INFO notification-service Email queued
2026-09-20 08:11:06 INFO api-gateway Rate limit check passed
2026-09-20 08:11:07 ERROR database-service Connection timeout after 5000ms
2026-09-20 08:11:08 INFO payment-service Refund processed successfully
2026-09-20 08:11:09 INFO database-service Index scan completed
2026-09-20 08:11:10 INFO payment-service Refund processed successfully
2026-09-20 08:11:11 INFO monitoring-service Metrics scraped
2026-09-20 08:11:12 INFO redis-service Key expired normally
2026-09-20 08:11:13 INFO worker-service Job picked up
2026-09-20 08:11:14 INFO monitoring-service Alert evaluated: no action
2026-09-20 08:11:15 INFO api-gateway TLS handshake completed
2026-09-20 08:11:16 INFO api-gateway Request routed successfully
2026-09-20 08:11:17 INFO api-gateway TLS handshake completed
2026-09-20 08:11:18 INFO user-service User profile fetched
2026-09-20 08:11:19 INFO notification-service Email queued
2026-09-20 08:11:20 INFO user-service User created
2026-09-20 08:11:21 INFO payment-service Payment authorized
2026-09-20 08:11:22 INFO user-service User preferences updated
2026-09-20 08:11:23 INFO database-service Query executed successfully
2026-09-20 08:11:24 INFO auth-service User authenticated successfully
2026-09-20 08:11:25 INFO inventory-service Inventory reserved
2026-09-20 08:11:26 INFO auth-service User authenticated successfully
2026-09-20 08:11:27 INFO redis-service Cache warmed
2026-09-20 08:11:28 ERROR database-service Connection timeout after 5000ms
2026-09-20 08:11:29 INFO redis-service Cache warmed
2026-09-20 08:11:30 INFO monitoring-service Alert evaluated: no action
2026-09-20 08:11:31 INFO database-service Query executed successfully
2026-09-20 08:11:32 ERROR database-service Connection timeout after 5000ms
2026-09-20 08:11:33 INFO notification-service Push notification sent
2026-09-20 08:11:34 INFO inventory-service Stock level checked
2026-09-20 08:11:35 INFO worker-service Job picked up
2026-09-20 08:11:36 INFO worker-service Worker heartbeat OK
2026-09-20 08:11:37 INFO database-service Query executed successfully
2026-09-20 08:11:38 ERROR database-service Connection timeout after 5000ms
2026-09-20 08:11:39 INFO search-service Index refreshed
2026-09-20 08:11:40 ERROR database-service Connection timeout after 5000ms
2026-09-20 08:11:41 INFO database-service Transaction committed
2026-09-20 08:11:42 INFO worker-service Job completed successfully
2026-09-20 08:11:43 INFO search-service Search query executed
2026-09-20 08:11:44 INFO worker-service Job completed successfully
2026-09-20 08:11:45 INFO notification-service SMS delivered
2026-09-20 08:11:46 INFO inventory-service Inventory released
2026-09-20 08:11:47 INFO notification-service Email queued
2026-09-20 08:11:48 INFO api-gateway Incoming request accepted
2026-09-20 08:11:49 INFO payment-service Payment request received
2026-09-20 08:11:50 INFO worker-service Job picked up
2026-09-20 08:11:51 INFO worker-service Job picked up
2026-09-20 08:11:52 INFO auth-service Token issued
2026-09-20 08:11:53 ERROR database-service Connection timeout after 5000ms
2026-09-20 08:11:54 INFO database-service Connection acquired from pool
2026-09-20 08:11:55 INFO order-service Order status updated
2026-09-20 08:11:56 INFO api-gateway Response sent
2026-09-20 08:11:57 ERROR database-service Connection timeout after 5000ms
2026-09-20 08:11:58 INFO api-gateway Health check OK
2026-09-20 08:11:59 INFO user-service User created
2026-09-20 08:12:00 INFO api-gateway Incoming request accepted
2026-09-20 08:12:01 ERROR database-service Connection timeout after 5000ms
2026-09-20 08:12:02 INFO inventory-service Inventory released
2026-09-20 08:12:03 INFO api-gateway Rate limit check passed
2026-09-20 08:12:04 ERROR database-service Connection timeout after 5000ms
2026-09-20 08:12:05 INFO redis-service Key expired normally
2026-09-20 08:12:06 INFO payment-service Payment request received
2026-09-20 08:12:07 INFO redis-service Cache set
2026-09-20 08:12:08 INFO payment-service Payment request received
2026-09-20 08:12:09 INFO monitoring-service Metrics scraped
2026-09-20 08:12:10 INFO database-service Transaction committed
2026-09-20 08:12:11 INFO user-service User preferences updated
2026-09-20 08:12:12 INFO scheduler-service Cron tick processed
2026-09-20 08:12:13 INFO notification-service Push notification sent
2026-09-20 08:12:14 INFO database-service Index scan completed
2026-09-20 08:12:15 INFO notification-service SMS delivered
2026-09-20 08:12:16 ERROR database-service Connection timeout after 5000ms
2026-09-20 08:12:17 INFO api-gateway TLS handshake completed
2026-09-20 08:12:18 INFO database-service Query executed successfully
2026-09-20 08:12:19 INFO redis-service Cache warmed
2026-09-20 08:12:20 INFO order-service Order status updated
2026-09-20 08:12:21 INFO order-service Order confirmed
2026-09-20 08:12:22 INFO inventory-service Stock level checked
2026-09-20 08:12:23 INFO auth-service Token refreshed
2026-09-20 08:12:24 INFO api-gateway Rate limit check passed
2026-09-20 08:12:25 INFO scheduler-service Scheduled job completed
2026-09-20 08:12:26 INFO order-service Order confirmed
2026-09-20 08:12:27 INFO inventory-service Inventory released
2026-09-20 08:12:28 INFO database-service Transaction committed
2026-09-20 08:12:29 INFO api-gateway Response sent
2026-09-20 08:12:30 INFO redis-service Cache hit
2026-09-20 08:12:31 INFO order-service Order status updated
2026-09-20 08:12:32 INFO search-service Query results returned
2026-09-20 08:12:33 INFO scheduler-service Cron tick processed
2026-09-20 08:12:34 INFO user-service User profile fetched
2026-09-20 08:12:35 INFO redis-service Cache warmed
2026-09-20 08:12:36 INFO redis-service Cache hit
2026-09-20 08:12:37 INFO database-service Transaction committed
2026-09-20 08:12:38 INFO user-service User preferences updated
2026-09-20 08:12:39 INFO scheduler-service Cron tick processed
2026-09-20 08:12:40 INFO inventory-service Inventory reserved
2026-09-20 08:12:41 INFO monitoring-service Health probe OK
2026-09-20 08:12:42 INFO api-gateway TLS handshake completed
2026-09-20 08:12:43 INFO database-service Query executed successfully
2026-09-20 08:12:44 INFO user-service Profile cache warmed
2026-09-20 08:12:45 INFO inventory-service Inventory reserved
2026-09-20 08:12:46 INFO redis-service Key expired normally
2026-09-20 08:12:47 INFO worker-service Job picked up
2026-09-20 08:12:48 INFO redis-service Cache hit
2026-09-20 08:12:49 INFO inventory-service Stock level checked
2026-09-20 08:12:50 INFO notification-service Email queued
2026-09-20 08:12:51 INFO monitoring-service Alert evaluated: no action
2026-09-20 08:12:52 ERROR database-service Connection timeout after 5000ms
2026-09-20 08:12:53 INFO notification-service Push notification sent
2026-09-20 08:12:54 INFO order-service Order status updated
2026-09-20 08:12:55 INFO monitoring-service Alert evaluated: no action
2026-09-20 08:12:56 ERROR database-service Connection timeout after 5000ms
2026-09-20 08:12:57 INFO monitoring-service Alert evaluated: no action
2026-09-20 08:12:58 INFO inventory-service Stock level checked
2026-09-20 08:12:59 INFO inventory-service Inventory released
2026-09-20 08:13:00 INFO order-service Order created
2026-09-20 08:13:01 INFO api-gateway Response sent
2026-09-20 08:13:02 INFO inventory-service Inventory released
2026-09-20 08:13:03 INFO worker-service Worker heartbeat OK
2026-09-20 08:13:04 INFO payment-service Payment request received
2026-09-20 08:13:05 INFO database-service Index scan completed
2026-09-20 08:13:06 INFO notification-service SMS delivered
2026-09-20 08:13:07 INFO monitoring-service Health probe OK
2026-09-20 08:13:08 ERROR database-service Connection timeout after 5000ms
2026-09-20 08:13:09 INFO payment-service Refund processed successfully
2026-09-20 08:13:10 INFO database-service Query executed successfully
2026-09-20 08:13:11 INFO worker-service Job completed successfully
2026-09-20 08:13:12 INFO worker-service Job completed successfully
2026-09-20 08:13:13 INFO monitoring-service Alert evaluated: no action
2026-09-20 08:13:14 INFO api-gateway Rate limit check passed
2026-09-20 08:13:15 INFO user-service User preferences updated
2026-09-20 08:13:16 INFO auth-service Token refreshed
2026-09-20 08:13:17 INFO api-gateway Health check OK
2026-09-20 08:13:18 INFO inventory-service Inventory released
2026-09-20 08:13:19 INFO database-service Index scan completed
2026-09-20 08:13:20 INFO user-service User created
2026-09-20 08:13:21 INFO notification-service Push notification sent
2026-09-20 08:13:22 INFO user-service Profile cache warmed
2026-09-20 08:13:23 INFO api-gateway Health check OK
2026-09-20 08:13:24 INFO payment-service Payment request received
2026-09-20 08:13:25 INFO scheduler-service Scheduled job started
2026-09-20 08:13:26 INFO redis-service Cache warmed
2026-09-20 08:13:27 ERROR database-service Connection timeout after 5000ms
2026-09-20 08:13:28 INFO database-service Transaction committed
2026-09-20 08:13:29 INFO scheduler-service Cron tick processed
2026-09-20 08:13:30 ERROR database-service Connection timeout after 5000ms
2026-09-20 08:13:31 INFO payment-service Payment gateway responded 200
2026-09-20 08:13:32 INFO redis-service Cache set
2026-09-20 08:13:33 INFO database-service Index scan completed
2026-09-20 08:13:34 INFO monitoring-service Alert evaluated: no action
2026-09-20 08:13:35 INFO api-gateway Response sent
2026-09-20 08:13:36 ERROR database-service Connection timeout after 5000ms
2026-09-20 08:13:37 INFO payment-service Payment request received
2026-09-20 08:13:38 INFO notification-service Email queued
2026-09-20 08:13:39 INFO user-service User preferences updated
2026-09-20 08:13:40 INFO redis-service Cache hit
2026-09-20 08:13:41 INFO scheduler-service Scheduled job started
2026-09-20 08:13:42 INFO database-service Connection acquired from pool
2026-09-20 08:13:43 ERROR database-service Connection timeout after 5000ms
2026-09-20 08:13:44 INFO monitoring-service Health probe OK
2026-09-20 08:13:45 INFO redis-service Cache hit
2026-09-20 08:13:46 ERROR database-service Connection timeout after 5000ms
2026-09-20 08:13:47 ERROR database-service Connection timeout after 5000ms
2026-09-20 08:13:48 INFO scheduler-service Cron tick processed
2026-09-20 08:13:49 INFO database-service Query executed successfully
2026-09-20 08:13:50 INFO payment-service Payment request received
2026-09-20 08:13:51 INFO database-service Index scan completed
2026-09-20 08:13:52 INFO payment-service Refund processed successfully
2026-09-20 08:13:53 INFO scheduler-service Scheduled job completed
2026-09-20 08:13:54 INFO user-service User profile fetched
2026-09-20 08:13:55 INFO notification-service Email queued
2026-09-20 08:13:56 INFO database-service Index scan completed
2026-09-20 08:13:57 INFO payment-service Payment request received
2026-09-20 08:13:58 INFO search-service Search query executed
2026-09-20 08:13:59 INFO redis-service Cache set
2026-09-20 08:14:00 INFO order-service Order shipped
2026-09-20 08:14:01 ERROR database-service Connection timeout after 5000ms
2026-09-20 08:14:02 ERROR database-service Connection timeout after 5000ms
2026-09-20 08:14:03 INFO api-gateway TLS handshake completed
2026-09-20 08:14:04 INFO user-service User created
2026-09-20 08:14:05 INFO scheduler-service Cron tick processed
2026-09-20 08:14:06 INFO database-service Transaction committed
2026-09-20 08:14:07 INFO user-service User created
2026-09-20 08:14:08 INFO api-gateway Response sent
2026-09-20 08:14:09 INFO monitoring-service Alert evaluated: no action
2026-09-20 08:14:10 INFO api-gateway Rate limit check passed
2026-09-20 08:14:11 INFO inventory-service Inventory released
2026-09-20 08:14:12 INFO search-service Search query executed
2026-09-20 08:14:13 INFO notification-service Push notification sent
2026-09-20 08:14:14 INFO notification-service Push notification sent
2026-09-20 08:14:15 INFO monitoring-service Alert evaluated: no action
2026-09-20 08:14:16 INFO redis-service Cache hit
2026-09-20 08:14:17 INFO inventory-service Inventory released
2026-09-20 08:14:18 INFO search-service Search query executed
2026-09-20 08:14:19 INFO payment-service Payment authorized
2026-09-20 08:14:20 INFO user-service Profile cache warmed
2026-09-20 08:14:21 INFO monitoring-service Metrics scraped
2026-09-20 08:14:22 INFO worker-service Job completed successfully
2026-09-20 08:14:23 INFO redis-service Cache hit
2026-09-20 08:14:24 INFO order-service Order shipped
2026-09-20 08:14:25 INFO search-service Search query executed
2026-09-20 08:14:26 INFO auth-service User authenticated successfully
2026-09-20 08:14:27 INFO auth-service Session created
2026-09-20 08:14:28 INFO search-service Query results returned
2026-09-20 08:14:29 ERROR database-service Connection timeout after 5000ms
2026-09-20 08:14:30 INFO payment-service Payment captured
2026-09-20 08:14:31 INFO worker-service Worker heartbeat OK
2026-09-20 08:14:32 INFO order-service Order shipped
2026-09-20 08:14:33 INFO monitoring-service Metrics scraped
2026-09-20 08:14:34 INFO notification-service Email queued
2026-09-20 08:14:35 INFO api-gateway Rate limit check passed
2026-09-20 08:14:36 ERROR database-service Connection timeout after 5000ms
2026-09-20 08:14:37 INFO database-service Query executed successfully
2026-09-20 08:14:38 ERROR database-service Connection timeout after 5000ms
2026-09-20 08:14:39 INFO notification-service Email queued
2026-09-20 08:14:40 INFO notification-service Push notification sent
2026-09-20 08:14:41 INFO payment-service Payment authorized
2026-09-20 08:14:42 INFO inventory-service Inventory reserved
2026-09-20 08:14:43 INFO order-service Order confirmed
2026-09-20 08:14:44 INFO monitoring-service Metrics scraped
2026-09-20 08:14:45 INFO auth-service User authenticated successfully
2026-09-20 08:14:46 INFO inventory-service Inventory reserved
2026-09-20 08:14:47 INFO notification-service SMS delivered
2026-09-20 08:14:48 INFO notification-service Push notification sent
2026-09-20 08:14:49 ERROR database-service Connection timeout after 5000ms
2026-09-20 08:14:50 INFO api-gateway Incoming request accepted
2026-09-20 08:14:51 ERROR database-service Connection timeout after 5000ms
2026-09-20 08:14:52 INFO search-service Index refreshed
2026-09-20 08:14:53 INFO inventory-service Inventory reserved
2026-09-20 08:14:54 INFO inventory-service Stock level checked
2026-09-20 08:14:55 INFO redis-service Cache set
2026-09-20 08:14:56 INFO monitoring-service Alert evaluated: no action
2026-09-20 08:14:57 INFO order-service Order confirmed
2026-09-20 08:14:58 INFO payment-service Refund processed successfully
2026-09-20 08:14:59 INFO payment-service Payment gateway responded 200
2026-09-20 08:15:00 INFO scheduler-service Cron tick processed
2026-09-20 08:15:01 INFO payment-service Payment request received
2026-09-20 08:15:02 INFO database-service Query executed successfully
2026-09-20 08:15:03 INFO database-service Transaction committed
2026-09-20 08:15:04 INFO redis-service Cache hit
2026-09-20 08:15:05 INFO search-service Search query executed
2026-09-20 08:15:06 INFO notification-service Email queued
2026-09-20 08:15:07 INFO user-service Profile cache warmed
2026-09-20 08:15:08 INFO api-gateway Response sent
2026-09-20 08:15:09 INFO payment-service Payment gateway responded 200
2026-09-20 08:15:10 INFO payment-service Payment captured
2026-09-20 08:15:11 INFO auth-service User authenticated successfully
2026-09-20 08:15:12 ERROR database-service Connection timeout after 5000ms
2026-09-20 08:15:13 ERROR database-service Connection timeout after 5000ms
2026-09-20 08:15:14 ERROR database-service Connection timeout after 5000ms
2026-09-20 08:15:15 INFO scheduler-service Scheduled job started
2026-09-20 08:15:16 INFO monitoring-service Health probe OK
2026-09-20 08:15:17 ERROR database-service Connection timeout after 5000ms
2026-09-20 08:15:18 INFO notification-service SMS delivered
2026-09-20 08:15:19 INFO search-service Search query executed
2026-09-20 08:15:20 INFO user-service Profile cache warmed
2026-09-20 08:15:21 INFO redis-service Cache warmed
2026-09-20 08:15:22 INFO payment-service Payment captured
2026-09-20 08:15:23 INFO user-service User profile fetched
2026-09-20 08:15:24 ERROR database-service Connection timeout after 5000ms
2026-09-20 08:15:25 INFO database-service Transaction committed
2026-09-20 08:15:26 INFO database-service Connection acquired from pool
2026-09-20 08:15:27 INFO worker-service Job completed successfully
2026-09-20 08:15:28 ERROR database-service Connection timeout after 5000ms
2026-09-20 08:15:29 INFO scheduler-service Scheduled job completed
2026-09-20 08:15:30 INFO payment-service Payment authorized
2026-09-20 08:15:31 INFO api-gateway TLS handshake completed
2026-09-20 08:15:32 INFO notification-service SMS delivered
2026-09-20 08:15:33 INFO auth-service Logout successful
2026-09-20 08:15:34 ERROR database-service Connection timeout after 5000ms
2026-09-20 08:15:35 INFO auth-service Token issued
2026-09-20 08:15:36 INFO api-gateway Request routed successfully
2026-09-20 08:15:37 INFO user-service User created
2026-09-20 08:15:38 ERROR database-service Connection timeout after 5000ms
2026-09-20 08:15:39 ERROR database-service Connection timeout after 5000ms
2026-09-20 08:15:40 INFO database-service Index scan completed
2026-09-20 08:15:41 INFO auth-service Logout successful
2026-09-20 08:15:42 INFO auth-service Logout successful
2026-09-20 08:15:43 ERROR database-service Connection timeout after 5000ms
2026-09-20 08:15:44 INFO user-service User profile fetched
2026-09-20 08:15:45 INFO scheduler-service Cron tick processed
2026-09-20 08:15:46 INFO user-service User created
2026-09-20 08:15:47 INFO user-service User created
2026-09-20 08:15:48 INFO auth-service Session created
2026-09-20 08:15:49 INFO scheduler-service Scheduled job completed
2026-09-20 08:15:50 INFO redis-service Cache set
2026-09-20 08:15:51 INFO worker-service Worker heartbeat OK
2026-09-20 08:15:52 INFO search-service Query results returned
2026-09-20 08:15:53 INFO payment-service Payment authorized
2026-09-20 08:15:54 INFO payment-service Refund processed successfully
2026-09-20 08:15:55 ERROR database-service Connection timeout after 5000ms
2026-09-20 08:15:56 INFO redis-service Cache set
2026-09-20 08:15:57 INFO user-service User preferences updated
2026-09-20 08:15:58 INFO database-service Transaction committed
2026-09-20 08:15:59 INFO monitoring-service Metrics scraped
2026-09-20 08:16:00 INFO database-service Query executed successfully
2026-09-20 08:16:01 INFO inventory-service Inventory reserved
2026-09-20 08:16:02 INFO api-gateway Rate limit check passed
2026-09-20 08:16:03 INFO database-service Transaction committed
2026-09-20 08:16:04 INFO auth-service Token refreshed
2026-09-20 08:16:05 INFO user-service Profile cache warmed
2026-09-20 08:16:06 INFO search-service Search query executed
2026-09-20 08:16:07 INFO api-gateway Health check OK
2026-09-20 08:16:08 INFO order-service Order created
2026-09-20 08:16:09 INFO payment-service Payment request received
2026-09-20 08:16:10 INFO payment-service Refund processed successfully
2026-09-20 08:16:11 INFO database-service Index scan completed
2026-09-20 08:16:12 INFO inventory-service Inventory released
2026-09-20 08:16:13 INFO notification-service Email queued
2026-09-20 08:16:14 ERROR database-service Connection timeout after 5000ms
2026-09-20 08:16:15 INFO inventory-service Inventory reserved
2026-09-20 08:16:16 INFO search-service Index refreshed
2026-09-20 08:16:17 ERROR database-service Connection timeout after 5000ms
2026-09-20 08:16:18 INFO user-service Profile cache warmed
2026-09-20 08:16:19 INFO user-service User preferences updated
2026-09-20 08:16:20 INFO scheduler-service Cron tick processed
2026-09-20 08:16:21 INFO user-service Profile cache warmed
2026-09-20 08:16:22 ERROR database-service Connection timeout after 5000ms
2026-09-20 08:16:23 INFO search-service Index refreshed
2026-09-20 08:16:24 INFO payment-service Payment authorized
2026-09-20 08:16:25 INFO notification-service SMS delivered
2026-09-20 08:16:26 INFO payment-service Payment captured
2026-09-20 08:16:27 INFO worker-service Job picked up
2026-09-20 08:16:28 INFO auth-service User authenticated successfully
2026-09-20 08:16:29 ERROR database-service Connection timeout after 5000ms
2026-09-20 08:16:30 ERROR database-service Connection timeout after 5000ms
2026-09-20 08:16:31 ERROR database-service Connection timeout after 5000ms
2026-09-20 08:16:32 INFO monitoring-service Alert evaluated: no action
2026-09-20 08:16:33 INFO order-service Order created
2026-09-20 08:16:34 ERROR database-service Connection timeout after 5000ms
2026-09-20 08:16:35 INFO api-gateway Response sent
2026-09-20 08:16:36 INFO inventory-service Stock level checked
2026-09-20 08:16:37 INFO monitoring-service Alert evaluated: no action
2026-09-20 08:16:38 INFO api-gateway Incoming request accepted
2026-09-20 08:16:39 INFO api-gateway Request routed successfully
2026-09-20 08:16:40 INFO database-service Transaction committed
2026-09-20 08:16:41 INFO notification-service Push notification sent
2026-09-20 08:16:42 INFO auth-service Session created
2026-09-20 08:16:43 INFO database-service Index scan completed
2026-09-20 08:16:44 INFO order-service Order status updated
2026-09-20 08:16:45 ERROR database-service Connection timeout after 5000ms
2026-09-20 08:16:46 INFO search-service Query results returned
2026-09-20 08:16:47 INFO user-service User profile fetched
2026-09-20 08:16:48 INFO api-gateway Rate limit check passed
2026-09-20 08:16:49 INFO monitoring-service Health probe OK
2026-09-20 08:16:50 INFO api-gateway Rate limit check passed
2026-09-20 08:16:51 ERROR database-service Connection timeout after 5000ms
2026-09-20 08:16:52 INFO scheduler-service Scheduled job completed
2026-09-20 08:16:53 INFO inventory-service Inventory released
2026-09-20 08:16:54 INFO api-gateway Incoming request accepted
2026-09-20 08:16:55 INFO user-service User created
2026-09-20 08:16:56 INFO monitoring-service Metrics scraped
2026-09-20 08:16:57 INFO api-gateway Incoming request accepted
2026-09-20 08:16:58 ERROR database-service Connection timeout after 5000ms
2026-09-20 08:16:59 INFO api-gateway Request routed successfully
2026-09-20 08:17:00 INFO search-service Search query executed
2026-09-20 08:17:01 INFO payment-service Payment gateway responded 200
2026-09-20 08:17:02 INFO user-service Profile cache warmed
2026-09-20 08:17:03 ERROR database-service Connection timeout after 5000ms
2026-09-20 08:17:04 INFO database-service Index scan completed
2026-09-20 08:17:05 INFO order-service Order created
2026-09-20 08:17:06 INFO redis-service Key expired normally
2026-09-20 08:17:07 INFO database-service Transaction committed
2026-09-20 08:17:08 INFO payment-service Payment request received
2026-09-20 08:17:09 INFO order-service Order shipped
2026-09-20 08:17:10 INFO scheduler-service Scheduled job started
2026-09-20 08:17:11 INFO user-service User preferences updated
2026-09-20 08:17:12 INFO search-service Query results returned
2026-09-20 08:17:13 ERROR database-service Connection timeout after 5000ms
2026-09-20 08:17:14 INFO notification-service Push notification sent
2026-09-20 08:17:15 INFO api-gateway Response sent
2026-09-20 08:17:16 INFO payment-service Payment gateway responded 200
2026-09-20 08:17:17 INFO redis-service Cache set
2026-09-20 08:17:18 INFO worker-service Worker heartbeat OK
2026-09-20 08:17:19 INFO database-service Transaction committed
2026-09-20 08:17:20 INFO payment-service Payment gateway responded 200
2026-09-20 08:17:21 INFO redis-service Cache warmed
2026-09-20 08:17:22 INFO worker-service Worker heartbeat OK
2026-09-20 08:17:23 INFO worker-service Job completed successfully
2026-09-20 08:17:24 INFO inventory-service Inventory reserved
2026-09-20 08:17:25 INFO notification-service SMS delivered
2026-09-20 08:17:26 ERROR database-service Connection timeout after 5000ms
2026-09-20 08:17:27 INFO redis-service Key expired normally
2026-09-20 08:17:28 ERROR database-service Connection timeout after 5000ms
2026-09-20 08:17:29 INFO api-gateway Request routed successfully
2026-09-20 08:17:30 INFO search-service Search query executed
2026-09-20 08:17:31 INFO auth-service User authenticated successfully
2026-09-20 08:17:32 INFO notification-service Email queued
2026-09-20 08:17:33 ERROR database-service Connection timeout after 5000ms
2026-09-20 08:17:34 INFO database-service Connection acquired from pool
2026-09-20 08:17:35 INFO redis-service Cache set
2026-09-20 08:17:36 INFO payment-service Payment gateway responded 200
2026-09-20 08:17:37 INFO scheduler-service Scheduled job started
2026-09-20 08:17:38 INFO api-gateway Health check OK
2026-09-20 08:17:39 INFO scheduler-service Cron tick processed
2026-09-20 08:17:40 INFO auth-service Logout successful
2026-09-20 08:17:41 INFO scheduler-service Cron tick processed
2026-09-20 08:17:42 INFO auth-service Session created
2026-09-20 08:17:43 INFO search-service Query results returned
2026-09-20 08:17:44 INFO monitoring-service Alert evaluated: no action
2026-09-20 08:17:45 ERROR database-service Connection timeout after 5000ms
2026-09-20 08:17:46 ERROR database-service Connection timeout after 5000ms
2026-09-20 08:17:47 ERROR database-service Connection timeout after 5000ms
2026-09-20 08:17:48 INFO auth-service Session created
2026-09-20 08:17:49 INFO monitoring-service Alert evaluated: no action
2026-09-20 08:17:50 ERROR database-service Connection timeout after 5000ms
2026-09-20 08:17:51 INFO database-service Connection acquired from pool
2026-09-20 08:17:52 INFO worker-service Worker heartbeat OK
2026-09-20 08:17:53 INFO database-service Connection acquired from pool
2026-09-20 08:17:54 INFO notification-service SMS delivered
2026-09-20 08:17:55 ERROR database-service Connection timeout after 5000ms
2026-09-20 08:17:56 INFO inventory-service Inventory released
2026-09-20 08:17:57 INFO inventory-service Stock level checked
2026-09-20 08:17:58 INFO api-gateway Request routed successfully
2026-09-20 08:17:59 INFO redis-service Cache hit
2026-09-20 08:18:00 INFO user-service User profile fetched
2026-09-20 08:18:01 INFO redis-service Cache hit
2026-09-20 08:18:02 INFO payment-service Payment authorized
2026-09-20 08:18:03 INFO auth-service Token refreshed
2026-09-20 08:18:04 INFO scheduler-service Cron tick processed
2026-09-20 08:18:05 INFO notification-service Push notification sent
2026-09-20 08:18:06 INFO payment-service Payment request received
2026-09-20 08:18:07 ERROR database-service Connection timeout after 5000ms
2026-09-20 08:18:08 INFO worker-service Job completed successfully
2026-09-20 08:18:09 INFO api-gateway TLS handshake completed
2026-09-20 08:18:10 INFO api-gateway Request routed successfully
2026-09-20 08:18:11 INFO search-service Search query executed
2026-09-20 08:18:12 ERROR database-service Connection timeout after 5000ms
2026-09-20 08:18:13 INFO database-service Query executed successfully
2026-09-20 08:18:14 INFO api-gateway Response sent
2026-09-20 08:18:15 INFO worker-service Job picked up
2026-09-20 08:18:16 ERROR database-service Connection timeout after 5000ms
2026-09-20 08:18:17 INFO inventory-service Stock level checked
2026-09-20 08:18:18 INFO order-service Order created
2026-09-20 08:18:19 INFO auth-service Token refreshed
2026-09-20 08:18:20 ERROR database-service Connection timeout after 5000ms
2026-09-20 08:18:21 ERROR database-service Connection timeout after 5000ms
2026-09-20 08:18:22 INFO redis-service Cache warmed
2026-09-20 08:18:23 INFO inventory-service Stock level checked
2026-09-20 08:18:24 INFO auth-service Session created
2026-09-20 08:18:25 INFO api-gateway Health check OK
2026-09-20 08:18:26 INFO search-service Index refreshed
2026-09-20 08:18:27 INFO api-gateway Incoming request accepted
2026-09-20 08:18:28 INFO payment-service Payment captured
2026-09-20 08:18:29 INFO user-service Profile cache warmed
2026-09-20 08:18:30 INFO payment-service Payment gateway responded 200
2026-09-20 08:18:31 ERROR database-service Connection timeout after 5000ms
2026-09-20 08:18:32 INFO payment-service Payment captured
2026-09-20 08:18:33 ERROR database-service Connection timeout after 5000ms
2026-09-20 08:18:34 INFO redis-service Cache hit
2026-09-20 08:18:35 INFO inventory-service Inventory reserved
2026-09-20 08:18:36 ERROR database-service Connection timeout after 5000ms
2026-09-20 08:18:37 INFO redis-service Cache set
2026-09-20 08:18:38 INFO order-service Order confirmed
2026-09-20 08:18:39 INFO search-service Search query executed
2026-09-20 08:18:40 INFO database-service Transaction committed
2026-09-20 08:18:41 INFO notification-service SMS delivered
2026-09-20 08:18:42 INFO database-service Query executed successfully
2026-09-20 08:18:43 INFO monitoring-service Metrics scraped
2026-09-20 08:18:44 INFO scheduler-service Cron tick processed
2026-09-20 08:18:45 INFO database-service Transaction committed
2026-09-20 08:18:46 ERROR database-service Connection timeout after 5000ms
2026-09-20 08:18:47 INFO search-service Search query executed
2026-09-20 08:18:48 INFO redis-service Cache set
2026-09-20 08:18:49 INFO notification-service Email queued
2026-09-20 08:18:50 INFO notification-service Push notification sent
2026-09-20 08:18:51 INFO worker-service Worker heartbeat OK
2026-09-20 08:18:52 INFO redis-service Key expired normally
2026-09-20 08:18:53 INFO payment-service Payment request received
2026-09-20 08:18:54 INFO inventory-service Inventory reserved
2026-09-20 08:18:55 INFO database-service Query executed successfully
2026-09-20 08:18:56 INFO database-service Transaction committed
2026-09-20 08:18:57 INFO notification-service Email queued
2026-09-20 08:18:58 INFO database-service Query executed successfully
2026-09-20 08:18:59 ERROR database-service Connection timeout after 5000ms
2026-09-20 08:19:00 INFO notification-service Email queued
2026-09-20 08:19:01 INFO order-service Order confirmed
2026-09-20 08:19:02 INFO api-gateway Health check OK
2026-09-20 08:19:03 ERROR database-service Connection timeout after 5000ms
2026-09-20 08:19:04 INFO scheduler-service Cron tick processed
2026-09-20 08:19:05 INFO redis-service Cache warmed
2026-09-20 08:19:06 INFO redis-service Cache hit
2026-09-20 08:19:07 INFO database-service Query executed successfully
2026-09-20 08:19:08 ERROR database-service Connection timeout after 5000ms
2026-09-20 08:19:09 INFO worker-service Worker heartbeat OK
2026-09-20 08:19:10 INFO payment-service Refund processed successfully
2026-09-20 08:19:11 INFO api-gateway Response sent
2026-09-20 08:19:12 INFO order-service Order status updated
2026-09-20 08:19:13 INFO api-gateway TLS handshake completed
2026-09-20 08:19:14 INFO redis-service Cache hit
2026-09-20 08:19:15 INFO order-service Order confirmed
2026-09-20 08:19:16 INFO order-service Order shipped
2026-09-20 08:19:17 INFO search-service Search query executed
2026-09-20 08:19:18 INFO auth-service Session created
2026-09-20 08:19:19 INFO search-service Index refreshed
2026-09-20 08:19:20 ERROR database-service Connection timeout after 5000ms
2026-09-20 08:19:21 INFO redis-service Cache hit
2026-09-20 08:19:22 INFO user-service User preferences updated
2026-09-20 08:19:23 INFO scheduler-service Cron tick processed
2026-09-20 08:19:24 INFO payment-service Payment captured
2026-09-20 08:19:25 INFO auth-service Logout successful
2026-09-20 08:19:26 INFO search-service Search query executed
2026-09-20 08:19:27 INFO database-service Index scan completed
2026-09-20 08:19:28 ERROR database-service Connection timeout after 5000ms
2026-09-20 08:19:29 INFO search-service Query results returned
2026-09-20 08:19:30 INFO worker-service Job completed successfully
2026-09-20 08:19:31 ERROR database-service Connection timeout after 5000ms
2026-09-20 08:19:32 INFO api-gateway Request routed successfully
2026-09-20 08:19:33 ERROR database-service Connection timeout after 5000ms
2026-09-20 08:19:34 ERROR database-service Connection timeout after 5000ms
2026-09-20 08:19:35 INFO monitoring-service Alert evaluated: no action
2026-09-20 08:19:36 INFO redis-service Cache warmed
2026-09-20 08:19:37 ERROR database-service Connection timeout after 5000ms
2026-09-20 08:19:38 INFO database-service Index scan completed
2026-09-20 08:19:39 INFO redis-service Cache set
2026-09-20 08:19:40 INFO user-service User profile fetched
2026-09-20 08:19:41 INFO monitoring-service Health probe OK
2026-09-20 08:19:42 INFO auth-service Token refreshed
2026-09-20 08:19:43 INFO api-gateway Request routed successfully
2026-09-20 08:19:44 INFO api-gateway Incoming request accepted
2026-09-20 08:19:45 INFO worker-service Job completed successfully
2026-09-20 08:19:46 ERROR database-service Connection timeout after 5000ms
2026-09-20 08:19:47 INFO order-service Order status updated
2026-09-20 08:19:48 INFO worker-service Job completed successfully
2026-09-20 08:19:49 ERROR database-service Connection timeout after 5000ms
2026-09-20 08:19:50 INFO api-gateway Incoming request accepted
2026-09-20 08:19:51 INFO api-gateway Health check OK
2026-09-20 08:19:52 INFO scheduler-service Scheduled job completed
2026-09-20 08:19:53 INFO redis-service Cache warmed
2026-09-20 08:19:54 INFO worker-service Worker heartbeat OK
2026-09-20 08:19:55 INFO database-service Query executed successfully
2026-09-20 08:19:56 INFO payment-service Payment gateway responded 200
2026-09-20 08:19:57 ERROR database-service Connection timeout after 5000ms
2026-09-20 08:19:58 INFO payment-service Refund processed successfully
2026-09-20 08:19:59 INFO monitoring-service Metrics scraped
2026-09-20 08:20:00 INFO auth-service Token issued
2026-09-20 08:20:01 INFO search-service Query results returned
2026-09-20 08:20:02 INFO user-service User profile fetched
2026-09-20 08:20:03 INFO api-gateway Rate limit check passed
2026-09-20 08:20:04 INFO monitoring-service Metrics scraped
2026-09-20 08:20:05 INFO payment-service Payment gateway responded 200
2026-09-20 08:20:06 INFO payment-service Payment gateway responded 200
2026-09-20 08:20:07 INFO order-service Order status updated
2026-09-20 08:20:08 ERROR database-service Connection timeout after 5000ms
2026-09-20 08:20:09 INFO scheduler-service Scheduled job completed
2026-09-20 08:20:10 ERROR database-service Connection timeout after 5000ms
2026-09-20 08:20:11 INFO user-service Profile cache warmed
2026-09-20 08:20:12 INFO monitoring-service Alert evaluated: no action
2026-09-20 08:20:13 INFO order-service Order status updated
2026-09-20 08:20:14 ERROR database-service Connection timeout after 5000ms
2026-09-20 08:20:15 INFO notification-service Push notification sent
2026-09-20 08:20:16 ERROR database-service Connection timeout after 5000ms
2026-09-20 08:20:17 INFO payment-service Payment captured
2026-09-20 08:20:18 INFO scheduler-service Scheduled job started
2026-09-20 08:20:19 ERROR database-service Connection timeout after 5000ms
2026-09-20 08:20:20 INFO redis-service Cache set
2026-09-20 08:20:21 INFO auth-service Session created
2026-09-20 08:20:22 INFO api-gateway Request routed successfully
2026-09-20 08:20:23 ERROR database-service Connection timeout after 5000ms
2026-09-20 08:20:24 ERROR database-service Connection timeout after 5000ms
2026-09-20 08:20:25 INFO payment-service Payment captured
2026-09-20 08:20:26 INFO notification-service Email queued
2026-09-20 08:20:27 ERROR database-service Connection timeout after 5000ms
2026-09-20 08:20:28 INFO worker-service Job completed successfully
2026-09-20 08:20:29 INFO search-service Index refreshed
2026-09-20 08:20:30 INFO database-service Transaction committed
2026-09-20 08:20:31 INFO payment-service Payment gateway responded 200
2026-09-20 08:20:32 INFO search-service Index refreshed
2026-09-20 08:20:33 ERROR database-service Connection timeout after 5000ms
2026-09-20 08:20:34 ERROR database-service Connection timeout after 5000ms
2026-09-20 08:20:35 ERROR database-service Connection timeout after 5000ms
2026-09-20 08:20:36 INFO database-service Connection acquired from pool
2026-09-20 08:20:37 INFO monitoring-service Alert evaluated: no action
2026-09-20 08:20:38 INFO scheduler-service Cron tick processed
2026-09-20 08:20:39 INFO order-service Order confirmed
2026-09-20 08:20:40 INFO worker-service Job picked up
2026-09-20 08:20:41 ERROR database-service Connection timeout after 5000ms
2026-09-20 08:20:42 INFO payment-service Payment request received
2026-09-20 08:20:43 INFO worker-service Worker heartbeat OK
2026-09-20 08:20:44 ERROR database-service Connection timeout after 5000ms
2026-09-20 08:20:45 INFO user-service User profile fetched
2026-09-20 08:20:46 INFO inventory-service Inventory reserved
2026-09-20 08:20:47 ERROR database-service Connection timeout after 5000ms
2026-09-20 08:20:48 INFO search-service Query results returned
2026-09-20 08:20:49 INFO monitoring-service Health probe OK
2026-09-20 08:20:50 INFO payment-service Refund processed successfully
2026-09-20 08:20:51 INFO inventory-service Inventory released
2026-09-20 08:20:52 INFO payment-service Payment gateway responded 200
2026-09-20 08:20:53 INFO monitoring-service Metrics scraped
2026-09-20 08:20:54 INFO notification-service Email queued
2026-09-20 08:20:55 INFO worker-service Worker heartbeat OK
2026-09-20 08:20:56 INFO auth-service Token refreshed
2026-09-20 08:20:57 INFO api-gateway Incoming request accepted
2026-09-20 08:20:58 INFO order-service Order confirmed
2026-09-20 08:20:59 INFO monitoring-service Alert evaluated: no action
2026-09-20 08:21:00 INFO redis-service Cache set
2026-09-20 08:21:01 INFO notification-service Push notification sent
2026-09-20 08:21:02 INFO monitoring-service Alert evaluated: no action
2026-09-20 08:21:03 INFO order-service Order shipped
2026-09-20 08:21:04 INFO order-service Order created
2026-09-20 08:21:05 INFO redis-service Key expired normally
2026-09-20 08:21:06 INFO inventory-service Inventory released
2026-09-20 08:21:07 INFO payment-service Payment request received
2026-09-20 08:21:08 INFO database-service Query executed successfully
2026-09-20 08:21:09 INFO notification-service Push notification sent
2026-09-20 08:21:10 INFO user-service User created
2026-09-20 08:21:11 INFO api-gateway Health check OK
2026-09-20 08:21:12 INFO redis-service Cache hit
2026-09-20 08:21:13 INFO monitoring-service Alert evaluated: no action
2026-09-20 08:21:14 INFO api-gateway Request routed successfully
2026-09-20 08:21:15 INFO scheduler-service Scheduled job started
2026-09-20 08:21:16 INFO worker-service Job completed successfully
2026-09-20 08:21:17 INFO order-service Order confirmed
2026-09-20 08:21:18 INFO payment-service Payment request received
2026-09-20 08:21:19 ERROR database-service Connection timeout after 5000ms
2026-09-20 08:21:20 INFO search-service Query results returned
2026-09-20 08:21:21 INFO search-service Index refreshed
2026-09-20 08:21:22 INFO auth-service Token refreshed
2026-09-20 08:21:23 INFO database-service Index scan completed
2026-09-20 08:21:24 ERROR database-service Connection timeout after 5000ms
2026-09-20 08:21:25 INFO worker-service Job picked up
2026-09-20 08:21:26 INFO redis-service Cache warmed
2026-09-20 08:21:27 INFO worker-service Job completed successfully
2026-09-20 08:21:28 ERROR database-service Connection timeout after 5000ms
2026-09-20 08:21:29 INFO api-gateway TLS handshake completed
2026-09-20 08:21:30 INFO notification-service Email queued
2026-09-20 08:21:31 INFO user-service User profile fetched
2026-09-20 08:21:32 INFO inventory-service Inventory reserved
2026-09-20 08:21:33 ERROR database-service Connection timeout after 5000ms
2026-09-20 08:21:34 INFO monitoring-service Health probe OK
2026-09-20 08:21:35 INFO auth-service Session created
2026-09-20 08:21:36 ERROR database-service Connection timeout after 5000ms
2026-09-20 08:21:37 ERROR database-service Connection timeout after 5000ms
2026-09-20 08:21:38 INFO notification-service Push notification sent
2026-09-20 08:21:39 INFO notification-service Push notification sent
2026-09-20 08:21:40 INFO inventory-service Inventory released
2026-09-20 08:21:41 INFO order-service Order confirmed
2026-09-20 08:21:42 INFO search-service Search query executed
2026-09-20 08:21:43 INFO user-service Profile cache warmed
2026-09-20 08:21:44 INFO database-service Connection acquired from pool
2026-09-20 08:21:45 INFO inventory-service Inventory reserved
2026-09-20 08:21:46 INFO payment-service Payment authorized
2026-09-20 08:21:47 INFO scheduler-service Scheduled job started
2026-09-20 08:21:48 INFO redis-service Cache warmed
2026-09-20 08:21:49 INFO order-service Order created
2026-09-20 08:21:50 INFO database-service Connection acquired from pool
2026-09-20 08:21:51 ERROR database-service Connection timeout after 5000ms
2026-09-20 08:21:52 INFO payment-service Payment gateway responded 200
2026-09-20 08:21:53 ERROR database-service Connection timeout after 5000ms
2026-09-20 08:21:54 INFO notification-service SMS delivered
2026-09-20 08:21:55 INFO monitoring-service Alert evaluated: no action
2026-09-20 08:21:56 INFO api-gateway Health check OK
2026-09-20 08:21:57 INFO redis-service Cache set
2026-09-20 08:21:58 INFO notification-service Push notification sent
2026-09-20 08:21:59 INFO auth-service User authenticated successfully
2026-09-20 08:22:00 INFO payment-service Payment request received
2026-09-20 08:22:01 INFO inventory-service Stock level checked
2026-09-20 08:22:02 INFO scheduler-service Scheduled job started
2026-09-20 08:22:03 INFO notification-service SMS delivered
2026-09-20 08:22:04 INFO search-service Index refreshed
2026-09-20 08:22:05 INFO order-service Order confirmed
2026-09-20 08:22:06 INFO user-service Profile cache warmed
2026-09-20 08:22:07 INFO order-service Order shipped
2026-09-20 08:22:08 INFO auth-service Token refreshed
2026-09-20 08:22:09 INFO payment-service Payment gateway responded 200
2026-09-20 08:22:10 INFO inventory-service Inventory reserved
2026-09-20 08:22:11 INFO notification-service SMS delivered
2026-09-20 08:22:12 INFO auth-service Session created
2026-09-20 08:22:13 INFO api-gateway Rate limit check passed
2026-09-20 08:22:14 ERROR database-service Connection timeout after 5000ms
2026-09-20 08:22:15 INFO redis-service Cache hit
2026-09-20 08:22:16 INFO payment-service Refund processed successfully
2026-09-20 08:22:17 ERROR database-service Connection timeout after 5000ms
2026-09-20 08:22:18 INFO search-service Index refreshed
2026-09-20 08:22:19 INFO auth-service Logout successful
2026-09-20 08:22:20 INFO notification-service Email queued
2026-09-20 08:22:21 INFO auth-service Token refreshed
2026-09-20 08:22:22 INFO api-gateway Rate limit check passed
2026-09-20 08:22:23 INFO worker-service Worker heartbeat OK
2026-09-20 08:22:24 INFO inventory-service Inventory released
2026-09-20 08:22:25 INFO database-service Query executed successfully
2026-09-20 08:22:26 INFO api-gateway Incoming request accepted
2026-09-20 08:22:27 INFO payment-service Refund processed successfully
2026-09-20 08:22:28 INFO redis-service Cache hit
2026-09-20 08:22:29 INFO redis-service Cache set
2026-09-20 08:22:30 INFO user-service Profile cache warmed
2026-09-20 08:22:31 INFO notification-service SMS delivered
2026-09-20 08:22:32 INFO inventory-service Stock level checked
2026-09-20 08:22:33 ERROR database-service Connection timeout after 5000ms
2026-09-20 08:22:34 INFO search-service Query results returned
2026-09-20 08:22:35 INFO payment-service Payment gateway responded 200
2026-09-20 08:22:36 INFO inventory-service Inventory released
2026-09-20 08:22:37 INFO inventory-service Inventory released
2026-09-20 08:22:38 INFO payment-service Payment gateway responded 200
2026-09-20 08:22:39 INFO monitoring-service Alert evaluated: no action
2026-09-20 08:22:40 INFO auth-service Token refreshed
2026-09-20 08:22:41 INFO order-service Order created
2026-09-20 08:22:42 ERROR database-service Connection timeout after 5000ms
2026-09-20 08:22:43 INFO api-gateway Health check OK
2026-09-20 08:22:44 INFO notification-service Push notification sent
2026-09-20 08:22:45 ERROR database-service Connection timeout after 5000ms
2026-09-20 08:22:46 ERROR database-service Connection timeout after 5000ms
2026-09-20 08:22:47 ERROR database-service Connection timeout after 5000ms
2026-09-20 08:22:48 INFO user-service User created
2026-09-20 08:22:49 INFO redis-service Cache hit
2026-09-20 08:22:50 ERROR database-service Connection timeout after 5000ms
2026-09-20 08:22:51 INFO user-service Profile cache warmed
2026-09-20 08:22:52 INFO worker-service Job completed successfully
2026-09-20 08:22:53 INFO redis-service Key expired normally
2026-09-20 08:22:54 ERROR database-service Connection timeout after 5000ms
2026-09-20 08:22:55 ERROR database-service Connection timeout after 5000ms
2026-09-20 08:22:56 INFO notification-service Email queued
2026-09-20 08:22:57 INFO inventory-service Inventory reserved
2026-09-20 08:22:58 INFO search-service Query results returned
2026-09-20 08:22:59 INFO search-service Search query executed
2026-09-20 08:23:00 INFO database-service Transaction committed
2026-09-20 08:23:01 INFO order-service Order created
2026-09-20 08:23:02 INFO api-gateway Request routed successfully
2026-09-20 08:23:03 INFO inventory-service Stock level checked
2026-09-20 08:23:04 INFO worker-service Job picked up
2026-09-20 08:23:05 INFO redis-service Cache hit
2026-09-20 08:23:06 INFO auth-service Session created
2026-09-20 08:23:07 INFO api-gateway Request routed successfully
2026-09-20 08:23:08 INFO scheduler-service Scheduled job completed
2026-09-20 08:23:09 INFO redis-service Cache warmed
2026-09-20 08:23:10 INFO auth-service Logout successful
2026-09-20 08:23:11 INFO search-service Search query executed
2026-09-20 08:23:12 INFO auth-service Token issued
2026-09-20 08:23:13 INFO payment-service Payment request received
2026-09-20 08:23:14 INFO database-service Transaction committed
2026-09-20 08:23:15 INFO monitoring-service Metrics scraped
2026-09-20 08:23:16 ERROR database-service Connection timeout after 5000ms
2026-09-20 08:23:17 INFO user-service User preferences updated
2026-09-20 08:23:18 INFO redis-service Key expired normally
2026-09-20 08:23:19 INFO user-service Profile cache warmed
2026-09-20 08:23:20 INFO scheduler-service Cron tick processed
2026-09-20 08:23:21 INFO inventory-service Inventory reserved
2026-09-20 08:23:22 INFO auth-service Logout successful
2026-09-20 08:23:23 INFO auth-service Token refreshed
2026-09-20 08:23:24 INFO auth-service Token issued
2026-09-20 08:23:25 INFO notification-service Push notification sent
2026-09-20 08:23:26 INFO auth-service Logout successful
2026-09-20 08:23:27 INFO worker-service Job picked up
2026-09-20 08:23:28 INFO scheduler-service Scheduled job started
2026-09-20 08:23:29 INFO notification-service Email queued
2026-09-20 08:23:30 INFO worker-service Worker heartbeat OK
2026-09-20 08:23:31 INFO auth-service Token issued
2026-09-20 08:23:32 INFO inventory-service Inventory reserved
2026-09-20 08:23:33 ERROR database-service Connection timeout after 5000ms
2026-09-20 08:23:34 INFO inventory-service Inventory released
2026-09-20 08:23:35 INFO worker-service Job completed successfully
2026-09-20 08:23:36 INFO payment-service Refund processed successfully
2026-09-20 08:23:37 INFO search-service Query results returned
2026-09-20 08:23:38 INFO scheduler-service Scheduled job started
2026-09-20 08:23:39 INFO redis-service Cache hit
2026-09-20 08:23:40 INFO search-service Query results returned
2026-09-20 08:23:41 INFO auth-service Token refreshed
2026-09-20 08:23:42 INFO worker-service Job picked up
2026-09-20 08:23:43 INFO monitoring-service Metrics scraped
2026-09-20 08:23:44 INFO user-service User created
2026-09-20 08:23:45 INFO database-service Transaction committed
2026-09-20 08:23:46 INFO redis-service Cache set
2026-09-20 08:23:47 ERROR database-service Connection timeout after 5000ms
2026-09-20 08:23:48 INFO user-service Profile cache warmed
2026-09-20 08:23:49 INFO search-service Query results returned
2026-09-20 08:23:50 ERROR database-service Connection timeout after 5000ms
2026-09-20 08:23:51 ERROR database-service Connection timeout after 5000ms
2026-09-20 08:23:52 INFO auth-service Logout successful
2026-09-20 08:23:53 INFO database-service Index scan completed
2026-09-20 08:23:54 INFO payment-service Payment captured
2026-09-20 08:23:55 INFO inventory-service Inventory reserved
2026-09-20 08:23:56 INFO search-service Index refreshed
2026-09-20 08:23:57 INFO scheduler-service Scheduled job completed
2026-09-20 08:23:58 ERROR database-service Connection timeout after 5000ms
2026-09-20 08:23:59 INFO worker-service Job completed successfully
2026-09-20 08:24:00 INFO database-service Connection acquired from pool
2026-09-20 08:24:01 INFO user-service User preferences updated
2026-09-20 08:24:02 INFO user-service User created
2026-09-20 08:24:03 INFO user-service Profile cache warmed
2026-09-20 08:24:04 INFO inventory-service Inventory released
2026-09-20 08:24:05 INFO worker-service Job picked up
2026-09-20 08:24:06 INFO inventory-service Stock level checked
2026-09-20 08:24:07 INFO search-service Search query executed
2026-09-20 08:24:08 INFO payment-service Payment request received
2026-09-20 08:24:09 INFO notification-service Push notification sent
2026-09-20 08:24:10 INFO auth-service Session created
2026-09-20 08:24:11 INFO notification-service SMS delivered
2026-09-20 08:24:12 INFO notification-service Push notification sent
2026-09-20 08:24:13 INFO database-service Query executed successfully
2026-09-20 08:24:14 INFO payment-service Refund processed successfully
2026-09-20 08:24:15 ERROR database-service Connection timeout after 5000ms
2026-09-20 08:24:16 INFO payment-service Payment gateway responded 200
2026-09-20 08:24:17 INFO user-service User preferences updated
2026-09-20 08:24:18 INFO notification-service Email queued
2026-09-20 08:24:19 INFO worker-service Job completed successfully
2026-09-20 08:24:20 INFO payment-service Payment authorized
2026-09-20 08:24:21 INFO redis-service Key expired normally
2026-09-20 08:24:22 ERROR database-service Connection timeout after 5000ms
2026-09-20 08:24:23 INFO scheduler-service Cron tick processed
2026-09-20 08:24:24 INFO order-service Order created
2026-09-20 08:24:25 ERROR database-service Connection timeout after 5000ms
2026-09-20 08:24:26 INFO user-service User preferences updated
2026-09-20 08:24:27 ERROR database-service Connection timeout after 5000ms
2026-09-20 08:24:28 INFO worker-service Job picked up
2026-09-20 08:24:29 ERROR database-service Connection timeout after 5000ms
2026-09-20 08:24:30 ERROR database-service Connection timeout after 5000ms
2026-09-20 08:24:31 INFO user-service User preferences updated
2026-09-20 08:24:32 INFO worker-service Job completed successfully
2026-09-20 08:24:33 INFO api-gateway Incoming request accepted
2026-09-20 08:24:34 INFO worker-service Worker heartbeat OK
2026-09-20 08:24:35 INFO worker-service Job completed successfully
2026-09-20 08:24:36 INFO api-gateway Incoming request accepted
2026-09-20 08:24:37 ERROR database-service Connection timeout after 5000ms
2026-09-20 08:24:38 INFO notification-service Push notification sent
2026-09-20 08:24:39 INFO redis-service Cache warmed
2026-09-20 08:24:40 INFO search-service Query results returned
2026-09-20 08:24:41 INFO database-service Transaction committed
2026-09-20 08:24:42 INFO redis-service Cache hit
2026-09-20 08:24:43 INFO search-service Query results returned
2026-09-20 08:24:44 INFO search-service Search query executed
2026-09-20 08:24:45 ERROR database-service Connection timeout after 5000ms
2026-09-20 08:24:46 ERROR database-service Connection timeout after 5000ms
2026-09-20 08:24:47 INFO redis-service Key expired normally
2026-09-20 08:24:48 INFO user-service User preferences updated
2026-09-20 08:24:49 INFO search-service Search query executed
2026-09-20 08:24:50 ERROR database-service Connection timeout after 5000ms
2026-09-20 08:24:51 INFO user-service User preferences updated
2026-09-20 08:24:52 INFO notification-service SMS delivered
2026-09-20 08:24:53 INFO redis-service Cache warmed
2026-09-20 08:24:54 INFO worker-service Worker heartbeat OK
2026-09-20 08:24:55 ERROR database-service Connection timeout after 5000ms
2026-09-20 08:24:56 INFO payment-service Payment authorized
2026-09-20 08:24:57 INFO monitoring-service Metrics scraped
2026-09-20 08:24:58 INFO inventory-service Stock level checked
2026-09-20 08:24:59 INFO user-service Profile cache warmed
2026-09-20 08:25:00 INFO search-service Search query executed
2026-09-20 08:25:01 INFO worker-service Worker heartbeat OK
2026-09-20 08:25:02 INFO order-service Order created
2026-09-20 08:25:03 INFO inventory-service Stock level checked
2026-09-20 08:25:04 INFO notification-service Push notification sent
2026-09-20 08:25:05 INFO monitoring-service Alert evaluated: no action
2026-09-20 08:25:06 INFO notification-service Push notification sent
2026-09-20 08:25:07 INFO auth-service Token issued
2026-09-20 08:25:08 INFO monitoring-service Health probe OK
2026-09-20 08:25:09 INFO search-service Index refreshed
2026-09-20 08:25:10 INFO notification-service SMS delivered
2026-09-20 08:25:11 ERROR database-service Connection timeout after 5000ms
2026-09-20 08:25:12 INFO api-gateway Rate limit check passed
2026-09-20 08:25:13 INFO user-service User preferences updated
2026-09-20 08:25:14 INFO api-gateway TLS handshake completed
2026-09-20 08:25:15 ERROR database-service Connection timeout after 5000ms
2026-09-20 08:25:16 INFO monitoring-service Alert evaluated: no action
2026-09-20 08:25:17 INFO worker-service Job picked up
2026-09-20 08:25:18 INFO payment-service Payment authorized
2026-09-20 08:25:19 INFO order-service Order status updated
2026-09-20 08:25:20 INFO api-gateway Rate limit check passed
2026-09-20 08:25:21 INFO redis-service Cache set
2026-09-20 08:25:22 ERROR database-service Connection timeout after 5000ms
2026-09-20 08:25:23 INFO scheduler-service Scheduled job started
2026-09-20 08:25:24 INFO scheduler-service Scheduled job completed
2026-09-20 08:25:25 INFO auth-service Token issued
2026-09-20 08:25:26 INFO payment-service Refund processed successfully
2026-09-20 08:25:27 ERROR database-service Connection timeout after 5000ms
2026-09-20 08:25:28 ERROR database-service Connection timeout after 5000ms
2026-09-20 08:25:29 INFO search-service Index refreshed
2026-09-20 08:25:30 ERROR database-service Connection timeout after 5000ms
2026-09-20 08:25:31 INFO redis-service Cache set
2026-09-20 08:25:32 INFO auth-service User authenticated successfully
2026-09-20 08:25:33 ERROR database-service Connection timeout after 5000ms
2026-09-20 08:25:34 INFO worker-service Job picked up
2026-09-20 08:25:35 ERROR database-service Connection timeout after 5000ms
2026-09-20 08:25:36 INFO monitoring-service Metrics scraped
2026-09-20 08:25:37 ERROR database-service Connection timeout after 5000ms
2026-09-20 08:25:38 INFO api-gateway TLS handshake completed
2026-09-20 08:25:39 INFO monitoring-service Alert evaluated: no action
2026-09-20 08:25:40 INFO database-service Query executed successfully
2026-09-20 08:25:41 INFO worker-service Worker heartbeat OK
2026-09-20 08:25:42 INFO api-gateway Response sent
2026-09-20 08:25:43 INFO database-service Index scan completed
2026-09-20 08:25:44 INFO notification-service SMS delivered
2026-09-20 08:25:45 INFO payment-service Payment request received
2026-09-20 08:25:46 ERROR database-service Connection timeout after 5000ms
2026-09-20 08:25:47 INFO inventory-service Stock level checked
2026-09-20 08:25:48 ERROR database-service Connection timeout after 5000ms
2026-09-20 08:25:49 INFO monitoring-service Alert evaluated: no action
2026-09-20 08:25:50 INFO auth-service Token issued
2026-09-20 08:25:51 INFO notification-service Push notification sent
2026-09-20 08:25:52 INFO user-service User preferences updated
2026-09-20 08:25:53 INFO order-service Order status updated
2026-09-20 08:25:54 INFO auth-service Token refreshed
2026-09-20 08:25:55 ERROR database-service Connection timeout after 5000ms
2026-09-20 08:25:56 INFO monitoring-service Metrics scraped
2026-09-20 08:25:57 INFO auth-service Session created
2026-09-20 08:25:58 INFO inventory-service Stock level checked
2026-09-20 08:25:59 INFO order-service Order shipped
2026-09-20 08:26:00 INFO order-service Order confirmed
2026-09-20 08:26:01 ERROR database-service Connection timeout after 5000ms
2026-09-20 08:26:02 INFO monitoring-service Alert evaluated: no action
2026-09-20 08:26:03 INFO scheduler-service Cron tick processed
2026-09-20 08:26:04 INFO user-service Profile cache warmed
2026-09-20 08:26:05 ERROR database-service Connection timeout after 5000ms
2026-09-20 08:26:06 INFO notification-service Email queued
2026-09-20 08:26:07 INFO redis-service Cache warmed
2026-09-20 08:26:08 INFO monitoring-service Alert evaluated: no action
2026-09-20 08:26:09 INFO scheduler-service Scheduled job started
2026-09-20 08:26:10 INFO user-service Profile cache warmed
2026-09-20 08:26:11 INFO worker-service Job completed successfully
2026-09-20 08:26:12 INFO redis-service Key expired normally
2026-09-20 08:26:13 INFO notification-service Email queued
2026-09-20 08:26:14 INFO database-service Query executed successfully
2026-09-20 08:26:15 ERROR database-service Connection timeout after 5000ms
2026-09-20 08:26:16 INFO redis-service Cache hit
2026-09-20 08:26:17 ERROR database-service Connection timeout after 5000ms
2026-09-20 08:26:18 INFO database-service Connection acquired from pool
2026-09-20 08:26:19 INFO worker-service Job picked up
2026-09-20 08:26:20 INFO user-service User created
2026-09-20 08:26:21 INFO auth-service Token issued
2026-09-20 08:26:22 INFO auth-service Token issued
2026-09-20 08:26:23 INFO order-service Order confirmed
2026-09-20 08:26:24 ERROR database-service Connection timeout after 5000ms
2026-09-20 08:26:25 INFO api-gateway Request routed successfully
2026-09-20 08:26:26 INFO order-service Order confirmed
2026-09-20 08:26:27 INFO api-gateway Rate limit check passed
2026-09-20 08:26:28 INFO notification-service Push notification sent
2026-09-20 08:26:29 INFO database-service Index scan completed
2026-09-20 08:26:30 ERROR database-service Connection timeout after 5000ms
2026-09-20 08:26:31 INFO payment-service Payment authorized
2026-09-20 08:26:32 INFO payment-service Refund processed successfully
2026-09-20 08:26:33 INFO order-service Order confirmed
2026-09-20 08:26:34 ERROR database-service Connection timeout after 5000ms
2026-09-20 08:26:35 INFO user-service User preferences updated
2026-09-20 08:26:36 INFO search-service Search query executed
2026-09-20 08:26:37 INFO payment-service Refund processed successfully
2026-09-20 08:26:38 INFO order-service Order status updated
2026-09-20 08:26:39 INFO redis-service Cache hit
2026-09-20 08:26:40 INFO auth-service Session created
2026-09-20 08:26:41 INFO scheduler-service Cron tick processed
2026-09-20 08:26:42 INFO scheduler-service Cron tick processed
2026-09-20 08:26:43 INFO worker-service Worker heartbeat OK
2026-09-20 08:26:44 ERROR database-service Connection timeout after 5000ms
2026-09-20 08:26:45 INFO notification-service SMS delivered
2026-09-20 08:26:46 INFO scheduler-service Cron tick processed
2026-09-20 08:26:47 INFO auth-service Token refreshed
2026-09-20 08:26:48 INFO monitoring-service Alert evaluated: no action
2026-09-20 08:26:49 INFO worker-service Worker heartbeat OK
2026-09-20 08:26:50 INFO scheduler-service Cron tick processed
2026-09-20 08:26:51 INFO notification-service Push notification sent
2026-09-20 08:26:52 INFO search-service Search query executed
2026-09-20 08:26:53 INFO inventory-service Inventory released
2026-09-20 08:26:54 INFO worker-service Job picked up
2026-09-20 08:26:55 INFO auth-service Session created
2026-09-20 08:26:56 INFO database-service Transaction committed
2026-09-20 08:26:57 INFO monitoring-service Health probe OK
2026-09-20 08:26:58 INFO redis-service Cache set
2026-09-20 08:26:59 INFO order-service Order shipped
2026-09-20 08:27:00 INFO user-service User created
2026-09-20 08:27:01 INFO database-service Connection acquired from pool
2026-09-20 08:27:02 ERROR database-service Connection timeout after 5000ms
2026-09-20 08:27:03 ERROR database-service Connection timeout after 5000ms
2026-09-20 08:27:04 INFO notification-service SMS delivered
2026-09-20 08:27:05 INFO auth-service Logout successful
2026-09-20 08:27:06 ERROR database-service Connection timeout after 5000ms
2026-09-20 08:27:07 INFO worker-service Job completed successfully
2026-09-20 08:27:08 INFO monitoring-service Metrics scraped
2026-09-20 08:27:09 INFO notification-service SMS delivered
2026-09-20 08:27:10 INFO inventory-service Stock level checked
2026-09-20 08:27:11 ERROR database-service Connection timeout after 5000ms
2026-09-20 08:27:12 INFO api-gateway Rate limit check passed
2026-09-20 08:27:13 INFO database-service Connection acquired from pool
2026-09-20 08:27:14 INFO database-service Index scan completed
2026-09-20 08:27:15 INFO user-service User profile fetched
2026-09-20 08:27:16 INFO api-gateway Health check OK
2026-09-20 08:27:17 INFO api-gateway Health check OK
2026-09-20 08:27:18 ERROR database-service Connection timeout after 5000ms
2026-09-20 08:27:19 INFO api-gateway Incoming request accepted
2026-09-20 08:27:20 INFO api-gateway TLS handshake completed
2026-09-20 08:27:21 ERROR database-service Connection timeout after 5000ms
2026-09-20 08:27:22 ERROR database-service Connection timeout after 5000ms
2026-09-20 08:27:23 INFO inventory-service Stock level checked
2026-09-20 08:27:24 INFO redis-service Key expired normally
2026-09-20 08:27:25 ERROR database-service Connection timeout after 5000ms
2026-09-20 08:27:26 INFO inventory-service Inventory reserved
2026-09-20 08:27:27 INFO monitoring-service Health probe OK
2026-09-20 08:27:28 INFO database-service Query executed successfully
2026-09-20 08:27:29 INFO api-gateway Incoming request accepted
2026-09-20 08:27:30 INFO search-service Query results returned
2026-09-20 08:27:31 INFO order-service Order created
2026-09-20 08:27:32 INFO database-service Index scan completed
2026-09-20 08:27:33 INFO notification-service Email queued
2026-09-20 08:27:34 INFO monitoring-service Alert evaluated: no action
2026-09-20 08:27:35 INFO worker-service Worker heartbeat OK
2026-09-20 08:27:36 INFO payment-service Refund processed successfully
2026-09-20 08:27:37 INFO auth-service Session created
2026-09-20 08:27:38 INFO order-service Order status updated
2026-09-20 08:27:39 INFO database-service Query executed successfully
2026-09-20 08:27:40 INFO monitoring-service Alert evaluated: no action
2026-09-20 08:27:41 ERROR database-service Connection timeout after 5000ms
2026-09-20 08:27:42 INFO inventory-service Stock level checked
2026-09-20 08:27:43 INFO database-service Index scan completed
2026-09-20 08:27:44 INFO monitoring-service Alert evaluated: no action
2026-09-20 08:27:45 INFO api-gateway Request routed successfully
2026-09-20 08:27:46 ERROR database-service Connection timeout after 5000ms
2026-09-20 08:27:47 INFO order-service Order shipped
2026-09-20 08:27:48 ERROR database-service Connection timeout after 5000ms
2026-09-20 08:27:49 INFO user-service User created
2026-09-20 08:27:50 INFO notification-service Email queued
2026-09-20 08:27:51 INFO redis-service Cache hit
2026-09-20 08:27:52 INFO inventory-service Inventory reserved
2026-09-20 08:27:53 INFO user-service User preferences updated
2026-09-20 08:27:54 INFO notification-service Email queued
2026-09-20 08:27:55 ERROR database-service Connection timeout after 5000ms
2026-09-20 08:27:56 INFO notification-service Email queued
2026-09-20 08:27:57 ERROR database-service Connection timeout after 5000ms
2026-09-20 08:27:58 INFO worker-service Job completed successfully
2026-09-20 08:27:59 ERROR database-service Connection timeout after 5000ms
2026-09-20 08:28:00 INFO user-service Profile cache warmed
2026-09-20 08:28:01 INFO redis-service Cache hit
2026-09-20 08:28:02 INFO notification-service SMS delivered
2026-09-20 08:28:03 INFO notification-service Email queued
2026-09-20 08:28:04 INFO search-service Search query executed
2026-09-20 08:28:05 INFO notification-service SMS delivered
2026-09-20 08:28:06 INFO api-gateway Rate limit check passed
2026-09-20 08:28:07 INFO monitoring-service Metrics scraped
2026-09-20 08:28:08 INFO search-service Query results returned
2026-09-20 08:28:09 INFO user-service User created
2026-09-20 08:28:10 INFO scheduler-service Cron tick processed
2026-09-20 08:28:11 ERROR database-service Connection timeout after 5000ms
2026-09-20 08:28:12 INFO payment-service Payment captured
2026-09-20 08:28:13 INFO auth-service Logout successful
2026-09-20 08:28:14 INFO scheduler-service Cron tick processed
2026-09-20 08:28:15 INFO notification-service SMS delivered
2026-09-20 08:28:16 INFO inventory-service Inventory reserved
2026-09-20 08:28:17 INFO database-service Transaction committed
2026-09-20 08:28:18 INFO payment-service Payment gateway responded 200
2026-09-20 08:28:19 INFO scheduler-service Scheduled job completed
2026-09-20 08:28:20 INFO api-gateway Response sent
2026-09-20 08:28:21 INFO search-service Search query executed
2026-09-20 08:28:22 INFO api-gateway Health check OK
2026-09-20 08:28:23 INFO order-service Order created
2026-09-20 08:28:24 INFO payment-service Refund processed successfully
2026-09-20 08:28:25 INFO payment-service Refund processed successfully
2026-09-20 08:28:26 INFO payment-service Payment authorized
2026-09-20 08:28:27 INFO user-service User preferences updated
2026-09-20 08:28:28 INFO order-service Order shipped
2026-09-20 08:28:29 INFO auth-service Logout successful
2026-09-20 08:28:30 ERROR database-service Connection timeout after 5000ms
2026-09-20 08:28:31 INFO user-service User preferences updated
2026-09-20 08:28:32 INFO notification-service Push notification sent
2026-09-20 08:28:33 INFO inventory-service Inventory released
2026-09-20 08:28:34 ERROR database-service Connection timeout after 5000ms
2026-09-20 08:28:35 INFO order-service Order status updated
2026-09-20 08:28:36 INFO monitoring-service Health probe OK
2026-09-20 08:28:37 INFO worker-service Worker heartbeat OK
2026-09-20 08:28:38 INFO payment-service Payment captured
2026-09-20 08:28:39 INFO search-service Search query executed
2026-09-20 08:28:40 INFO database-service Transaction committed
2026-09-20 08:28:41 INFO api-gateway TLS handshake completed
2026-09-20 08:28:42 INFO search-service Index refreshed
2026-09-20 08:28:43 INFO database-service Query executed successfully
2026-09-20 08:28:44 INFO worker-service Worker heartbeat OK
2026-09-20 08:28:45 INFO payment-service Payment authorized
2026-09-20 08:28:46 INFO api-gateway Incoming request accepted
2026-09-20 08:28:47 ERROR database-service Connection timeout after 5000ms
2026-09-20 08:28:48 INFO redis-service Cache set
2026-09-20 08:28:49 INFO order-service Order status updated
2026-09-20 08:28:50 ERROR database-service Connection timeout after 5000ms
2026-09-20 08:28:51 INFO notification-service Push notification sent
2026-09-20 08:28:52 INFO notification-service Push notification sent
2026-09-20 08:28:53 ERROR database-service Connection timeout after 5000ms
2026-09-20 08:28:54 INFO api-gateway TLS handshake completed
2026-09-20 08:28:55 INFO auth-service User authenticated successfully
2026-09-20 08:28:56 INFO scheduler-service Scheduled job completed
2026-09-20 08:28:57 INFO monitoring-service Alert evaluated: no action
2026-09-20 08:28:58 INFO monitoring-service Alert evaluated: no action
2026-09-20 08:28:59 INFO worker-service Job completed successfully
2026-09-20 08:29:00 INFO notification-service SMS delivered
2026-09-20 08:29:01 ERROR database-service Connection timeout after 5000ms
2026-09-20 08:29:02 INFO notification-service Email queued
2026-09-20 08:29:03 ERROR database-service Connection timeout after 5000ms
2026-09-20 08:29:04 INFO auth-service Token refreshed
2026-09-20 08:29:05 INFO search-service Index refreshed
2026-09-20 08:29:06 ERROR database-service Connection timeout after 5000ms
2026-09-20 08:29:07 INFO payment-service Refund processed successfully
2026-09-20 08:29:08 INFO auth-service Logout successful
2026-09-20 08:29:09 INFO api-gateway Health check OK
2026-09-20 08:29:10 INFO payment-service Payment captured
2026-09-20 08:29:11 INFO auth-service Logout successful
2026-09-20 08:29:12 INFO worker-service Job completed successfully
2026-09-20 08:29:13 INFO notification-service SMS delivered
2026-09-20 08:29:14 INFO inventory-service Stock level checked
2026-09-20 08:29:15 INFO redis-service Cache hit
2026-09-20 08:29:16 INFO monitoring-service Alert evaluated: no action
2026-09-20 08:29:17 ERROR database-service Connection timeout after 5000ms
2026-09-20 08:29:18 INFO scheduler-service Scheduled job completed
2026-09-20 08:29:19 INFO inventory-service Inventory released
2026-09-20 08:29:20 INFO api-gateway Request routed successfully
2026-09-20 08:29:21 INFO worker-service Job picked up
2026-09-20 08:29:22 INFO database-service Connection acquired from pool
2026-09-20 08:29:23 INFO database-service Query executed successfully
2026-09-20 08:29:24 INFO payment-service Payment authorized
2026-09-20 08:29:25 ERROR database-service Connection timeout after 5000ms
2026-09-20 08:29:26 INFO api-gateway Rate limit check passed
2026-09-20 08:29:27 INFO scheduler-service Cron tick processed
2026-09-20 08:29:28 INFO search-service Search query executed
2026-09-20 08:29:29 INFO worker-service Worker heartbeat OK
2026-09-20 08:29:30 INFO auth-service Session created
2026-09-20 08:29:31 INFO monitoring-service Alert evaluated: no action
2026-09-20 08:29:32 INFO monitoring-service Metrics scraped
2026-09-20 08:29:33 INFO order-service Order shipped
2026-09-20 08:29:34 INFO database-service Query executed successfully
2026-09-20 08:29:35 INFO auth-service Logout successful
2026-09-20 08:29:36 INFO auth-service User authenticated successfully
2026-09-20 08:29:37 INFO worker-service Job picked up
2026-09-20 08:29:38 INFO inventory-service Stock level checked
2026-09-20 08:29:39 ERROR database-service Connection timeout after 5000ms
2026-09-20 08:29:40 INFO user-service User profile fetched
2026-09-20 08:29:41 INFO order-service Order confirmed
2026-09-20 08:29:42 INFO payment-service Payment request received
2026-09-20 08:29:43 INFO order-service Order status updated
2026-09-20 08:29:44 INFO search-service Query results returned
2026-09-20 08:29:45 INFO scheduler-service Scheduled job started
2026-09-20 08:29:46 INFO search-service Query results returned
2026-09-20 08:29:47 INFO search-service Query results returned
2026-09-20 08:29:48 INFO worker-service Job picked up
2026-09-20 08:29:49 ERROR database-service Connection timeout after 5000ms
2026-09-20 08:29:50 INFO auth-service User authenticated successfully
2026-09-20 08:29:51 INFO api-gateway Rate limit check passed
2026-09-20 08:29:52 INFO search-service Index refreshed
2026-09-20 08:29:53 INFO order-service Order confirmed
2026-09-20 08:29:54 INFO auth-service Logout successful
2026-09-20 08:29:55 INFO worker-service Job picked up
2026-09-20 08:29:56 INFO search-service Query results returned
2026-09-20 08:29:57 INFO user-service Profile cache warmed
2026-09-20 08:29:58 INFO redis-service Key expired normally
2026-09-20 08:29:59 INFO api-gateway Incoming request accepted
2026-09-20 08:30:00 INFO payment-service Payment captured
2026-09-20 08:30:01 INFO redis-service Cache warmed
2026-09-20 08:30:02 INFO order-service Order confirmed
2026-09-20 08:30:03 INFO api-gateway Request routed successfully
2026-09-20 08:30:04 INFO api-gateway Request routed successfully
2026-09-20 08:30:05 INFO database-service Query executed successfully
2026-09-20 08:30:06 INFO notification-service SMS delivered
2026-09-20 08:30:07 INFO scheduler-service Cron tick processed
2026-09-20 08:30:08 INFO auth-service Logout successful
2026-09-20 08:30:09 ERROR database-service Connection timeout after 5000ms
2026-09-20 08:30:10 INFO payment-service Payment request received
2026-09-20 08:30:11 INFO redis-service Cache hit
2026-09-20 08:30:12 ERROR database-service Connection timeout after 5000ms
2026-09-20 08:30:13 INFO monitoring-service Metrics scraped
2026-09-20 08:30:14 INFO database-service Connection acquired from pool
2026-09-20 08:30:15 INFO redis-service Cache hit
2026-09-20 08:30:16 INFO database-service Transaction committed
2026-09-20 08:30:17 INFO worker-service Worker heartbeat OK
2026-09-20 08:30:18 ERROR database-service Connection timeout after 5000ms
2026-09-20 08:30:19 INFO payment-service Payment gateway responded 200
2026-09-20 08:30:20 INFO redis-service Cache hit
2026-09-20 08:30:21 INFO inventory-service Inventory released
2026-09-20 08:30:22 ERROR database-service Connection timeout after 5000ms
2026-09-20 08:30:23 INFO inventory-service Inventory reserved
2026-09-20 08:30:24 INFO api-gateway Request routed successfully
2026-09-20 08:30:25 INFO notification-service SMS delivered
2026-09-20 08:30:26 INFO payment-service Refund processed successfully
2026-09-20 08:30:27 ERROR database-service Connection timeout after 5000ms
2026-09-20 08:30:28 ERROR database-service Connection timeout after 5000ms
2026-09-20 08:30:29 INFO inventory-service Stock level checked
2026-09-20 08:30:30 INFO search-service Index refreshed
2026-09-20 08:30:31 INFO user-service User profile fetched
2026-09-20 08:30:32 INFO worker-service Worker heartbeat OK
2026-09-20 08:30:33 INFO payment-service Payment gateway responded 200
2026-09-20 08:30:34 INFO redis-service Cache hit
2026-09-20 08:30:35 INFO monitoring-service Alert evaluated: no action
2026-09-20 08:30:36 INFO worker-service Job picked up
2026-09-20 08:30:37 INFO search-service Search query executed
2026-09-20 08:30:38 INFO user-service User profile fetched
2026-09-20 08:30:39 INFO order-service Order shipped
2026-09-20 08:30:40 INFO auth-service Logout successful
2026-09-20 08:30:41 INFO monitoring-service Alert evaluated: no action
2026-09-20 08:30:42 INFO notification-service SMS delivered
2026-09-20 08:30:43 ERROR database-service Connection timeout after 5000ms
2026-09-20 08:30:44 INFO monitoring-service Metrics scraped
2026-09-20 08:30:45 ERROR database-service Connection timeout after 5000ms
2026-09-20 08:30:46 INFO api-gateway TLS handshake completed
2026-09-20 08:30:47 ERROR database-service Connection timeout after 5000ms
2026-09-20 08:30:48 INFO search-service Search query executed
2026-09-20 08:30:49 ERROR database-service Connection timeout after 5000ms
2026-09-20 08:30:50 INFO database-service Connection acquired from pool
2026-09-20 08:30:51 INFO scheduler-service Scheduled job completed
2026-09-20 08:30:52 INFO inventory-service Inventory released
2026-09-20 08:30:53 INFO database-service Query executed successfully
2026-09-20 08:30:54 INFO inventory-service Inventory reserved
2026-09-20 08:30:55 INFO api-gateway Health check OK
2026-09-20 08:30:56 INFO worker-service Job picked up
2026-09-20 08:30:57 INFO monitoring-service Health probe OK
2026-09-20 08:30:58 ERROR database-service Connection timeout after 5000ms
2026-09-20 08:30:59 INFO database-service Connection acquired from pool
2026-09-20 08:31:00 INFO auth-service Session created
2026-09-20 08:31:01 INFO search-service Query results returned
2026-09-20 08:31:02 ERROR database-service Connection timeout after 5000ms
2026-09-20 08:31:03 INFO inventory-service Inventory released
2026-09-20 08:31:04 INFO payment-service Payment authorized
2026-09-20 08:31:05 INFO scheduler-service Scheduled job completed
2026-09-20 08:31:06 ERROR database-service Connection timeout after 5000ms
2026-09-20 08:31:07 INFO api-gateway Response sent
2026-09-20 08:31:08 INFO search-service Search query executed
2026-09-20 08:31:09 INFO search-service Query results returned
2026-09-20 08:31:10 INFO scheduler-service Scheduled job completed
2026-09-20 08:31:11 INFO notification-service Email queued
2026-09-20 08:31:12 INFO payment-service Payment request received
2026-09-20 08:31:13 ERROR database-service Connection timeout after 5000ms
2026-09-20 08:31:14 INFO redis-service Cache hit
2026-09-20 08:31:15 INFO scheduler-service Scheduled job started
2026-09-20 08:31:16 ERROR database-service Connection timeout after 5000ms
2026-09-20 08:31:17 INFO auth-service User authenticated successfully
2026-09-20 08:31:18 INFO order-service Order shipped
2026-09-20 08:31:19 INFO search-service Search query executed
2026-09-20 08:31:20 INFO search-service Index refreshed
2026-09-20 08:31:21 INFO notification-service Email queued
2026-09-20 08:31:22 INFO order-service Order shipped
2026-09-20 08:31:23 INFO scheduler-service Scheduled job completed
2026-09-20 08:31:24 INFO redis-service Cache hit
2026-09-20 08:31:25 INFO notification-service Email queued
2026-09-20 08:31:26 INFO scheduler-service Cron tick processed
2026-09-20 08:31:27 ERROR database-service Connection timeout after 5000ms
2026-09-20 08:31:28 INFO database-service Connection acquired from pool
2026-09-20 08:31:29 INFO database-service Transaction committed
2026-09-20 08:31:30 INFO monitoring-service Metrics scraped
2026-09-20 08:31:31 INFO inventory-service Stock level checked
2026-09-20 08:31:32 INFO scheduler-service Scheduled job started
2026-09-20 08:31:33 INFO monitoring-service Health probe OK
2026-09-20 08:31:34 INFO redis-service Cache set
2026-09-20 08:31:35 INFO notification-service SMS delivered
2026-09-20 08:31:36 INFO payment-service Payment captured
2026-09-20 08:31:37 INFO scheduler-service Scheduled job completed
2026-09-20 08:31:38 INFO monitoring-service Health probe OK
2026-09-20 08:31:39 INFO database-service Transaction committed
2026-09-20 08:31:40 INFO payment-service Payment request received
2026-09-20 08:31:41 INFO auth-service Session created
2026-09-20 08:31:42 INFO redis-service Cache warmed
2026-09-20 08:31:43 INFO auth-service Session created
2026-09-20 08:31:44 INFO payment-service Payment captured
2026-09-20 08:31:45 INFO payment-service Payment authorized
2026-09-20 08:31:46 INFO inventory-service Stock level checked
2026-09-20 08:31:47 INFO worker-service Job completed successfully
2026-09-20 08:31:48 INFO monitoring-service Alert evaluated: no action
2026-09-20 08:31:49 INFO search-service Index refreshed
2026-09-20 08:31:50 INFO order-service Order created
2026-09-20 08:31:51 ERROR database-service Connection timeout after 5000ms
2026-09-20 08:31:52 INFO inventory-service Inventory released
2026-09-20 08:31:53 INFO notification-service SMS delivered
2026-09-20 08:31:54 INFO order-service Order confirmed
2026-09-20 08:31:55 INFO auth-service Token refreshed
2026-09-20 08:31:56 INFO monitoring-service Metrics scraped
2026-09-20 08:31:57 INFO user-service User preferences updated
2026-09-20 08:31:58 INFO auth-service Token issued
2026-09-20 08:31:59 ERROR database-service Connection timeout after 5000ms
2026-09-20 08:32:00 INFO search-service Query results returned
2026-09-20 08:32:01 ERROR database-service Connection timeout after 5000ms
2026-09-20 08:32:02 INFO scheduler-service Cron tick processed
2026-09-20 08:32:03 INFO search-service Index refreshed
2026-09-20 08:32:04 ERROR database-service Connection timeout after 5000ms
2026-09-20 08:32:05 INFO inventory-service Stock level checked
2026-09-20 08:32:06 ERROR database-service Connection timeout after 5000ms
2026-09-20 08:32:07 ERROR database-service Connection timeout after 5000ms
2026-09-20 08:32:08 INFO user-service User created
2026-09-20 08:32:09 ERROR database-service Connection timeout after 5000ms
2026-09-20 08:32:10 INFO worker-service Worker heartbeat OK
2026-09-20 08:32:11 INFO api-gateway Response sent
2026-09-20 08:32:12 INFO payment-service Refund processed successfully
2026-09-20 08:32:13 INFO scheduler-service Scheduled job completed
2026-09-20 08:32:14 INFO payment-service Payment gateway responded 200
2026-09-20 08:32:15 INFO redis-service Cache set
2026-09-20 08:32:16 ERROR database-service Connection timeout after 5000ms
2026-09-20 08:32:17 INFO payment-service Payment request received
2026-09-20 08:32:18 ERROR database-service Connection timeout after 5000ms
2026-09-20 08:32:19 INFO scheduler-service Cron tick processed
2026-09-20 08:32:20 INFO worker-service Job picked up
2026-09-20 08:32:21 INFO search-service Search query executed
2026-09-20 08:32:22 ERROR database-service Connection timeout after 5000ms
2026-09-20 08:32:23 INFO search-service Search query executed
2026-09-20 08:32:24 INFO scheduler-service Scheduled job completed
2026-09-20 08:32:25 INFO monitoring-service Health probe OK
2026-09-20 08:32:26 INFO auth-service Logout successful
2026-09-20 08:32:27 INFO order-service Order status updated
2026-09-20 08:32:28 INFO user-service User profile fetched
2026-09-20 08:32:29 INFO database-service Connection acquired from pool
2026-09-20 08:32:30 ERROR database-service Connection timeout after 5000ms
2026-09-20 08:32:31 INFO database-service Connection acquired from pool
2026-09-20 08:32:32 ERROR database-service Connection timeout after 5000ms
2026-09-20 08:32:33 INFO worker-service Job picked up
2026-09-20 08:32:34 INFO monitoring-service Metrics scraped
2026-09-20 08:32:35 INFO api-gateway Incoming request accepted
2026-09-20 08:32:36 INFO worker-service Job completed successfully
2026-09-20 08:32:37 INFO notification-service Push notification sent
2026-09-20 08:32:38 INFO database-service Connection acquired from pool
2026-09-20 08:32:39 INFO worker-service Job completed successfully
2026-09-20 08:32:40 INFO user-service User created
2026-09-20 08:32:41 INFO scheduler-service Scheduled job completed
2026-09-20 08:32:42 INFO payment-service Payment request received
2026-09-20 08:32:43 INFO inventory-service Inventory reserved
2026-09-20 08:32:44 INFO auth-service Token refreshed
2026-09-20 08:32:45 INFO database-service Transaction committed
2026-09-20 08:32:46 INFO monitoring-service Health probe OK
2026-09-20 08:32:47 INFO user-service User profile fetched
2026-09-20 08:32:48 INFO redis-service Cache hit
2026-09-20 08:32:49 INFO inventory-service Inventory reserved
2026-09-20 08:32:50 ERROR database-service Connection timeout after 5000ms
2026-09-20 08:32:51 INFO auth-service Token issued
2026-09-20 08:32:52 INFO worker-service Worker heartbeat OK
2026-09-20 08:32:53 ERROR database-service Connection timeout after 5000ms
2026-09-20 08:32:54 INFO scheduler-service Scheduled job completed
2026-09-20 08:32:55 INFO api-gateway Response sent
2026-09-20 08:32:56 INFO notification-service SMS delivered
2026-09-20 08:32:57 INFO database-service Transaction committed
2026-09-20 08:32:58 ERROR database-service Connection timeout after 5000ms
2026-09-20 08:32:59 ERROR database-service Connection timeout after 5000ms
2026-09-20 08:33:00 INFO redis-service Cache hit
2026-09-20 08:33:01 INFO payment-service Payment gateway responded 200
2026-09-20 08:33:02 INFO search-service Query results returned
2026-09-20 08:33:03 INFO monitoring-service Health probe OK
2026-09-20 08:33:04 INFO api-gateway Response sent
2026-09-20 08:33:05 INFO redis-service Cache hit
2026-09-20 08:33:06 INFO scheduler-service Scheduled job started
2026-09-20 08:33:07 INFO scheduler-service Scheduled job started
2026-09-20 08:33:08 ERROR database-service Connection timeout after 5000ms
2026-09-20 08:33:09 INFO auth-service Session created
2026-09-20 08:33:10 INFO api-gateway Incoming request accepted
2026-09-20 08:33:11 INFO user-service Profile cache warmed
2026-09-20 08:33:12 ERROR database-service Connection timeout after 5000ms
2026-09-20 08:33:13 INFO user-service User preferences updated
2026-09-20 08:33:14 ERROR database-service Connection timeout after 5000ms
2026-09-20 08:33:15 ERROR database-service Connection timeout after 5000ms
2026-09-20 08:33:16 INFO notification-service Email queued
2026-09-20 08:33:17 INFO auth-service Token issued
2026-09-20 08:33:18 INFO worker-service Worker heartbeat OK
2026-09-20 08:33:19 INFO worker-service Worker heartbeat OK
2026-09-20 08:33:20 INFO search-service Index refreshed
2026-09-20 08:33:21 INFO payment-service Payment request received
2026-09-20 08:33:22 INFO user-service User profile fetched
2026-09-20 08:33:23 INFO notification-service Push notification sent
2026-09-20 08:33:24 ERROR database-service Connection timeout after 5000ms
2026-09-20 08:33:25 INFO search-service Query results returned
2026-09-20 08:33:26 INFO payment-service Payment gateway responded 200
2026-09-20 08:33:27 INFO notification-service SMS delivered
2026-09-20 08:33:28 INFO payment-service Refund processed successfully
2026-09-20 08:33:29 INFO notification-service Push notification sent
2026-09-20 08:33:30 ERROR database-service Connection timeout after 5000ms
2026-09-20 08:33:31 INFO notification-service SMS delivered
2026-09-20 08:33:32 INFO worker-service Worker heartbeat OK
2026-09-20 08:33:33 INFO database-service Query executed successfully
2026-09-20 08:33:34 ERROR database-service Connection timeout after 5000ms
2026-09-20 08:33:35 INFO auth-service User authenticated successfully
2026-09-20 08:33:36 INFO auth-service Session created
2026-09-20 08:33:37 ERROR database-service Connection timeout after 5000ms
2026-09-20 08:33:38 INFO auth-service User authenticated successfully
2026-09-20 08:33:39 INFO payment-service Payment gateway responded 200
2026-09-20 08:33:40 INFO worker-service Job picked up
2026-09-20 08:33:41 INFO notification-service Email queued
2026-09-20 08:33:42 INFO payment-service Refund processed successfully
2026-09-20 08:33:43 INFO order-service Order confirmed
2026-09-20 08:33:44 INFO order-service Order confirmed
2026-09-20 08:33:45 INFO redis-service Cache warmed
2026-09-20 08:33:46 INFO database-service Transaction committed
2026-09-20 08:33:47 ERROR database-service Connection timeout after 5000ms
2026-09-20 08:33:48 INFO inventory-service Inventory released
2026-09-20 08:33:49 ERROR database-service Connection timeout after 5000ms
2026-09-20 08:33:50 ERROR database-service Connection timeout after 5000ms
2026-09-20 08:33:51 ERROR database-service Connection timeout after 5000ms
2026-09-20 08:33:52 INFO redis-service Cache warmed
2026-09-20 08:33:53 INFO database-service Query executed successfully
2026-09-20 08:33:54 ERROR database-service Connection timeout after 5000ms
2026-09-20 08:33:55 INFO worker-service Worker heartbeat OK
2026-09-20 08:33:56 INFO payment-service Payment captured
2026-09-20 08:33:57 INFO search-service Query results returned
2026-09-20 08:33:58 INFO monitoring-service Health probe OK
2026-09-20 08:33:59 INFO payment-service Payment authorized
2026-09-20 08:34:00 INFO search-service Query results returned
2026-09-20 08:34:01 INFO scheduler-service Cron tick processed
2026-09-20 08:34:02 INFO payment-service Payment gateway responded 200
2026-09-20 08:34:03 INFO scheduler-service Cron tick processed
2026-09-20 08:34:04 INFO notification-service SMS delivered
2026-09-20 08:34:05 INFO order-service Order confirmed
2026-09-20 08:34:06 ERROR database-service Connection timeout after 5000ms
2026-09-20 08:34:07 ERROR database-service Connection timeout after 5000ms
2026-09-20 08:34:08 INFO auth-service Session created
2026-09-20 08:34:09 ERROR database-service Connection timeout after 5000ms
2026-09-20 08:34:10 ERROR database-service Connection timeout after 5000ms
2026-09-20 08:34:11 INFO scheduler-service Scheduled job started
2026-09-20 08:34:12 INFO auth-service Session created
2026-09-20 08:34:13 INFO notification-service SMS delivered
2026-09-20 08:34:14 INFO user-service User preferences updated
2026-09-20 08:34:15 INFO notification-service SMS delivered
2026-09-20 08:34:16 INFO database-service Connection acquired from pool
2026-09-20 08:34:17 INFO auth-service Session created
2026-09-20 08:34:18 INFO order-service Order confirmed
2026-09-20 08:34:19 INFO notification-service Push notification sent
2026-09-20 08:34:20 INFO api-gateway Request routed successfully
2026-09-20 08:34:21 INFO auth-service Token issued
2026-09-20 08:34:22 INFO auth-service Session created
2026-09-20 08:34:23 INFO worker-service Job completed successfully
2026-09-20 08:34:24 INFO api-gateway Incoming request accepted
2026-09-20 08:34:25 ERROR database-service Connection timeout after 5000ms
2026-09-20 08:34:26 INFO scheduler-service Scheduled job completed
2026-09-20 08:34:27 ERROR database-service Connection timeout after 5000ms
2026-09-20 08:34:28 INFO notification-service Push notification sent
2026-09-20 08:34:29 INFO redis-service Key expired normally
2026-09-20 08:34:30 INFO api-gateway TLS handshake completed
2026-09-20 08:34:31 INFO order-service Order created
2026-09-20 08:34:32 INFO scheduler-service Scheduled job started
2026-09-20 08:34:33 INFO notification-service Email queued
2026-09-20 08:34:34 INFO search-service Query results returned
2026-09-20 08:34:35 INFO auth-service Logout successful
2026-09-20 08:34:36 INFO payment-service Payment authorized
2026-09-20 08:34:37 INFO inventory-service Inventory reserved
2026-09-20 08:34:38 ERROR database-service Connection timeout after 5000ms
2026-09-20 08:34:39 INFO payment-service Payment captured
2026-09-20 08:34:40 INFO api-gateway Incoming request accepted
2026-09-20 08:34:41 INFO api-gateway Incoming request accepted
2026-09-20 08:34:42 INFO search-service Query results returned
2026-09-20 08:34:43 INFO api-gateway Health check OK
2026-09-20 08:34:44 INFO user-service User preferences updated
2026-09-20 08:34:45 INFO user-service Profile cache warmed
2026-09-20 08:34:46 INFO inventory-service Inventory released
2026-09-20 08:34:47 INFO order-service Order confirmed
2026-09-20 08:34:48 INFO auth-service Session created
2026-09-20 08:34:49 ERROR database-service Connection timeout after 5000ms
2026-09-20 08:34:50 INFO redis-service Key expired normally
2026-09-20 08:34:51 INFO scheduler-service Scheduled job started
2026-09-20 08:34:52 INFO api-gateway Incoming request accepted
2026-09-20 08:34:53 INFO redis-service Cache set
2026-09-20 08:34:54 INFO inventory-service Inventory released
2026-09-20 08:34:55 INFO order-service Order shipped
2026-09-20 08:34:56 INFO scheduler-service Scheduled job started
2026-09-20 08:34:57 INFO user-service User profile fetched
2026-09-20 08:34:58 INFO monitoring-service Metrics scraped
2026-09-20 08:34:59 ERROR database-service Connection timeout after 5000ms
2026-09-20 08:35:00 INFO order-service Order created
2026-09-20 08:35:01 INFO notification-service Push notification sent
2026-09-20 08:35:02 INFO payment-service Payment captured
2026-09-20 08:35:03 INFO database-service Transaction committed
2026-09-20 08:35:04 INFO order-service Order created
2026-09-20 08:35:05 INFO database-service Transaction committed
2026-09-20 08:35:06 INFO inventory-service Inventory released
2026-09-20 08:35:07 INFO worker-service Job completed successfully
2026-09-20 08:35:08 INFO api-gateway Incoming request accepted
2026-09-20 08:35:09 INFO notification-service Push notification sent
2026-09-20 08:35:10 INFO notification-service SMS delivered
2026-09-20 08:35:11 INFO monitoring-service Alert evaluated: no action
2026-09-20 08:35:12 INFO order-service Order created
2026-09-20 08:35:13 INFO order-service Order confirmed
2026-09-20 08:35:14 INFO scheduler-service Scheduled job started
2026-09-20 08:35:15 INFO monitoring-service Metrics scraped
2026-09-20 08:35:16 INFO order-service Order shipped
2026-09-20 08:35:17 ERROR database-service Connection timeout after 5000ms
2026-09-20 08:35:18 INFO scheduler-service Scheduled job completed
2026-09-20 08:35:19 ERROR database-service Connection timeout after 5000ms
2026-09-20 08:35:20 INFO scheduler-service Scheduled job started
2026-09-20 08:35:21 INFO worker-service Job completed successfully
2026-09-20 08:35:22 INFO notification-service Push notification sent
2026-09-20 08:35:23 INFO search-service Search query executed
2026-09-20 08:35:24 INFO auth-service Token refreshed
2026-09-20 08:35:25 INFO order-service Order created
2026-09-20 08:35:26 INFO monitoring-service Alert evaluated: no action
2026-09-20 08:35:27 INFO payment-service Payment captured
2026-09-20 08:35:28 INFO scheduler-service Scheduled job started
2026-09-20 08:35:29 INFO scheduler-service Scheduled job completed
2026-09-20 08:35:30 INFO scheduler-service Cron tick processed
2026-09-20 08:35:31 INFO notification-service Email queued
2026-09-20 08:35:32 INFO search-service Search query executed
2026-09-20 08:35:33 INFO payment-service Payment request received
2026-09-20 08:35:34 INFO user-service Profile cache warmed
2026-09-20 08:35:35 INFO monitoring-service Health probe OK
2026-09-20 08:35:36 INFO payment-service Payment authorized
2026-09-20 08:35:37 INFO scheduler-service Cron tick processed
2026-09-20 08:35:38 INFO database-service Query executed successfully
2026-09-20 08:35:39 INFO order-service Order shipped
2026-09-20 08:35:40 INFO monitoring-service Metrics scraped
2026-09-20 08:35:41 INFO search-service Index refreshed
2026-09-20 08:35:42 INFO user-service User profile fetched
2026-09-20 08:35:43 INFO redis-service Cache hit
2026-09-20 08:35:44 INFO notification-service Email queued
2026-09-20 08:35:45 INFO redis-service Cache set
2026-09-20 08:35:46 INFO scheduler-service Scheduled job completed
2026-09-20 08:35:47 INFO payment-service Payment captured
2026-09-20 08:35:48 INFO api-gateway Response sent
2026-09-20 08:35:49 INFO payment-service Payment gateway responded 200
2026-09-20 08:35:50 ERROR database-service Connection timeout after 5000ms
2026-09-20 08:35:51 INFO scheduler-service Scheduled job started
2026-09-20 08:35:52 INFO monitoring-service Alert evaluated: no action
2026-09-20 08:35:53 INFO inventory-service Stock level checked
2026-09-20 08:35:54 INFO user-service User preferences updated
2026-09-20 08:35:55 INFO order-service Order created
2026-09-20 08:35:56 INFO notification-service Push notification sent
2026-09-20 08:35:57 INFO auth-service User authenticated successfully
2026-09-20 08:35:58 INFO inventory-service Inventory reserved
2026-09-20 08:35:59 INFO monitoring-service Metrics scraped
2026-09-20 08:36:00 INFO monitoring-service Alert evaluated: no action
2026-09-20 08:36:01 ERROR database-service Connection timeout after 5000ms
2026-09-20 08:36:02 INFO redis-service Key expired normally
2026-09-20 08:36:03 INFO payment-service Payment request received
2026-09-20 08:36:04 INFO scheduler-service Scheduled job started
2026-09-20 08:36:05 INFO api-gateway Request routed successfully
2026-09-20 08:36:06 INFO auth-service Session created
2026-09-20 08:36:07 INFO inventory-service Inventory reserved
2026-09-20 08:36:08 INFO order-service Order confirmed
2026-09-20 08:36:09 INFO scheduler-service Scheduled job completed
2026-09-20 08:36:10 INFO payment-service Payment captured
2026-09-20 08:36:11 ERROR database-service Connection timeout after 5000ms
2026-09-20 08:36:12 ERROR database-service Connection timeout after 5000ms
2026-09-20 08:36:13 INFO auth-service Logout successful
2026-09-20 08:36:14 INFO notification-service Push notification sent
2026-09-20 08:36:15 INFO redis-service Cache hit
2026-09-20 08:36:16 INFO search-service Search query executed
2026-09-20 08:36:17 INFO order-service Order shipped
2026-09-20 08:36:18 INFO api-gateway Rate limit check passed
2026-09-20 08:36:19 INFO payment-service Payment gateway responded 200
2026-09-20 08:36:20 INFO order-service Order status updated
2026-09-20 08:36:21 INFO payment-service Payment authorized
2026-09-20 08:36:22 INFO monitoring-service Alert evaluated: no action
2026-09-20 08:36:23 ERROR database-service Connection timeout after 5000ms
2026-09-20 08:36:24 ERROR database-service Connection timeout after 5000ms
2026-09-20 08:36:25 INFO order-service Order shipped
2026-09-20 08:36:26 INFO notification-service Email queued
2026-09-20 08:36:27 INFO redis-service Cache hit
2026-09-20 08:36:28 INFO inventory-service Inventory reserved
2026-09-20 08:36:29 INFO redis-service Key expired normally
2026-09-20 08:36:30 INFO search-service Query results returned
2026-09-20 08:36:31 INFO monitoring-service Alert evaluated: no action
2026-09-20 08:36:32 INFO database-service Transaction committed
2026-09-20 08:36:33 INFO auth-service Session created
2026-09-20 08:36:34 INFO monitoring-service Health probe OK
2026-09-20 08:36:35 ERROR database-service Connection timeout after 5000ms
2026-09-20 08:36:36 ERROR database-service Connection timeout after 5000ms
2026-09-20 08:36:37 INFO redis-service Key expired normally
2026-09-20 08:36:38 INFO user-service User preferences updated
2026-09-20 08:36:39 INFO api-gateway TLS handshake completed
2026-09-20 08:36:40 INFO redis-service Cache hit
2026-09-20 08:36:41 INFO notification-service Email queued
2026-09-20 08:36:42 INFO search-service Index refreshed
2026-09-20 08:36:43 INFO worker-service Job picked up
2026-09-20 08:36:44 INFO inventory-service Inventory released
2026-09-20 08:36:45 INFO scheduler-service Cron tick processed
2026-09-20 08:36:46 INFO user-service Profile cache warmed
2026-09-20 08:36:47 ERROR database-service Connection timeout after 5000ms
2026-09-20 08:36:48 INFO api-gateway Request routed successfully
2026-09-20 08:36:49 INFO order-service Order confirmed
2026-09-20 08:36:50 ERROR database-service Connection timeout after 5000ms
2026-09-20 08:36:51 INFO api-gateway Response sent
2026-09-20 08:36:52 INFO search-service Query results returned
2026-09-20 08:36:53 INFO api-gateway Request routed successfully
2026-09-20 08:36:54 INFO database-service Index scan completed
2026-09-20 08:36:55 INFO inventory-service Inventory reserved
2026-09-20 08:36:56 INFO inventory-service Inventory reserved
2026-09-20 08:36:57 INFO inventory-service Inventory reserved
2026-09-20 08:36:58 ERROR database-service Connection timeout after 5000ms
2026-09-20 08:36:59 INFO search-service Query results returned
2026-09-20 08:37:00 INFO notification-service Push notification sent
2026-09-20 08:37:01 INFO scheduler-service Cron tick processed
2026-09-20 08:37:02 ERROR database-service Connection timeout after 5000ms
2026-09-20 08:37:03 INFO inventory-service Inventory reserved
2026-09-20 08:37:04 INFO inventory-service Inventory released
2026-09-20 08:37:05 INFO worker-service Worker heartbeat OK
2026-09-20 08:37:06 ERROR database-service Connection timeout after 5000ms
2026-09-20 08:37:07 INFO search-service Query results returned
2026-09-20 08:37:08 INFO api-gateway Response sent
2026-09-20 08:37:09 INFO search-service Search query executed
2026-09-20 08:37:10 INFO api-gateway Health check OK
2026-09-20 08:37:11 INFO notification-service Push notification sent
2026-09-20 08:37:12 INFO auth-service Token refreshed
2026-09-20 08:37:13 INFO api-gateway Health check OK
2026-09-20 08:37:14 ERROR database-service Connection timeout after 5000ms
2026-09-20 08:37:15 INFO api-gateway Response sent
2026-09-20 08:37:16 INFO api-gateway Health check OK
2026-09-20 08:37:17 INFO auth-service Token refreshed
2026-09-20 08:37:18 INFO database-service Index scan completed
2026-09-20 08:37:19 INFO scheduler-service Scheduled job completed
2026-09-20 08:37:20 INFO redis-service Cache warmed
2026-09-20 08:37:21 INFO notification-service Push notification sent
2026-09-20 08:37:22 ERROR database-service Connection timeout after 5000ms
2026-09-20 08:37:23 INFO search-service Query results returned
2026-09-20 08:37:24 INFO api-gateway Incoming request accepted
2026-09-20 08:37:25 INFO search-service Query results returned
2026-09-20 08:37:26 INFO database-service Connection acquired from pool
2026-09-20 08:37:27 INFO monitoring-service Alert evaluated: no action
2026-09-20 08:37:28 INFO payment-service Payment captured
2026-09-20 08:37:29 INFO database-service Query executed successfully
2026-09-20 08:37:30 INFO order-service Order confirmed
2026-09-20 08:37:31 INFO monitoring-service Alert evaluated: no action
2026-09-20 08:37:32 ERROR database-service Connection timeout after 5000ms
2026-09-20 08:37:33 INFO payment-service Payment request received
2026-09-20 08:37:34 ERROR database-service Connection timeout after 5000ms
2026-09-20 08:37:35 INFO inventory-service Inventory reserved
2026-09-20 08:37:36 INFO api-gateway Rate limit check passed
2026-09-20 08:37:37 INFO user-service User preferences updated
2026-09-20 08:37:38 INFO worker-service Job completed successfully
2026-09-20 08:37:39 INFO order-service Order confirmed
2026-09-20 08:37:40 INFO order-service Order status updated
2026-09-20 08:37:41 INFO notification-service Email queued
2026-09-20 08:37:42 INFO redis-service Key expired normally
2026-09-20 08:37:43 INFO search-service Query results returned
2026-09-20 08:37:44 INFO redis-service Cache warmed
2026-09-20 08:37:45 INFO notification-service SMS delivered
2026-09-20 08:37:46 INFO user-service User created
2026-09-20 08:37:47 INFO payment-service Payment request received
2026-09-20 08:37:48 INFO auth-service Token refreshed
2026-09-20 08:37:49 INFO monitoring-service Metrics scraped
2026-09-20 08:37:50 INFO inventory-service Stock level checked
2026-09-20 08:37:51 INFO order-service Order confirmed
2026-09-20 08:37:52 INFO api-gateway Rate limit check passed
2026-09-20 08:37:53 INFO monitoring-service Alert evaluated: no action
2026-09-20 08:37:54 INFO notification-service Push notification sent
2026-09-20 08:37:55 ERROR database-service Connection timeout after 5000ms
2026-09-20 08:37:56 INFO notification-service SMS delivered
2026-09-20 08:37:57 INFO auth-service Token refreshed
2026-09-20 08:37:58 INFO user-service User preferences updated
2026-09-20 08:37:59 ERROR database-service Connection timeout after 5000ms
2026-09-20 08:38:00 INFO worker-service Job picked up
2026-09-20 08:38:01 INFO auth-service Token refreshed
2026-09-20 08:38:02 INFO payment-service Payment request received
2026-09-20 08:38:03 INFO payment-service Payment captured
2026-09-20 08:38:04 INFO user-service Profile cache warmed
2026-09-20 08:38:05 INFO user-service User profile fetched
2026-09-20 08:38:06 INFO monitoring-service Health probe OK
2026-09-20 08:38:07 INFO monitoring-service Metrics scraped
2026-09-20 08:38:08 ERROR database-service Connection timeout after 5000ms
2026-09-20 08:38:09 ERROR database-service Connection timeout after 5000ms
2026-09-20 08:38:10 INFO monitoring-service Alert evaluated: no action
2026-09-20 08:38:11 INFO auth-service Session created
2026-09-20 08:38:12 INFO user-service Profile cache warmed
2026-09-20 08:38:13 ERROR database-service Connection timeout after 5000ms
2026-09-20 08:38:14 INFO api-gateway Incoming request accepted
2026-09-20 08:38:15 INFO search-service Query results returned
2026-09-20 08:38:16 INFO payment-service Payment authorized
2026-09-20 08:38:17 ERROR database-service Connection timeout after 5000ms
2026-09-20 08:38:18 INFO worker-service Worker heartbeat OK
2026-09-20 08:38:19 INFO monitoring-service Alert evaluated: no action
2026-09-20 08:38:20 INFO monitoring-service Health probe OK
2026-09-20 08:38:21 INFO search-service Index refreshed
2026-09-20 08:38:22 ERROR database-service Connection timeout after 5000ms
2026-09-20 08:38:23 INFO worker-service Job completed successfully
2026-09-20 08:38:24 INFO notification-service Push notification sent
2026-09-20 08:38:25 INFO user-service Profile cache warmed
2026-09-20 08:38:26 INFO database-service Query executed successfully
2026-09-20 08:38:27 INFO order-service Order confirmed
2026-09-20 08:38:28 ERROR database-service Connection timeout after 5000ms
2026-09-20 08:38:29 INFO redis-service Key expired normally
2026-09-20 08:38:30 ERROR database-service Connection timeout after 5000ms
2026-09-20 08:38:31 ERROR database-service Connection timeout after 5000ms
2026-09-20 08:38:32 INFO auth-service User authenticated successfully
2026-09-20 08:38:33 INFO payment-service Payment captured
2026-09-20 08:38:34 INFO scheduler-service Scheduled job started
2026-09-20 08:38:35 INFO payment-service Payment captured
2026-09-20 08:38:36 INFO order-service Order created
2026-09-20 08:38:37 INFO database-service Transaction committed
2026-09-20 08:38:38 ERROR database-service Connection timeout after 5000ms
2026-09-20 08:38:39 INFO order-service Order confirmed
2026-09-20 08:38:40 INFO inventory-service Inventory released
